ProjectId,TaskId,TaskName,Status,ProjectName,PhaseId,Phase,Assignee,Priority,StartDate,DueDate,HoursTracked,Is this a Billing Milestone?,Invoice Raised?,% of amount to be billed,Dependency,ParentTaskId,ParentTask,AtRisk,Progress,ActualStartDate,CompletedAt,RemainingHours,Effort(hrs),Billable,Category
PRJ-0021,TSK-000001,Document playbook 1,Completed,Wonka Group - Phase 1 Implementation,PHS-00001,Getting Started,Zara Novak,,2026-06-20,2026-07-07,32.40,,,,,,,,,2026-06-20,2026-07-20,0.00,,true,Test Execution
PRJ-0021,TSK-000002,Configure template 2,Completed,Wonka Group - Phase 1 Implementation,PHS-00003,Discover & Design,Lena Sato,,2026-06-21,2026-07-18,32.54,,,,Document playbook 1,,,,,2026-06-21,2026-07-15,0.00,,false,Build and Deployment
PRJ-0021,TSK-000003,Audit workflow 3,Completed,Wonka Group - Phase 1 Implementation,PHS-00002,Initiate,Lena Sato,,2026-06-22,2026-07-19,0.00,,,,Configure template 2,,,,,2026-06-22,2026-07-04,0.00,,true,Project Setup
PRJ-0021,TSK-000004,Train playbook 4,Completed,Wonka Group - Phase 1 Implementation,PHS-00002,Initiate,,,2026-06-23,2026-07-11,0.00,,,,Audit workflow 3,,,,,2026-06-23,2026-07-01,0.00,,true,Build and Deployment
PRJ-0021,TSK-000005,Deploy workflow 5,Completed,Wonka Group - Phase 1 Implementation,PHS-00001,Getting Started,,,2026-06-24,2026-07-21,8.04,,,,Train playbook 4,,,,,2026-06-24,2026-07-12,0.00,,true,Test Execution
PRJ-0021,TSK-000006,Document data model 6,Completed,Wonka Group - Phase 1 Implementation,PHS-00003,Discover & Design,Marco Sato,,2026-06-25,2026-07-06,16.10,,,,Deploy workflow 5,,,,,2026-06-25,2026-07-06,0.00,,true,Test Execution
PRJ-0021,TSK-000007,Validate permission set 7,Completed,Wonka Group - Phase 1 Implementation,PHS-00002,Initiate,,,2026-06-26,2026-07-21,37.76,,,,Document data model 6,,,,,2026-06-26,2026-07-14,0.00,,true,
PRJ-0021,TSK-000008,Migrate data model 8,Completed,Wonka Group - Phase 1 Implementation,PHS-00003,Discover & Design,,,2026-06-27,2026-06-29,4.83,,,,Validate permission set 7,,,,,2026-06-27,2026-07-25,0.00,,true,Build and Deployment
PRJ-0021,TSK-000009,Deploy environment 9,Completed,Wonka Group - Phase 1 Implementation,PHS-00002,Initiate,Lena Sato,,2026-06-28,2026-07-20,38.49,,,,Migrate data model 8,,,,,2026-06-28,2026-07-23,0.00,,true,Discovery
PRJ-0021,TSK-000010,Migrate integration 10,Completed,Wonka Group - Phase 1 Implementation,PHS-00003,Discover & Design,Kwame Rossi,,2026-06-29,2026-07-22,21.37,,,,Deploy environment 9,,,,,2026-06-29,2026-07-22,0.00,,false,
PRJ-0021,TSK-000011,Train workflow 11,Completed,Wonka Group - Phase 1 Implementation,PHS-00002,Initiate,Kwame Rossi,,2026-06-30,2026-07-03,3.31,,,,Migrate integration 10,,,,,2026-06-30,2026-07-16,0.00,,true,Build and Deployment
PRJ-0021,TSK-000012,Train report 12,Completed,Wonka Group - Phase 1 Implementation,PHS-00002,Initiate,,,2026-07-01,2026-07-20,15.49,,,,Train workflow 11,,,,,2026-07-01,2026-07-07,0.00,,true,Build and Deployment
PRJ-0021,TSK-000013,Audit template 13,Completed,Wonka Group - Phase 1 Implementation,PHS-00003,Discover & Design,Lena Sato,,2026-07-02,2026-07-25,4.24,,,,"Audit workflow 3, Document data model 6, Migrate integration 10",,,,,2026-07-02,2026-07-15,0.00,,false,Program Management
PRJ-0021,TSK-000014,Review report 14,Completed,Wonka Group - Phase 1 Implementation,PHS-00003,Discover & Design,Lena Sato,,2026-07-03,2026-07-24,15.32,,,,Document data model 6,,,,,2026-07-03,2026-07-30,0.00,,true,
PRJ-0021,TSK-000015,Validate report 15,Completed,Wonka Group - Phase 1 Implementation,PHS-00002,Initiate,Lena Sato,,2026-07-04,2026-07-22,27.47,,,,"Configure template 2, Train playbook 4, Document data model 6",,,,,2026-07-04,2026-07-28,0.00,,false,Program Management
PRJ-0021,TSK-000016,Review integration 16,Completed,Wonka Group - Phase 1 Implementation,PHS-00001,Getting Started,Kwame Rossi,,2026-07-05,2026-07-20,0.18,,,,"Document playbook 1, Document data model 6, Deploy environment 9, Train workflow 11, Audit template 13",,,,,2026-07-05,2026-07-12,0.00,,true,Discovery
PRJ-0021,TSK-000017,Document environment 17,Completed,Wonka Group - Phase 1 Implementation,PHS-00003,Discover & Design,Zara Novak,,2026-07-06,2026-07-22,27.45,,,,,,,,,2026-07-06,2026-07-21,0.00,,true,Build and Deployment
PRJ-0021,TSK-000018,Configure permission set 18,Completed,Wonka Group - Phase 1 Implementation,PHS-00001,Getting Started,Lena Sato,,2026-07-07,2026-07-21,20.56,,,,"Configure template 2, Audit workflow 3, Migrate integration 10, Document environment 17",,,,,2026-07-07,2026-07-22,0.00,,true,Transition
PRJ-0021,TSK-000019,Configure playbook 19,Completed,Wonka Group - Phase 1 Implementation,PHS-00002,Initiate,Marco Sato,,2026-07-08,2026-07-11,25.93,,,,,,,,,2026-07-08,2026-08-04,0.00,,true,Test Execution
PRJ-0021,TSK-000020,Migrate report 20,Completed,Wonka Group - Phase 1 Implementation,PHS-00003,Discover & Design,,,2026-07-09,2026-07-12,28.55,,,,,TSK-000002,Configure template 2,,,2026-07-09,2026-07-17,0.00,,false,Project Setup
PRJ-0021,TSK-000021,Deploy workflow 21,Completed,Wonka Group - Phase 1 Implementation,PHS-00002,Initiate,Zara Novak,,2026-07-10,2026-08-07,2.97,,,,"Document playbook 1, Audit workflow 3, Migrate integration 10, Train workflow 11, Configure permission set 18, Configure playbook 19",,,,,2026-07-10,2026-07-25,0.00,,false,
PRJ-0021,TSK-000022,Audit integration 22,Completed,Wonka Group - Phase 1 Implementation,PHS-00003,Discover & Design,,,2026-07-11,2026-07-19,17.28,,,,,TSK-000001,Document playbook 1,,,2026-07-11,2026-08-01,0.00,,true,
PRJ-0021,TSK-000023,Validate environment 23,Completed,Wonka Group - Phase 1 Implementation,PHS-00001,Getting Started,,,2026-07-12,2026-07-24,32.34,,,,,,,,,2026-07-12,2026-07-16,0.00,,true,Project Setup
PRJ-0021,TSK-000024,Deploy template 24,Completed,Wonka Group - Phase 1 Implementation,PHS-00002,Initiate,,,2026-07-13,2026-07-20,31.55,,,,Train workflow 11,,,,,2026-07-13,2026-08-11,0.00,,true,Build and Deployment
PRJ-0021,TSK-000025,Validate report 25,Completed,Wonka Group - Phase 1 Implementation,PHS-00002,Initiate,,,2026-07-14,2026-07-27,37.88,,,,"Audit workflow 3, Validate permission set 7, Train workflow 11, Audit template 13, Review report 14, Validate report 15",,,,,2026-07-14,2026-07-21,0.00,,true,Project Setup
PRJ-0021,TSK-000026,Train permission set 26,Completed,Wonka Group - Phase 1 Implementation,PHS-00003,Discover & Design,Lena Sato,,2026-07-15,2026-07-26,11.28,,,,,,,,,2026-07-15,2026-08-10,0.00,,true,Program Management
PRJ-0021,TSK-000027,Document permission set 27,Completed,Wonka Group - Phase 1 Implementation,PHS-00001,Getting Started,Kwame Rossi,,2026-07-16,2026-07-29,0.00,,,,,,,,,2026-07-16,2026-07-21,0.00,,true,Build and Deployment
PRJ-0021,TSK-000028,Migrate environment 28,Completed,Wonka Group - Phase 1 Implementation,PHS-00001,Getting Started,Zara Novak,,2026-07-17,2026-07-28,8.88,true,,,,,,,,2026-07-17,2026-08-13,0.00,,true,Transition
PRJ-0021,TSK-000029,Review integration 29,Completed,Wonka Group - Phase 1 Implementation,PHS-00001,Getting Started,,,2026-07-18,2026-07-29,32.33,true,,,"Validate permission set 7, Train workflow 11, Document environment 17, Configure permission set 18",,,,,2026-07-18,2026-08-17,0.00,,true,Program Management
PRJ-0022,TSK-000030,Validate integration 1,Completed,Hooli GmbH - Phase 1 Implementation,PHS-00005,Initiate,,,2026-01-09,2026-01-27,36.75,,,,,,,,,2026-01-09,2026-01-24,0.00,,true,Project Setup
PRJ-0022,TSK-000031,Validate permission set 2,Completed,Hooli GmbH - Phase 1 Implementation,PHS-00004,Getting Started,Zara Kaya,,2026-01-10,2026-02-04,6.62,,,,Validate integration 1,,,,,2026-01-10,2026-01-14,0.00,,true,
PRJ-0022,TSK-000032,Train environment 3,Completed,Hooli GmbH - Phase 1 Implementation,PHS-00005,Initiate,Zara Kaya,,2026-01-11,2026-02-02,26.68,,,,Validate permission set 2,,,,,2026-01-11,2026-01-13,0.00,,true,Project Setup
PRJ-0022,TSK-000033,Deploy integration 4,To do,Hooli GmbH - Phase 1 Implementation,PHS-00004,Getting Started,Zara Kaya,,2026-01-12,2026-01-28,0.00,,,,Train environment 3,,,,,,,0.00,,true,Discovery
PRJ-0022,TSK-000034,Migrate integration 5,To do,Hooli GmbH - Phase 1 Implementation,PHS-00006,Discover & Design,Zara Kaya,,2026-01-13,2026-01-17,0.00,,,,Deploy integration 4,,,,,,,0.00,,true,Project Setup
PRJ-0022,TSK-000035,Audit data model 6,Completed,Hooli GmbH - Phase 1 Implementation,PHS-00006,Discover & Design,,,2026-01-14,2026-02-05,1.34,,,,Migrate integration 5,,,,,2026-01-14,2026-01-30,0.00,,true,Transition
PRJ-0022,TSK-000036,Validate playbook 7,Completed,Hooli GmbH - Phase 1 Implementation,PHS-00007,Configure & Build,Zara Kaya,,2026-01-15,2026-02-03,0.00,,,,Audit data model 6,,,,,2026-01-15,2026-01-19,0.00,,true,Discovery
PRJ-0022,TSK-000037,Document data model 8,Completed,Hooli GmbH - Phase 1 Implementation,PHS-00004,Getting Started,Zara Kaya,,2026-01-16,2026-02-08,28.44,,,,Validate playbook 7,,,,,2026-01-16,2026-01-19,0.00,,true,
PRJ-0022,TSK-000038,Validate template 9,To do,Hooli GmbH - Phase 1 Implementation,PHS-00006,Discover & Design,Zara Kaya,,2026-01-17,2026-01-23,0.00,,,,Document data model 8,,,,,,,0.00,,true,Transition
PRJ-0022,TSK-000039,Configure template 10,Completed,Hooli GmbH - Phase 1 Implementation,PHS-00005,Initiate,Zara Kaya,,2026-01-18,2026-02-10,19.75,,,,Validate template 9,,,,,2026-01-18,2026-02-08,0.00,,true,Program Management
PRJ-0022,TSK-000040,Train permission set 11,Completed,Hooli GmbH - Phase 1 Implementation,PHS-00005,Initiate,,,2026-01-19,2026-02-03,8.99,,,,Configure template 10,,,,,2026-01-19,2026-02-17,0.00,,true,Test Execution
PRJ-0022,TSK-000041,Validate workflow 12,To do,Hooli GmbH - Phase 1 Implementation,PHS-00004,Getting Started,,,2026-01-20,2026-02-06,0.00,,,,Train permission set 11,,,,,,,0.00,,true,Test Execution
PRJ-0022,TSK-000042,Deploy permission set 13,To do,Hooli GmbH - Phase 1 Implementation,PHS-00006,Discover & Design,,,2026-01-21,2026-02-14,0.00,,,,,TSK-000036,Validate playbook 7,,,,,0.00,,true,
PRJ-0022,TSK-000043,Audit report 14,In progress,Hooli GmbH - Phase 1 Implementation,PHS-00004,Getting Started,Zara Kaya,,2026-01-22,2026-02-09,3.83,,,,,,,,,2026-01-22,,0.00,,true,Program Management
PRJ-0022,TSK-000044,Validate playbook 15,NA,Hooli GmbH - Phase 1 Implementation,PHS-00004,Getting Started,Zara Kaya,,2026-01-23,2026-02-05,27.92,,,,"Train environment 3, Validate template 9, Train permission set 11",,,,,,,0.00,,true,Project Setup
PRJ-0022,TSK-000045,Deploy workflow 16,Completed,Hooli GmbH - Phase 1 Implementation,PHS-00006,Discover & Design,Zara Kaya,,2026-01-24,2026-02-21,36.74,,,,"Deploy integration 4, Audit data model 6, Validate playbook 7, Document data model 8, Train permission set 11, Deploy permission set 13",,,,,2026-01-24,2026-01-26,0.00,,true,Transition
PRJ-0022,TSK-000046,Migrate data model 17,In progress,Hooli GmbH - Phase 1 Implementation,PHS-00006,Discover & Design,Zara Kaya,,2026-01-25,2026-01-31,0.00,,,,"Train environment 3, Migrate integration 5",,,,,2026-01-25,,0.00,,false,Program Management
PRJ-0022,TSK-000047,Configure workflow 18,NA,Hooli GmbH - Phase 1 Implementation,PHS-00007,Configure & Build,Zara Kaya,,2026-01-26,2026-02-05,0.00,,,,"Audit data model 6, Validate template 9, Migrate data model 17",,,,,,,0.00,,true,Discovery
PRJ-0022,TSK-000048,Audit report 19,NA,Hooli GmbH - Phase 1 Implementation,PHS-00006,Discover & Design,Zara Kaya,,2026-01-27,2026-01-28,0.00,,,,,TSK-000045,Deploy workflow 16,,,,,0.00,,true,Transition
PRJ-0022,TSK-000049,Migrate workflow 20,To do,Hooli GmbH - Phase 1 Implementation,PHS-00005,Initiate,Zara Kaya,,2026-01-28,2026-02-09,0.00,,,,,,,,,,,0.00,,true,
PRJ-0022,TSK-000050,Deploy integration 21,Completed,Hooli GmbH - Phase 1 Implementation,PHS-00006,Discover & Design,,,2026-01-29,2026-02-06,25.50,,,,"Configure template 10, Train permission set 11, Audit report 14, Configure workflow 18",,,,,2026-01-29,2026-02-01,0.00,,true,Transition
PRJ-0022,TSK-000051,Migrate report 22,To do,Hooli GmbH - Phase 1 Implementation,PHS-00005,Initiate,Zara Kaya,,2026-01-30,2026-02-03,18.95,,,,Migrate workflow 20,,,,,,,0.00,,true,
PRJ-0022,TSK-000052,Migrate playbook 23,To do,Hooli GmbH - Phase 1 Implementation,PHS-00005,Initiate,Zara Kaya,,2026-01-31,2026-03-01,0.00,,,,,,,,,,,0.00,,true,Project Setup
PRJ-0022,TSK-000053,Review permission set 24,To do,Hooli GmbH - Phase 1 Implementation,PHS-00006,Discover & Design,,,2026-02-01,2026-02-28,0.00,,,,"Validate integration 1, Migrate integration 5, Validate template 9",,,,,,,0.00,,true,Discovery
PRJ-0022,TSK-000054,Train template 25,Completed,Hooli GmbH - Phase 1 Implementation,PHS-00005,Initiate,Zara Kaya,,2026-02-02,2026-03-02,36.97,,,,,TSK-000035,Audit data model 6,,,2026-02-02,2026-02-10,0.00,,true,Test Execution
PRJ-0022,TSK-000055,Train playbook 26,In progress,Hooli GmbH - Phase 1 Implementation,PHS-00007,Configure & Build,Zara Kaya,,2026-02-03,2026-02-24,2.51,,,,,,,,,2026-02-03,,0.00,,true,Discovery
PRJ-0022,TSK-000056,Document report 27,To do,Hooli GmbH - Phase 1 Implementation,PHS-00004,Getting Started,Zara Kaya,,2026-02-04,2026-02-13,0.00,true,,,,,,,,,,0.00,,true,Transition
PRJ-0022,TSK-000057,Validate permission set 28,Completed,Hooli GmbH - Phase 1 Implementation,PHS-00004,Getting Started,Zara Kaya,,2026-02-05,2026-02-16,19.01,true,,,Migrate workflow 20,,,,,2026-02-05,2026-02-11,0.00,,true,
PRJ-0023,TSK-000058,Configure playbook 1,Completed,Aperture GmbH - Migration,PHS-00008,Getting Started,Arjun Sato,,2026-01-06,2026-01-10,23.65,,,,,,,,,2026-01-06,2026-01-29,0.00,,true,Transition
PRJ-0023,TSK-000059,Audit workflow 2,Completed,Aperture GmbH - Migration,PHS-00012,Test,,,2026-01-07,2026-01-27,7.58,,,,Configure playbook 1,,,,,2026-01-07,2026-02-04,0.00,,false,Test Execution
PRJ-0023,TSK-000060,Audit playbook 3,Blocked,Aperture GmbH - Migration,PHS-00008,Getting Started,Amara Berg,,2026-01-08,2026-01-29,18.65,,,,Audit workflow 2,,,,,,,0.00,,true,
PRJ-0023,TSK-000061,Review report 4,Completed,Aperture GmbH - Migration,PHS-00012,Test,Amara Berg,,2026-01-09,2026-01-10,24.83,,,,Audit playbook 3,,,,,2026-01-09,2026-01-17,0.00,,true,Project Setup
PRJ-0023,TSK-000062,Deploy environment 5,Completed,Aperture GmbH - Migration,PHS-00009,Initiate,Amara Sato,,2026-01-10,2026-01-20,0.00,,,,Review report 4,,,,,2026-01-10,2026-02-09,0.00,,true,Program Management
PRJ-0023,TSK-000063,Document report 6,In progress,Aperture GmbH - Migration,PHS-00011,Configure & Build,Amara Berg,,2026-01-11,2026-01-30,39.50,,,,Deploy environment 5,,,,,2026-01-11,,0.00,,true,Discovery
PRJ-0023,TSK-000064,Document environment 7,Completed,Aperture GmbH - Migration,PHS-00011,Configure & Build,Zara Novak,,2026-01-12,2026-01-25,0.00,,,,Document report 6,,,,,2026-01-12,2026-01-16,0.00,,true,
PRJ-0023,TSK-000065,Configure template 8,NA,Aperture GmbH - Migration,PHS-00012,Test,Amara Berg,,2026-01-13,2026-02-02,0.00,,,,Document environment 7,,,,,,,0.00,,false,Discovery
PRJ-0023,TSK-000066,Configure report 9,Blocked,Aperture GmbH - Migration,PHS-00009,Initiate,Marco Sato,,2026-01-14,2026-02-09,0.00,,,,Configure template 8,,,,,,,0.00,,true,Program Management
PRJ-0023,TSK-000067,Validate report 10,Completed,Aperture GmbH - Migration,PHS-00009,Initiate,Amara Berg,,2026-01-15,2026-02-07,20.28,,,,Configure report 9,,,,,2026-01-15,2026-02-09,0.00,,true,Project Setup
PRJ-0023,TSK-000068,Document environment 11,Completed,Aperture GmbH - Migration,PHS-00011,Configure & Build,Zara Novak,,2026-01-16,2026-02-05,24.87,,,,Validate report 10,,,,,2026-01-16,2026-01-27,0.00,,true,Transition
PRJ-0023,TSK-000069,Review permission set 12,Completed,Aperture GmbH - Migration,PHS-00012,Test,Marco Sato,,2026-01-17,2026-02-10,19.63,,,,Document environment 11,,,,,2026-01-17,2026-02-03,0.00,,false,
PRJ-0023,TSK-000070,Validate report 13,In progress,Aperture GmbH - Migration,PHS-00010,Discover & Design,Zara Novak,,2026-01-18,2026-02-16,14.12,,,,"Audit playbook 3, Deploy environment 5, Document environment 7, Validate report 10, Document environment 11",,,,,2026-01-18,,0.00,,true,Discovery
PRJ-0023,TSK-000071,Validate template 14,Completed,Aperture GmbH - Migration,PHS-00010,Discover & Design,Zara Novak,,2026-01-19,2026-02-03,18.24,,,,"Configure playbook 1, Deploy environment 5, Validate report 10",,,,,2026-01-19,2026-01-24,0.00,,true,Test Execution
PRJ-0023,TSK-000072,Audit data model 15,To do,Aperture GmbH - Migration,PHS-00012,Test,Tomas Sato,,2026-01-20,2026-02-09,24.50,,,,"Configure report 9, Validate template 14",,,,,,,0.00,,true,Program Management
PRJ-0023,TSK-000073,Migrate playbook 16,To do,Aperture GmbH - Migration,PHS-00011,Configure & Build,Arjun Sato,,2026-01-21,2026-02-09,0.00,,,,"Document report 6, Configure report 9",,,,,,,0.00,,true,Transition
PRJ-0023,TSK-000074,Review report 17,Completed,Aperture GmbH - Migration,PHS-00009,Initiate,Amara Sato,,2026-01-22,2026-02-04,18.78,,,,"Audit playbook 3, Configure template 8, Migrate playbook 16",,,,,2026-01-22,2026-02-03,0.00,,true,
PRJ-0023,TSK-000075,Migrate playbook 18,To do,Aperture GmbH - Migration,PHS-00011,Configure & Build,Tomas Sato,,2026-01-23,2026-02-07,0.00,,,,"Document report 6, Configure report 9, Validate report 10, Validate template 14",,,,,,,0.00,,true,Build and Deployment
PRJ-0023,TSK-000076,Validate integration 19,Completed,Aperture GmbH - Migration,PHS-00008,Getting Started,Marco Sato,,2026-01-24,2026-02-13,17.47,,,,,,,,,2026-01-24,2026-02-09,0.00,,true,Program Management
PRJ-0023,TSK-000077,Train report 20,In progress,Aperture GmbH - Migration,PHS-00009,Initiate,Amara Berg,,2026-01-25,2026-02-11,0.00,,,,"Audit playbook 3, Deploy environment 5, Document environment 7, Review report 17",,,,,2026-01-25,,0.00,,true,
PRJ-0023,TSK-000078,Audit permission set 21,To do,Aperture GmbH - Migration,PHS-00009,Initiate,,,2026-01-26,2026-02-04,10.16,,,,,,,,,,,0.00,,true,Program Management
PRJ-0023,TSK-000079,Migrate environment 22,In progress,Aperture GmbH - Migration,PHS-00010,Discover & Design,,,2026-01-27,2026-02-04,0.00,,,,Validate integration 19,,,,,2026-01-27,,0.00,,false,
PRJ-0023,TSK-000080,Migrate report 23,Completed,Aperture GmbH - Migration,PHS-00012,Test,Tomas Sato,,2026-01-28,2026-02-13,25.80,,,,"Review report 4, Document environment 11, Migrate playbook 16, Validate integration 19",,,,,2026-01-28,2026-02-09,0.00,,true,
PRJ-0023,TSK-000081,Train data model 24,To do,Aperture GmbH - Migration,PHS-00009,Initiate,,,2026-01-29,2026-02-01,0.00,,,,"Audit playbook 3, Deploy environment 5, Configure template 8, Validate report 10, Migrate playbook 16",,,,,,,0.00,,true,Project Setup
PRJ-0023,TSK-000082,Configure playbook 25,To do,Aperture GmbH - Migration,PHS-00011,Configure & Build,Amara Sato,,2026-01-30,2026-02-01,9.85,,,,"Configure playbook 1, Configure report 9, Document environment 11, Review report 17, Migrate environment 22",,,,,,,0.00,,true,Transition
PRJ-0023,TSK-000083,Review integration 26,In progress,Aperture GmbH - Migration,PHS-00010,Discover & Design,,,2026-01-31,2026-02-03,0.00,true,,,"Configure playbook 1, Audit playbook 3, Document environment 7, Migrate playbook 16, Audit permission set 21, Train data model 24",,,,,2026-01-31,,0.00,,true,Transition
PRJ-0023,TSK-000084,Deploy playbook 27,Completed,Aperture GmbH - Migration,PHS-00012,Test,,,2026-02-01,2026-02-27,0.00,true,,,,,,,,2026-02-01,2026-02-03,0.00,,true,Discovery
PRJ-0024,TSK-000085,Deploy data model 1,Completed,Initech Group - Migration,PHS-00015,Discover & Design,,,2026-04-14,2026-05-06,3.05,,,,,,,,,2026-04-14,2026-04-16,0.00,,true,
PRJ-0024,TSK-000086,Migrate report 2,In progress,Initech Group - Migration,PHS-00013,Getting Started,Kwame Novak,,2026-04-15,2026-05-04,22.23,,,,Deploy data model 1,,,,,2026-04-15,,0.00,,true,Build and Deployment
PRJ-0024,TSK-000087,Deploy workflow 3,In progress,Initech Group - Migration,PHS-00015,Discover & Design,Kwame Novak,,2026-04-16,2026-05-08,0.00,,,,Migrate report 2,,,,,2026-04-16,,0.00,,true,
PRJ-0024,TSK-000088,Validate environment 4,Completed,Initech Group - Migration,PHS-00014,Initiate,Kwame Novak,,2026-04-17,2026-04-29,37.71,,,,Deploy workflow 3,,,,,2026-04-17,2026-04-22,0.00,,true,Test Execution
PRJ-0024,TSK-000089,Configure workflow 5,Completed,Initech Group - Migration,PHS-00016,Configure & Build,Kwame Novak,,2026-04-18,2026-05-13,17.47,,,,Validate environment 4,,,,,2026-04-18,2026-05-04,0.00,,false,Test Execution
PRJ-0024,TSK-000090,Document report 6,Blocked,Initech Group - Migration,PHS-00013,Getting Started,,,2026-04-19,2026-05-17,0.00,,,,Configure workflow 5,,,,,,,0.00,,false,Build and Deployment
PRJ-0024,TSK-000091,Migrate environment 7,Completed,Initech Group - Migration,PHS-00016,Configure & Build,Kwame Novak,,2026-04-20,2026-05-11,32.81,,,,Document report 6,,,,,2026-04-20,2026-05-01,0.00,,true,Program Management
PRJ-0024,TSK-000092,Train playbook 8,To do,Initech Group - Migration,PHS-00016,Configure & Build,Kwame Novak,,2026-04-21,2026-05-01,36.75,,,,Migrate environment 7,,,,,,,0.00,,false,Transition
PRJ-0024,TSK-000093,Configure integration 9,Completed,Initech Group - Migration,PHS-00015,Discover & Design,Kwame Novak,,2026-04-22,2026-04-27,0.00,,,,Train playbook 8,,,,,2026-04-22,2026-04-29,0.00,,true,Transition
PRJ-0024,TSK-000094,Deploy playbook 10,Completed,Initech Group - Migration,PHS-00014,Initiate,,,2026-04-23,2026-05-15,2.51,,,,Configure integration 9,,,,,2026-04-23,2026-05-08,0.00,,true,Transition
PRJ-0024,TSK-000095,Validate report 11,Completed,Initech Group - Migration,PHS-00016,Configure & Build,Kwame Novak,,2026-04-24,2026-05-21,16.27,,,,Deploy playbook 10,,,,,2026-04-24,2026-05-14,0.00,,true,Build and Deployment
PRJ-0024,TSK-000096,Configure permission set 12,In progress,Initech Group - Migration,PHS-00014,Initiate,Kwame Novak,,2026-04-25,2026-05-16,39.92,true,,,Validate report 11,,,,,2026-04-25,,0.00,,true,Transition
PRJ-0025,TSK-000097,Audit template 1,Completed,Wonka Ltd - CLM Implementation,PHS-00019,Discover & Design,Sofia Rossi,,2026-01-10,2026-01-11,26.74,,,,,,,,,2026-01-10,2026-01-12,0.00,,true,Program Management
PRJ-0025,TSK-000098,Validate permission set 2,To do,Wonka Ltd - CLM Implementation,PHS-00019,Discover & Design,,,2026-01-11,2026-01-20,0.00,,,,Audit template 1,,,,,,,0.00,,true,Discovery
PRJ-0025,TSK-000099,Migrate playbook 3,Completed,Wonka Ltd - CLM Implementation,PHS-00018,Initiate,Sofia Rossi,,2026-01-12,2026-01-28,28.76,,,,Validate permission set 2,,,,,2026-01-12,2026-01-23,0.00,,true,Discovery
PRJ-0025,TSK-000100,Deploy playbook 4,Blocked,Wonka Ltd - CLM Implementation,PHS-00017,Getting Started,Sofia Rossi,,2026-01-13,2026-02-10,0.00,,,,Migrate playbook 3,,,,,,,0.00,,true,Discovery
PRJ-0025,TSK-000101,Deploy template 5,Completed,Wonka Ltd - CLM Implementation,PHS-00020,Configure & Build,Sofia Rossi,,2026-01-14,2026-01-28,0.00,,,,Deploy playbook 4,,,,,2026-01-14,2026-01-22,0.00,,true,Transition
PRJ-0025,TSK-000102,Configure workflow 6,To do,Wonka Ltd - CLM Implementation,PHS-00019,Discover & Design,,,2026-01-15,2026-01-23,0.00,,,,Deploy template 5,,,,,,,0.00,,false,Program Management
PRJ-0025,TSK-000103,Audit report 7,To do,Wonka Ltd - CLM Implementation,PHS-00018,Initiate,,,2026-01-16,2026-01-26,0.00,,,,Configure workflow 6,,,,,,,0.00,,true,Test Execution
PRJ-0025,TSK-000104,Validate workflow 8,To do,Wonka Ltd - CLM Implementation,PHS-00020,Configure & Build,Sofia Rossi,,2026-01-17,2026-01-18,0.00,,,,Audit report 7,,,,,,,0.00,,true,Project Setup
PRJ-0025,TSK-000105,Audit integration 9,Completed,Wonka Ltd - CLM Implementation,PHS-00018,Initiate,,,2026-01-18,2026-02-04,20.53,,,,Validate workflow 8,,,,,2026-01-18,2026-02-05,0.00,,true,Project Setup
PRJ-0025,TSK-000106,Review permission set 10,To do,Wonka Ltd - CLM Implementation,PHS-00018,Initiate,,,2026-01-19,2026-02-07,38.92,,,,Audit integration 9,,,,,,,0.00,,false,Test Execution
PRJ-0025,TSK-000107,Document template 11,Completed,Wonka Ltd - CLM Implementation,PHS-00020,Configure & Build,Sofia Rossi,,2026-01-20,2026-02-06,6.76,,,,Review permission set 10,,,,,2026-01-20,2026-01-25,0.00,,false,Program Management
PRJ-0025,TSK-000108,Validate data model 12,Completed,Wonka Ltd - CLM Implementation,PHS-00019,Discover & Design,Sofia Rossi,,2026-01-21,2026-01-31,21.97,,,,Document template 11,,,,,2026-01-21,2026-01-22,0.00,,true,Test Execution
PRJ-0025,TSK-000109,Validate environment 13,To do,Wonka Ltd - CLM Implementation,PHS-00017,Getting Started,Sofia Rossi,,2026-01-22,2026-01-24,0.00,,,,Migrate playbook 3,,,,,,,0.00,,true,Transition
PRJ-0025,TSK-000110,Document workflow 14,Completed,Wonka Ltd - CLM Implementation,PHS-00018,Initiate,Sofia Rossi,,2026-01-23,2026-02-04,38.63,,,,"Audit template 1, Configure workflow 6, Audit integration 9",,,,,2026-01-23,2026-01-27,0.00,,false,Test Execution
PRJ-0025,TSK-000111,Review integration 15,Completed,Wonka Ltd - CLM Implementation,PHS-00019,Discover & Design,Sofia Rossi,,2026-01-24,2026-02-12,0.00,,,,,,,,,2026-01-24,2026-01-25,0.00,,true,Discovery
PRJ-0025,TSK-000112,Train environment 16,To do,Wonka Ltd - CLM Implementation,PHS-00017,Getting Started,Sofia Rossi,,2026-01-25,2026-01-30,0.00,,,,,,,,,,,0.00,,true,Build and Deployment
PRJ-0025,TSK-000113,Migrate template 17,To do,Wonka Ltd - CLM Implementation,PHS-00017,Getting Started,Sofia Rossi,,2026-01-26,2026-01-29,13.81,,,,"Audit integration 9, Document workflow 14",,,,,,,0.00,,true,Build and Deployment
PRJ-0025,TSK-000114,Configure playbook 18,Completed,Wonka Ltd - CLM Implementation,PHS-00019,Discover & Design,Sofia Rossi,,2026-01-27,2026-02-02,0.00,,,,,,,,,2026-01-27,2026-01-31,0.00,,false,Discovery
PRJ-0025,TSK-000115,Train template 19,To do,Wonka Ltd - CLM Implementation,PHS-00020,Configure & Build,Sofia Rossi,,2026-01-28,2026-02-10,14.36,true,,,"Validate permission set 2, Audit report 7, Document template 11, Train environment 16",,,,,,,0.00,,true,Test Execution
PRJ-0025,TSK-000116,Configure template 20,To do,Wonka Ltd - CLM Implementation,PHS-00018,Initiate,,,2026-01-29,2026-02-22,0.00,true,,,"Audit report 7, Review integration 15",,,,,,,0.00,,true,
PRJ-0026,TSK-000117,Document playbook 1,Completed,Vandelay Group - Enterprise Rollout,PHS-00025,Test,Tomas Sato,,2026-04-10,2026-04-19,30.30,,,,,,,,,2026-04-10,2026-05-05,0.00,,false,
PRJ-0026,TSK-000118,Configure permission set 2,Completed,Vandelay Group - Enterprise Rollout,PHS-00026,Transfer,Tomas Sato,,2026-04-11,2026-04-26,7.61,,,,Document playbook 1,,,,,2026-04-11,2026-04-12,0.00,,true,Test Execution
PRJ-0026,TSK-000119,Train environment 3,Completed,Vandelay Group - Enterprise Rollout,PHS-00023,Discover & Design,,,2026-04-12,2026-04-17,33.06,,,,Configure permission set 2,,,,,2026-04-12,2026-04-22,0.00,,true,Program Management
PRJ-0026,TSK-000120,Configure permission set 4,In progress,Vandelay Group - Enterprise Rollout,PHS-00025,Test,Tomas Sato,,2026-04-13,2026-04-19,0.00,,,,Train environment 3,,,,,2026-04-13,,0.00,,true,Project Setup
PRJ-0026,TSK-000121,Migrate template 5,Completed,Vandelay Group - Enterprise Rollout,PHS-00021,Getting Started,Tomas Sato,,2026-04-14,2026-05-14,3.81,,,,Configure permission set 4,,,,,2026-04-14,2026-04-24,0.00,,true,Project Setup
PRJ-0026,TSK-000122,Document template 6,To do,Vandelay Group - Enterprise Rollout,PHS-00023,Discover & Design,Tomas Sato,,2026-04-15,2026-04-16,0.00,,,,Migrate template 5,,,,,,,0.00,,true,Discovery
PRJ-0026,TSK-000123,Train workflow 7,Completed,Vandelay Group - Enterprise Rollout,PHS-00026,Transfer,,,2026-04-16,2026-04-21,8.95,,,,Document template 6,,,,,2026-04-16,2026-05-01,0.00,,false,Test Execution
PRJ-0026,TSK-000124,Review report 8,To do,Vandelay Group - Enterprise Rollout,PHS-00021,Getting Started,Tomas Sato,,2026-04-17,2026-05-03,0.00,,,,Train workflow 7,,,,,,,0.00,,true,Discovery
PRJ-0026,TSK-000125,Document playbook 9,To do,Vandelay Group - Enterprise Rollout,PHS-00023,Discover & Design,,,2026-04-18,2026-05-07,38.00,,,,Review report 8,,,,,,,0.00,,true,Discovery
PRJ-0026,TSK-000126,Deploy data model 10,To do,Vandelay Group - Enterprise Rollout,PHS-00026,Transfer,,,2026-04-19,2026-04-20,38.37,,,,Document playbook 9,,,,,,,0.00,,true,Transition
PRJ-0026,TSK-000127,Train data model 11,In progress,Vandelay Group - Enterprise Rollout,PHS-00026,Transfer,,,2026-04-20,2026-05-09,28.84,,,,Deploy data model 10,,,,,2026-04-20,,0.00,,true,Project Setup
PRJ-0026,TSK-000128,Train permission set 12,To do,Vandelay Group - Enterprise Rollout,PHS-00021,Getting Started,,,2026-04-21,2026-05-10,0.00,,,,Train data model 11,,,,,,,0.00,,true,
PRJ-0026,TSK-000129,Audit integration 13,Completed,Vandelay Group - Enterprise Rollout,PHS-00026,Transfer,Tomas Sato,,2026-04-22,2026-05-13,35.24,,,,"Train environment 3, Train workflow 7",,,,,2026-04-22,2026-04-25,0.00,,true,Build and Deployment
PRJ-0026,TSK-000130,Document template 14,To do,Vandelay Group - Enterprise Rollout,PHS-00021,Getting Started,Tomas Sato,,2026-04-23,2026-05-06,0.00,,,,"Train environment 3, Document template 6, Audit integration 13",,,,,,,0.00,,true,Program Management
PRJ-0026,TSK-000131,Audit data model 15,Completed,Vandelay Group - Enterprise Rollout,PHS-00023,Discover & Design,,,2026-04-24,2026-05-04,10.40,,,,,,,,,2026-04-24,2026-05-14,0.00,,true,
PRJ-0026,TSK-000132,Review playbook 16,To do,Vandelay Group - Enterprise Rollout,PHS-00021,Getting Started,Tomas Sato,,2026-04-25,2026-04-26,1.89,,,,,TSK-000118,Configure permission set 2,,,,,0.00,,true,Discovery
PRJ-0026,TSK-000133,Review playbook 17,Completed,Vandelay Group - Enterprise Rollout,PHS-00022,Initiate,,,2026-04-26,2026-05-22,21.37,,,,,,,,,2026-04-26,2026-04-27,0.00,,true,Build and Deployment
PRJ-0026,TSK-000134,Validate playbook 18,Completed,Vandelay Group - Enterprise Rollout,PHS-00024,Configure & Build,Tomas Sato,,2026-04-27,2026-04-29,29.26,,,,"Configure permission set 4, Migrate template 5, Document template 6, Train workflow 7, Audit data model 15",,,,,2026-04-27,2026-05-24,0.00,,false,
PRJ-0026,TSK-000135,Migrate environment 19,Blocked,Vandelay Group - Enterprise Rollout,PHS-00022,Initiate,,,2026-04-28,2026-05-06,0.00,,,,"Migrate template 5, Document template 14",,,,,,,0.00,,true,Discovery
PRJ-0026,TSK-000136,Review permission set 20,Completed,Vandelay Group - Enterprise Rollout,PHS-00022,Initiate,Tomas Sato,,2026-04-29,2026-05-20,22.78,,,,Review playbook 16,,,,,2026-04-29,2026-05-17,0.00,,true,Build and Deployment
PRJ-0026,TSK-000137,Audit integration 21,Completed,Vandelay Group - Enterprise Rollout,PHS-00022,Initiate,,,2026-04-30,2026-05-03,38.64,,,,"Document playbook 1, Document template 6, Audit integration 13, Audit data model 15, Validate playbook 18",,,,,2026-04-30,2026-05-24,0.00,,true,Program Management
PRJ-0026,TSK-000138,Configure template 22,Blocked,Vandelay Group - Enterprise Rollout,PHS-00024,Configure & Build,Tomas Sato,,2026-05-01,2026-05-28,24.42,,,,,,,,,,,0.00,,false,Build and Deployment
PRJ-0026,TSK-000139,Audit permission set 23,In progress,Vandelay Group - Enterprise Rollout,PHS-00023,Discover & Design,Tomas Sato,,2026-05-02,2026-05-21,0.95,,,,,TSK-000123,Train workflow 7,,,2026-05-02,,0.00,,true,Discovery
PRJ-0026,TSK-000140,Audit integration 24,Completed,Vandelay Group - Enterprise Rollout,PHS-00025,Test,,,2026-05-03,2026-06-02,27.59,,,,,,,,,2026-05-03,2026-05-26,0.00,,true,Build and Deployment
PRJ-0026,TSK-000141,Configure data model 25,In progress,Vandelay Group - Enterprise Rollout,PHS-00025,Test,Tomas Sato,,2026-05-04,2026-05-31,0.00,true,,,"Train environment 3, Review report 8, Document playbook 9, Review playbook 17, Audit integration 24",,,,,2026-05-04,,0.00,,true,Discovery
PRJ-0026,TSK-000142,Migrate workflow 26,Blocked,Vandelay Group - Enterprise Rollout,PHS-00025,Test,Tomas Sato,,2026-05-05,2026-05-28,0.00,true,,,"Train data model 11, Document template 14, Review permission set 20",,,,,,,0.00,,false,Test Execution
PRJ-0027,TSK-000143,Deploy template 1,To do,Acme LLC - Enterprise Rollout,PHS-00027,Getting Started,,,2026-05-12,2026-05-22,0.00,,,,,,,,,,,0.00,,false,Project Setup
PRJ-0027,TSK-000144,Migrate permission set 2,To do,Acme LLC - Enterprise Rollout,PHS-00028,Initiate,Noah Diallo,,2026-05-13,2026-05-22,0.00,,,,Deploy template 1,,,,,,,0.00,,false,Project Setup
PRJ-0027,TSK-000145,Configure playbook 3,To do,Acme LLC - Enterprise Rollout,PHS-00028,Initiate,Marco Sato,,2026-05-14,2026-06-13,0.00,,,,Migrate permission set 2,,,,,,,0.00,,true,Project Setup
PRJ-0027,TSK-000146,Audit permission set 4,Completed,Acme LLC - Enterprise Rollout,PHS-00029,Discover & Design,Elena Sato,,2026-05-15,2026-05-28,0.00,,,,Configure playbook 3,,,,,2026-05-15,2026-05-19,0.00,,true,Program Management
PRJ-0027,TSK-000147,Configure report 5,Blocked,Acme LLC - Enterprise Rollout,PHS-00029,Discover & Design,Elena Sato,,2026-05-16,2026-05-27,0.00,,,,Audit permission set 4,,,,,,,0.00,,false,Program Management
PRJ-0027,TSK-000148,Validate workflow 6,Completed,Acme LLC - Enterprise Rollout,PHS-00031,Test,,,2026-05-17,2026-05-27,13.49,,,,Configure report 5,,,,,2026-05-17,2026-05-23,0.00,,false,Build and Deployment
PRJ-0027,TSK-000149,Migrate permission set 7,To do,Acme LLC - Enterprise Rollout,PHS-00028,Initiate,Elena Sato,,2026-05-18,2026-05-26,0.00,,,,Validate workflow 6,,,,,,,0.00,,true,Transition
PRJ-0027,TSK-000150,Configure environment 8,Blocked,Acme LLC - Enterprise Rollout,PHS-00030,Configure & Build,Ingrid Sato,,2026-05-19,2026-05-22,8.12,,,,Migrate permission set 7,,,,,,,0.00,,true,
PRJ-0027,TSK-000151,Validate workflow 9,Completed,Acme LLC - Enterprise Rollout,PHS-00031,Test,,,2026-05-20,2026-06-18,17.97,,,,Configure environment 8,,,,,2026-05-20,2026-05-26,0.00,,true,Discovery
PRJ-0027,TSK-000152,Review permission set 10,Completed,Acme LLC - Enterprise Rollout,PHS-00031,Test,Ingrid Sato,,2026-05-21,2026-05-24,9.70,,,,Validate workflow 9,,,,,2026-05-21,2026-06-03,0.00,,false,
PRJ-0027,TSK-000153,Migrate playbook 11,Completed,Acme LLC - Enterprise Rollout,PHS-00027,Getting Started,,,2026-05-22,2026-06-05,22.54,,,,Review permission set 10,,,,,2026-05-22,2026-05-27,0.00,,false,
PRJ-0027,TSK-000154,Review playbook 12,Completed,Acme LLC - Enterprise Rollout,PHS-00028,Initiate,Noah Diallo,,2026-05-23,2026-06-11,10.98,,,,Migrate playbook 11,,,,,2026-05-23,2026-06-08,0.00,,true,Program Management
PRJ-0027,TSK-000155,Deploy environment 13,Completed,Acme LLC - Enterprise Rollout,PHS-00029,Discover & Design,Noah Diallo,,2026-05-24,2026-05-26,30.51,,,,"Configure playbook 3, Validate workflow 9",,,,,2026-05-24,2026-06-13,0.00,,true,Program Management
PRJ-0027,TSK-000156,Migrate data model 14,Completed,Acme LLC - Enterprise Rollout,PHS-00031,Test,Noah Diallo,,2026-05-25,2026-05-28,4.66,,,,Validate workflow 6,,,,,2026-05-25,2026-06-10,0.00,,false,Program Management
PRJ-0027,TSK-000157,Audit environment 15,Blocked,Acme LLC - Enterprise Rollout,PHS-00029,Discover & Design,,,2026-05-26,2026-06-17,0.00,,,,"Configure report 5, Review permission set 10, Migrate playbook 11",,,,,,,0.00,,true,Project Setup
PRJ-0027,TSK-000158,Document permission set 16,In progress,Acme LLC - Enterprise Rollout,PHS-00030,Configure & Build,Ingrid Sato,,2026-05-27,2026-06-02,0.00,,,,"Audit permission set 4, Validate workflow 9, Review permission set 10",,,,,2026-05-27,,0.00,,true,Discovery
PRJ-0027,TSK-000159,Review environment 17,In progress,Acme LLC - Enterprise Rollout,PHS-00028,Initiate,Noah Novak,,2026-05-28,2026-06-17,0.00,,,,,,,,,2026-05-28,,0.00,,true,
PRJ-0027,TSK-000160,Migrate workflow 18,Blocked,Acme LLC - Enterprise Rollout,PHS-00028,Initiate,Noah Novak,,2026-05-29,2026-06-25,38.88,,,,"Configure playbook 3, Review permission set 10",,,,,,,0.00,,true,Test Execution
PRJ-0027,TSK-000161,Review workflow 19,To do,Acme LLC - Enterprise Rollout,PHS-00027,Getting Started,Ingrid Sato,,2026-05-30,2026-06-27,0.00,,,,,,,,,,,0.00,,true,Transition
PRJ-0027,TSK-000162,Deploy template 20,In progress,Acme LLC - Enterprise Rollout,PHS-00030,Configure & Build,Marco Sato,,2026-05-31,2026-06-25,0.00,,,,Review workflow 19,,,,,2026-05-31,,0.00,,true,Program Management
PRJ-0027,TSK-000163,Document integration 21,In progress,Acme LLC - Enterprise Rollout,PHS-00031,Test,Elena Sato,,2026-06-01,2026-06-20,0.00,,,,"Validate workflow 9, Document permission set 16, Migrate workflow 18",,,,,2026-06-01,,0.00,,false,Program Management
PRJ-0027,TSK-000164,Review workflow 22,Completed,Acme LLC - Enterprise Rollout,PHS-00027,Getting Started,Ingrid Sato,,2026-06-02,2026-06-11,29.96,,,,"Validate workflow 6, Deploy environment 13, Migrate workflow 18, Deploy template 20",,,,,2026-06-02,2026-06-12,0.00,,true,Project Setup
PRJ-0027,TSK-000165,Deploy environment 23,NA,Acme LLC - Enterprise Rollout,PHS-00027,Getting Started,Noah Novak,,2026-06-03,2026-06-09,0.00,,,,"Migrate permission set 7, Deploy environment 13, Migrate data model 14, Review environment 17, Deploy template 20",,,,,,,0.00,,false,Project Setup
PRJ-0027,TSK-000166,Document playbook 24,Completed,Acme LLC - Enterprise Rollout,PHS-00028,Initiate,,,2026-06-04,2026-06-20,27.29,,,,"Validate workflow 6, Configure environment 8, Review permission set 10, Deploy environment 23",,,,,2026-06-04,2026-07-04,0.00,,true,
PRJ-0027,TSK-000167,Review workflow 25,Completed,Acme LLC - Enterprise Rollout,PHS-00031,Test,Noah Diallo,,2026-06-05,2026-06-08,4.20,,,,,,,,,2026-06-05,2026-07-02,0.00,,false,Discovery
PRJ-0027,TSK-000168,Deploy report 26,Completed,Acme LLC - Enterprise Rollout,PHS-00027,Getting Started,Ingrid Sato,,2026-06-06,2026-06-11,36.48,true,,,,,,,,2026-06-06,2026-06-10,0.00,,true,Test Execution
PRJ-0027,TSK-000169,Review template 27,Completed,Acme LLC - Enterprise Rollout,PHS-00028,Initiate,Marco Sato,,2026-06-07,2026-07-03,38.44,true,,,,,,,,2026-06-07,2026-06-21,0.00,,false,Test Execution
PRJ-0028,TSK-000170,Validate report 1,To do,Cyberdyne LLC - Enterprise Rollout,PHS-00033,Initiate,Marco Diallo,,2026-07-22,2026-08-04,8.36,,,,,,,,,,,0.00,,false,
PRJ-0028,TSK-000171,Validate integration 2,To do,Cyberdyne LLC - Enterprise Rollout,PHS-00033,Initiate,Sofia Berg,,2026-07-23,2026-08-19,16.76,,,,Validate report 1,,,,,,,0.00,,true,Build and Deployment
PRJ-0028,TSK-000172,Deploy workflow 3,Completed,Cyberdyne LLC - Enterprise Rollout,PHS-00032,Getting Started,Yusuf Rossi,,2026-07-24,2026-08-21,33.31,,,,Validate integration 2,,,,,2026-07-24,2026-08-02,0.00,,true,Program Management
PRJ-0028,TSK-000173,Document template 4,To do,Cyberdyne LLC - Enterprise Rollout,PHS-00032,Getting Started,Yusuf Diallo,,2026-07-25,2026-08-23,23.96,,,,Deploy workflow 3,,,,,,,0.00,,true,
PRJ-0028,TSK-000174,Configure data model 5,In progress,Cyberdyne LLC - Enterprise Rollout,PHS-00033,Initiate,Marco Diallo,,2026-07-26,2026-07-30,4.90,,,,Document template 4,,,,,2026-07-26,,0.00,,true,Discovery
PRJ-0028,TSK-000175,Configure workflow 6,To do,Cyberdyne LLC - Enterprise Rollout,PHS-00032,Getting Started,,,2026-07-27,2026-08-10,0.00,,,,Configure data model 5,,,,,,,0.00,,true,Transition
PRJ-0028,TSK-000176,Validate data model 7,In progress,Cyberdyne LLC - Enterprise Rollout,PHS-00032,Getting Started,,,2026-07-28,2026-08-03,0.00,,,,Configure workflow 6,,,,,2026-07-28,,0.00,,true,Transition
PRJ-0028,TSK-000177,Deploy template 8,Completed,Cyberdyne LLC - Enterprise Rollout,PHS-00032,Getting Started,,,2026-07-29,2026-08-24,28.16,,,,Validate data model 7,,,,,2026-07-29,2026-08-12,0.00,,false,Program Management
PRJ-0028,TSK-000178,Deploy permission set 9,To do,Cyberdyne LLC - Enterprise Rollout,PHS-00032,Getting Started,Sofia Berg,,2026-07-30,2026-08-05,32.94,,,,Deploy template 8,,,,,,,0.00,,true,Program Management
PRJ-0028,TSK-000179,Configure integration 10,To do,Cyberdyne LLC - Enterprise Rollout,PHS-00033,Initiate,Yusuf Diallo,,2026-07-31,2026-08-16,0.00,,,,Deploy permission set 9,,,,,,,0.00,,true,Transition
PRJ-0028,TSK-000180,Document environment 11,To do,Cyberdyne LLC - Enterprise Rollout,PHS-00032,Getting Started,,,2026-08-01,2026-08-28,0.00,,,,Configure integration 10,,,,,,,0.00,,true,
PRJ-0028,TSK-000181,Configure workflow 12,Completed,Cyberdyne LLC - Enterprise Rollout,PHS-00033,Initiate,Sofia Berg,,2026-08-02,2026-08-23,31.88,,,,Document environment 11,,,,,2026-08-02,2026-08-27,0.00,,false,Test Execution
PRJ-0028,TSK-000182,Configure playbook 13,Completed,Cyberdyne LLC - Enterprise Rollout,PHS-00032,Getting Started,Sofia Berg,,2026-08-03,2026-09-01,22.47,,,,,,,,,2026-08-03,2026-08-08,0.00,,false,Program Management
PRJ-0028,TSK-000183,Audit workflow 14,Completed,Cyberdyne LLC - Enterprise Rollout,PHS-00033,Initiate,,,2026-08-04,2026-09-02,0.00,,,,"Validate report 1, Deploy workflow 3, Document template 4, Configure playbook 13",,,,,2026-08-04,2026-09-01,0.00,,false,Test Execution
PRJ-0028,TSK-000184,Validate workflow 15,Completed,Cyberdyne LLC - Enterprise Rollout,PHS-00033,Initiate,Yusuf Rossi,,2026-08-05,2026-08-24,38.43,,,,Validate report 1,,,,,2026-08-05,2026-08-09,0.00,,true,
PRJ-0028,TSK-000185,Review template 16,NA,Cyberdyne LLC - Enterprise Rollout,PHS-00032,Getting Started,Yusuf Rossi,,2026-08-06,2026-08-09,0.00,,,,"Validate data model 7, Deploy permission set 9, Document environment 11, Configure playbook 13, Validate workflow 15",,,,,,,0.00,,true,
PRJ-0028,TSK-000186,Deploy permission set 17,Completed,Cyberdyne LLC - Enterprise Rollout,PHS-00033,Initiate,Yusuf Diallo,,2026-08-07,2026-08-14,31.65,,,,"Validate report 1, Deploy workflow 3, Document environment 11, Configure playbook 13, Audit workflow 14",,,,,2026-08-07,2026-08-31,0.00,,true,Transition
PRJ-0028,TSK-000187,Document report 18,Completed,Cyberdyne LLC - Enterprise Rollout,PHS-00033,Initiate,,,2026-08-08,2026-08-13,27.20,,,,"Deploy permission set 9, Configure integration 10, Document environment 11, Configure playbook 13",,,,,2026-08-08,2026-08-30,0.00,,true,Test Execution
PRJ-0028,TSK-000188,Review report 19,In progress,Cyberdyne LLC - Enterprise Rollout,PHS-00033,Initiate,Marco Diallo,,2026-08-09,2026-08-25,7.40,,,,,TSK-000187,Document report 18,,,2026-08-09,,0.00,,true,Project Setup
PRJ-0028,TSK-000189,Train playbook 20,Completed,Cyberdyne LLC - Enterprise Rollout,PHS-00033,Initiate,Marco Diallo,,2026-08-10,2026-08-31,32.64,,,,,,,,,2026-08-10,2026-08-19,0.00,,true,Discovery
PRJ-0028,TSK-000190,Review permission set 21,To do,Cyberdyne LLC - Enterprise Rollout,PHS-00032,Getting Started,,,2026-08-11,2026-08-17,0.00,true,,,,,,,,,,0.00,,true,Discovery
PRJ-0028,TSK-000191,Audit data model 22,Completed,Cyberdyne LLC - Enterprise Rollout,PHS-00033,Initiate,,,2026-08-12,2026-08-28,31.48,true,,,"Validate report 1, Validate workflow 15",,,,,2026-08-12,2026-09-02,0.00,,true,Project Setup
PRJ-0029,TSK-000192,Validate environment 1,To do,Contoso Inc - Integration Program,PHS-00039,Transfer,,,2026-07-20,2026-08-11,0.00,,,,,,,,,,,0.00,,true,Transition
PRJ-0029,TSK-000193,Migrate permission set 2,Completed,Contoso Inc - Integration Program,PHS-00039,Transfer,Tomas Sato,,2026-07-21,2026-07-28,6.25,,,,Validate environment 1,,,,,2026-07-21,2026-08-11,0.00,,true,
PRJ-0029,TSK-000194,Configure template 3,Completed,Contoso Inc - Integration Program,PHS-00035,Initiate,Tomas Sato,,2026-07-22,2026-07-28,0.00,,,,Migrate permission set 2,,,,,2026-07-22,2026-07-25,0.00,,true,Transition
PRJ-0029,TSK-000195,Validate report 4,To do,Contoso Inc - Integration Program,PHS-00038,Test,,,2026-07-23,2026-07-29,18.44,,,,Configure template 3,,,,,,,0.00,,true,Transition
PRJ-0029,TSK-000196,Audit template 5,Completed,Contoso Inc - Integration Program,PHS-00037,Configure & Build,,,2026-07-24,2026-08-18,8.18,,,,Validate report 4,,,,,2026-07-24,2026-08-10,0.00,,true,Test Execution
PRJ-0029,TSK-000197,Deploy environment 6,Completed,Contoso Inc - Integration Program,PHS-00035,Initiate,Zara Kaya,,2026-07-25,2026-08-18,10.16,,,,Audit template 5,,,,,2026-07-25,2026-08-22,0.00,,true,Project Setup
PRJ-0029,TSK-000198,Deploy workflow 7,Completed,Contoso Inc - Integration Program,PHS-00036,Discover & Design,Priya Sato,,2026-07-26,2026-08-06,33.77,,,,Deploy environment 6,,,,,2026-07-26,2026-08-23,0.00,,true,Transition
PRJ-0029,TSK-000199,Train permission set 8,Blocked,Contoso Inc - Integration Program,PHS-00039,Transfer,Zara Kaya,,2026-07-27,2026-08-14,23.69,,,,Deploy workflow 7,,,,,,,0.00,,true,Discovery
PRJ-0029,TSK-000200,Review integration 9,In progress,Contoso Inc - Integration Program,PHS-00035,Initiate,,,2026-07-28,2026-08-22,7.60,,,,Train permission set 8,,,,,2026-07-28,,0.00,,true,Program Management
PRJ-0029,TSK-000201,Audit workflow 10,To do,Contoso Inc - Integration Program,PHS-00037,Configure & Build,,,2026-07-29,2026-08-23,0.00,,,,Review integration 9,,,,,,,0.00,,true,
PRJ-0029,TSK-000202,Validate playbook 11,To do,Contoso Inc - Integration Program,PHS-00038,Test,,,2026-07-30,2026-08-07,0.00,,,,Audit workflow 10,,,,,,,0.00,,true,Program Management
PRJ-0029,TSK-000203,Deploy workflow 12,To do,Contoso Inc - Integration Program,PHS-00039,Transfer,,,2026-07-31,2026-08-26,0.00,,,,Validate playbook 11,,,,,,,0.00,,true,Transition
PRJ-0029,TSK-000204,Deploy report 13,NA,Contoso Inc - Integration Program,PHS-00037,Configure & Build,Zara Kaya,,2026-08-01,2026-08-28,10.21,,,,"Migrate permission set 2, Train permission set 8",,,,,,,0.00,,false,Build and Deployment
PRJ-0029,TSK-000205,Configure data model 14,To do,Contoso Inc - Integration Program,PHS-00034,Getting Started,Tomas Sato,,2026-08-02,2026-08-06,0.00,,,,,TSK-000199,Train permission set 8,,,,,0.00,,true,Discovery
PRJ-0029,TSK-000206,Document environment 15,To do,Contoso Inc - Integration Program,PHS-00039,Transfer,Tomas Sato,,2026-08-03,2026-08-21,17.09,,,,"Validate report 4, Audit template 5",,,,,,,0.00,,true,Test Execution
PRJ-0029,TSK-000207,Train workflow 16,Completed,Contoso Inc - Integration Program,PHS-00037,Configure & Build,Tomas Sato,,2026-08-04,2026-08-12,0.00,,,,"Validate environment 1, Validate report 4, Deploy workflow 7, Train permission set 8, Deploy report 13",,,,,2026-08-04,2026-08-11,0.00,,true,Project Setup
PRJ-0029,TSK-000208,Configure report 17,To do,Contoso Inc - Integration Program,PHS-00034,Getting Started,Tomas Sato,,2026-08-05,2026-08-30,0.00,,,,,,,,,,,0.00,,true,Program Management
PRJ-0029,TSK-000209,Validate report 18,Completed,Contoso Inc - Integration Program,PHS-00038,Test,Tomas Sato,,2026-08-06,2026-08-14,17.71,,,,,,,,,2026-08-06,2026-08-18,0.00,,true,Build and Deployment
PRJ-0029,TSK-000210,Audit template 19,Completed,Contoso Inc - Integration Program,PHS-00035,Initiate,,,2026-08-07,2026-08-13,28.29,,,,"Deploy report 13, Validate report 18",,,,,2026-08-07,2026-08-20,0.00,,true,Transition
PRJ-0029,TSK-000211,Train permission set 20,To do,Contoso Inc - Integration Program,PHS-00038,Test,Priya Sato,,2026-08-08,2026-08-14,3.65,,,,"Validate environment 1, Train permission set 8, Audit workflow 10, Validate playbook 11, Document environment 15",,,,,,,0.00,,true,Test Execution
PRJ-0029,TSK-000212,Migrate data model 21,Completed,Contoso Inc - Integration Program,PHS-00036,Discover & Design,,,2026-08-09,2026-08-11,11.69,,,,"Validate report 4, Validate playbook 11, Validate report 18, Audit template 19",,,,,2026-08-09,2026-08-10,0.00,,true,Discovery
PRJ-0029,TSK-000213,Deploy playbook 22,Completed,Contoso Inc - Integration Program,PHS-00035,Initiate,Priya Sato,,2026-08-10,2026-08-28,28.27,true,,,"Migrate permission set 2, Configure data model 14, Configure report 17",,,,,2026-08-10,2026-09-07,0.00,,true,
PRJ-0029,TSK-000214,Migrate template 23,Completed,Contoso Inc - Integration Program,PHS-00036,Discover & Design,,,2026-08-11,2026-09-02,0.00,true,,,Configure data model 14,,,,,2026-08-11,2026-08-28,0.00,,false,Test Execution
PRJ-0030,TSK-000215,Deploy data model 1,To do,Cyberdyne Ltd - Enterprise Rollout,PHS-00040,Getting Started,Zara Novak,,2026-05-13,2026-05-26,11.64,,,,,,,,,,,0.00,,true,Discovery
PRJ-0030,TSK-000216,Train permission set 2,To do,Cyberdyne Ltd - Enterprise Rollout,PHS-00042,Discover & Design,Zara Novak,,2026-05-14,2026-06-07,0.00,,,,Deploy data model 1,,,,,,,0.00,,true,Build and Deployment
PRJ-0030,TSK-000217,Migrate workflow 3,Completed,Cyberdyne Ltd - Enterprise Rollout,PHS-00043,Configure & Build,,,2026-05-15,2026-05-31,26.96,,,,Train permission set 2,,,,,2026-05-15,2026-06-06,0.00,,true,
PRJ-0030,TSK-000218,Migrate environment 4,In progress,Cyberdyne Ltd - Enterprise Rollout,PHS-00040,Getting Started,Zara Novak,,2026-05-16,2026-06-02,15.92,,,,Migrate workflow 3,,,,,2026-05-16,,0.00,,true,Discovery
PRJ-0030,TSK-000219,Migrate template 5,To do,Cyberdyne Ltd - Enterprise Rollout,PHS-00043,Configure & Build,,,2026-05-17,2026-06-10,33.43,,,,Migrate environment 4,,,,,,,0.00,,true,
PRJ-0030,TSK-000220,Train integration 6,Completed,Cyberdyne Ltd - Enterprise Rollout,PHS-00042,Discover & Design,Zara Novak,,2026-05-18,2026-05-25,16.99,,,,Migrate template 5,,,,,2026-05-18,2026-06-14,0.00,,false,Program Management
PRJ-0030,TSK-000221,Validate integration 7,To do,Cyberdyne Ltd - Enterprise Rollout,PHS-00040,Getting Started,Zara Novak,,2026-05-19,2026-05-27,12.12,,,,Train integration 6,,,,,,,0.00,,false,Build and Deployment
PRJ-0030,TSK-000222,Review template 8,To do,Cyberdyne Ltd - Enterprise Rollout,PHS-00040,Getting Started,Zara Novak,,2026-05-20,2026-06-09,36.98,,,,Validate integration 7,,,,,,,0.00,,true,Test Execution
PRJ-0030,TSK-000223,Review template 9,Completed,Cyberdyne Ltd - Enterprise Rollout,PHS-00044,Test,,,2026-05-21,2026-06-14,26.97,,,,Review template 8,,,,,2026-05-21,2026-06-03,0.00,,false,Build and Deployment
PRJ-0030,TSK-000224,Deploy template 10,Completed,Cyberdyne Ltd - Enterprise Rollout,PHS-00044,Test,,,2026-05-22,2026-05-29,28.07,,,,Review template 9,,,,,2026-05-22,2026-06-05,0.00,,true,Discovery
PRJ-0030,TSK-000225,Audit workflow 11,In progress,Cyberdyne Ltd - Enterprise Rollout,PHS-00040,Getting Started,Zara Novak,,2026-05-23,2026-06-09,0.00,,,,Deploy template 10,,,,,2026-05-23,,0.00,,true,Discovery
PRJ-0030,TSK-000226,Review permission set 12,To do,Cyberdyne Ltd - Enterprise Rollout,PHS-00040,Getting Started,Zara Novak,,2026-05-24,2026-06-21,0.00,,,,Audit workflow 11,,,,,,,0.00,,true,Discovery
PRJ-0030,TSK-000227,Audit template 13,Completed,Cyberdyne Ltd - Enterprise Rollout,PHS-00040,Getting Started,,,2026-05-25,2026-06-11,0.00,,,,"Deploy data model 1, Migrate workflow 3, Train integration 6",,,,,2026-05-25,2026-06-20,0.00,,false,Project Setup
PRJ-0030,TSK-000228,Review permission set 14,Completed,Cyberdyne Ltd - Enterprise Rollout,PHS-00040,Getting Started,Zara Novak,,2026-05-26,2026-06-08,6.34,,,,"Deploy data model 1, Review template 8, Review template 9",,,,,2026-05-26,2026-06-23,0.00,,true,Project Setup
PRJ-0030,TSK-000229,Configure permission set 15,Completed,Cyberdyne Ltd - Enterprise Rollout,PHS-00042,Discover & Design,Zara Novak,,2026-05-27,2026-06-25,0.00,,,,"Train permission set 2, Migrate environment 4, Review permission set 14",,,,,2026-05-27,2026-06-22,0.00,,true,Project Setup
PRJ-0030,TSK-000230,Train integration 16,Completed,Cyberdyne Ltd - Enterprise Rollout,PHS-00043,Configure & Build,,,2026-05-28,2026-06-11,0.00,,,,,TSK-000229,Configure permission set 15,,,2026-05-28,2026-06-04,0.00,,true,Project Setup
PRJ-0030,TSK-000231,Migrate integration 17,Blocked,Cyberdyne Ltd - Enterprise Rollout,PHS-00042,Discover & Design,,,2026-05-29,2026-06-09,34.58,true,,,"Migrate workflow 3, Train integration 16",,,,,,,0.00,,true,Discovery
PRJ-0031,TSK-000232,Deploy environment 1,Completed,Wayne Group - Phase 1 Implementation,PHS-00046,Initiate,,,2026-05-03,2026-05-25,10.63,,,,,,,,,2026-05-03,2026-05-07,0.00,,false,Program Management
PRJ-0031,TSK-000233,Migrate report 2,Completed,Wayne Group - Phase 1 Implementation,PHS-00049,Test,Elena Diallo,,2026-05-04,2026-05-08,0.00,,,,Deploy environment 1,,,,,2026-05-04,2026-05-09,0.00,,false,Transition
PRJ-0031,TSK-000234,Train integration 3,Completed,Wayne Group - Phase 1 Implementation,PHS-00048,Configure & Build,Elena Diallo,,2026-05-05,2026-05-31,24.58,,,,Migrate report 2,,,,,2026-05-05,2026-06-02,0.00,,true,Program Management
PRJ-0031,TSK-000235,Deploy report 4,Completed,Wayne Group - Phase 1 Implementation,PHS-00046,Initiate,Elena Diallo,,2026-05-06,2026-05-22,0.00,,,,Train integration 3,,,,,2026-05-06,2026-06-01,0.00,,true,Transition
PRJ-0031,TSK-000236,Document environment 5,Completed,Wayne Group - Phase 1 Implementation,PHS-00046,Initiate,Elena Diallo,,2026-05-07,2026-05-25,3.05,,,,Deploy report 4,,,,,2026-05-07,2026-06-05,0.00,,true,Program Management
PRJ-0031,TSK-000237,Validate integration 6,Completed,Wayne Group - Phase 1 Implementation,PHS-00045,Getting Started,,,2026-05-08,2026-05-30,0.00,,,,Document environment 5,,,,,2026-05-08,2026-05-24,0.00,,true,Project Setup
PRJ-0031,TSK-000238,Configure integration 7,Completed,Wayne Group - Phase 1 Implementation,PHS-00047,Discover & Design,Elena Diallo,,2026-05-09,2026-05-19,15.65,,,,Validate integration 6,,,,,2026-05-09,2026-05-15,0.00,,false,Test Execution
PRJ-0031,TSK-000239,Review workflow 8,Completed,Wayne Group - Phase 1 Implementation,PHS-00050,Transfer,Elena Diallo,,2026-05-10,2026-05-27,1.02,,,,Configure integration 7,,,,,2026-05-10,2026-05-30,0.00,,true,Program Management
PRJ-0031,TSK-000240,Audit permission set 9,Completed,Wayne Group - Phase 1 Implementation,PHS-00049,Test,Elena Diallo,,2026-05-11,2026-06-03,32.53,,,,Review workflow 8,,,,,2026-05-11,2026-05-18,0.00,,true,Transition
PRJ-0031,TSK-000241,Validate report 10,Completed,Wayne Group - Phase 1 Implementation,PHS-00050,Transfer,,,2026-05-12,2026-05-27,4.85,,,,Audit permission set 9,,,,,2026-05-12,2026-05-17,0.00,,true,Discovery
PRJ-0031,TSK-000242,Migrate template 11,Completed,Wayne Group - Phase 1 Implementation,PHS-00048,Configure & Build,Elena Diallo,,2026-05-13,2026-05-26,36.87,,,,Validate report 10,,,,,2026-05-13,2026-05-15,0.00,,true,Build and Deployment
PRJ-0031,TSK-000243,Validate data model 12,Completed,Wayne Group - Phase 1 Implementation,PHS-00050,Transfer,Elena Diallo,,2026-05-14,2026-06-09,0.00,,,,Migrate template 11,,,,,2026-05-14,2026-06-05,0.00,,true,Build and Deployment
PRJ-0031,TSK-000244,Review permission set 13,Completed,Wayne Group - Phase 1 Implementation,PHS-00047,Discover & Design,Elena Diallo,,2026-05-15,2026-05-29,1.08,,,,,,,,,2026-05-15,2026-05-21,0.00,,true,Test Execution
PRJ-0031,TSK-000245,Audit permission set 14,Completed,Wayne Group - Phase 1 Implementation,PHS-00046,Initiate,,,2026-05-16,2026-05-22,6.30,,,,"Train integration 3, Document environment 5, Migrate template 11, Review permission set 13",,,,,2026-05-16,2026-05-30,0.00,,true,Test Execution
PRJ-0031,TSK-000246,Migrate integration 15,Completed,Wayne Group - Phase 1 Implementation,PHS-00049,Test,Elena Diallo,,2026-05-17,2026-05-26,24.65,,,,,,,,,2026-05-17,2026-05-28,0.00,,true,Build and Deployment
PRJ-0031,TSK-000247,Document playbook 16,Completed,Wayne Group - Phase 1 Implementation,PHS-00050,Transfer,Elena Diallo,,2026-05-18,2026-05-28,15.46,,,,"Validate report 10, Review permission set 13",,,,,2026-05-18,2026-06-09,0.00,,true,Transition
PRJ-0031,TSK-000248,Review environment 17,Completed,Wayne Group - Phase 1 Implementation,PHS-00046,Initiate,,,2026-05-19,2026-06-04,22.28,,,,Train integration 3,,,,,2026-05-19,2026-06-12,0.00,,true,Discovery
PRJ-0031,TSK-000249,Document permission set 18,Completed,Wayne Group - Phase 1 Implementation,PHS-00045,Getting Started,Elena Diallo,,2026-05-20,2026-06-08,18.79,,,,Validate integration 6,,,,,2026-05-20,2026-06-03,0.00,,true,
PRJ-0031,TSK-000250,Deploy data model 19,Completed,Wayne Group - Phase 1 Implementation,PHS-00045,Getting Started,Elena Diallo,,2026-05-21,2026-06-17,0.00,,,,"Train integration 3, Deploy report 4",,,,,2026-05-21,2026-06-12,0.00,,true,
PRJ-0031,TSK-000251,Migrate data model 20,Completed,Wayne Group - Phase 1 Implementation,PHS-00048,Configure & Build,,,2026-05-22,2026-05-29,0.00,,,,,TSK-000234,Train integration 3,,,2026-05-22,2026-06-19,0.00,,true,Build and Deployment
PRJ-0031,TSK-000252,Migrate workflow 21,Completed,Wayne Group - Phase 1 Implementation,PHS-00045,Getting Started,Elena Diallo,,2026-05-23,2026-06-21,22.24,,,,"Deploy environment 1, Deploy report 4, Validate integration 6, Validate report 10, Document permission set 18",,,,,2026-05-23,2026-06-17,0.00,,true,Build and Deployment
PRJ-0031,TSK-000253,Configure environment 22,Completed,Wayne Group - Phase 1 Implementation,PHS-00046,Initiate,Elena Diallo,,2026-05-24,2026-06-14,0.00,,,,,TSK-000249,Document permission set 18,,,2026-05-24,2026-06-09,0.00,,false,Test Execution
PRJ-0031,TSK-000254,Review integration 23,Completed,Wayne Group - Phase 1 Implementation,PHS-00046,Initiate,Elena Diallo,,2026-05-25,2026-06-15,12.21,true,,,Audit permission set 9,,,,,2026-05-25,2026-05-28,0.00,,true,Discovery
PRJ-0031,TSK-000255,Migrate integration 24,Completed,Wayne Group - Phase 1 Implementation,PHS-00047,Discover & Design,Elena Diallo,,2026-05-26,2026-06-13,39.78,true,,,Migrate data model 20,,,,,2026-05-26,2026-05-29,0.00,,false,Discovery
PRJ-0032,TSK-000256,Train data model 1,To do,Initech Inc - Enterprise Rollout,PHS-00051,Getting Started,Marco Sato,,2026-05-04,2026-05-09,0.00,,,,,,,,,,,0.00,,true,Program Management
PRJ-0032,TSK-000257,Deploy data model 2,To do,Initech Inc - Enterprise Rollout,PHS-00052,Initiate,Hana Rossi,,2026-05-05,2026-05-06,0.00,,,,Train data model 1,,,,,,,0.00,,true,Program Management
PRJ-0032,TSK-000258,Document integration 3,NA,Initech Inc - Enterprise Rollout,PHS-00052,Initiate,,,2026-05-06,2026-05-26,26.65,,,,Deploy data model 2,,,,,,,0.00,,false,Project Setup
PRJ-0032,TSK-000259,Deploy permission set 4,To do,Initech Inc - Enterprise Rollout,PHS-00053,Discover & Design,Kwame Rossi,,2026-05-07,2026-06-02,38.90,,,,Document integration 3,,,,,,,0.00,,true,Build and Deployment
PRJ-0032,TSK-000260,Audit permission set 5,In progress,Initech Inc - Enterprise Rollout,PHS-00051,Getting Started,Marco Sato,,2026-05-08,2026-05-25,22.20,,,,Deploy permission set 4,,,,,2026-05-08,,0.00,,true,Project Setup
PRJ-0032,TSK-000261,Validate integration 6,Completed,Initech Inc - Enterprise Rollout,PHS-00052,Initiate,,,2026-05-09,2026-05-29,21.63,,,,Audit permission set 5,,,,,2026-05-09,2026-05-28,0.00,,true,Transition
PRJ-0032,TSK-000262,Validate permission set 7,NA,Initech Inc - Enterprise Rollout,PHS-00053,Discover & Design,Marco Sato,,2026-05-10,2026-05-19,1.10,,,,Validate integration 6,,,,,,,0.00,,true,
PRJ-0032,TSK-000263,Train data model 8,To do,Initech Inc - Enterprise Rollout,PHS-00053,Discover & Design,Marco Sato,,2026-05-11,2026-06-05,7.33,,,,Validate permission set 7,,,,,,,0.00,,true,Discovery
PRJ-0032,TSK-000264,Deploy workflow 9,To do,Initech Inc - Enterprise Rollout,PHS-00051,Getting Started,Hana Rossi,,2026-05-12,2026-05-29,0.00,,,,Train data model 8,,,,,,,0.00,,true,Test Execution
PRJ-0032,TSK-000265,Review integration 10,To do,Initech Inc - Enterprise Rollout,PHS-00052,Initiate,Kwame Rossi,,2026-05-13,2026-05-22,0.00,,,,Deploy workflow 9,,,,,,,0.00,,true,Program Management
PRJ-0032,TSK-000266,Train template 11,In progress,Initech Inc - Enterprise Rollout,PHS-00051,Getting Started,,,2026-05-14,2026-05-30,0.00,,,,Review integration 10,,,,,2026-05-14,,0.00,,false,Build and Deployment
PRJ-0032,TSK-000267,Configure integration 12,To do,Initech Inc - Enterprise Rollout,PHS-00053,Discover & Design,Hana Rossi,,2026-05-15,2026-05-23,18.80,,,,Train template 11,,,,,,,0.00,,true,Test Execution
PRJ-0032,TSK-000268,Migrate integration 13,Completed,Initech Inc - Enterprise Rollout,PHS-00052,Initiate,Hana Rossi,,2026-05-16,2026-05-20,22.96,,,,"Train data model 1, Deploy data model 2, Document integration 3, Audit permission set 5",,,,,2026-05-16,2026-05-20,0.00,,true,Program Management
PRJ-0032,TSK-000269,Configure environment 14,To do,Initech Inc - Enterprise Rollout,PHS-00052,Initiate,Kwame Rossi,,2026-05-17,2026-06-12,1.39,,,,"Train data model 1, Train template 11, Migrate integration 13",,,,,,,0.00,,true,Transition
PRJ-0032,TSK-000270,Train environment 15,Blocked,Initech Inc - Enterprise Rollout,PHS-00051,Getting Started,Kwame Rossi,,2026-05-18,2026-06-08,0.00,,,,,,,,,,,0.00,,false,Discovery
PRJ-0032,TSK-000271,Audit integration 16,To do,Initech Inc - Enterprise Rollout,PHS-00052,Initiate,Hana Rossi,,2026-05-19,2026-05-25,0.00,,,,,,,,,,,0.00,,true,Build and Deployment
PRJ-0032,TSK-000272,Audit report 17,To do,Initech Inc - Enterprise Rollout,PHS-00052,Initiate,Marco Sato,,2026-05-20,2026-06-12,5.05,,,,"Audit permission set 5, Deploy workflow 9",,,,,,,0.00,,false,Build and Deployment
PRJ-0032,TSK-000273,Review permission set 18,To do,Initech Inc - Enterprise Rollout,PHS-00053,Discover & Design,Marco Sato,,2026-05-21,2026-06-17,6.85,,,,,,,,,,,0.00,,true,Transition
PRJ-0032,TSK-000274,Review data model 19,In progress,Initech Inc - Enterprise Rollout,PHS-00051,Getting Started,,,2026-05-22,2026-06-17,0.94,,,,,,,,,2026-05-22,,0.00,,true,Build and Deployment
PRJ-0032,TSK-000275,Audit playbook 20,To do,Initech Inc - Enterprise Rollout,PHS-00053,Discover & Design,Kwame Rossi,,2026-05-23,2026-06-03,0.00,,,,,,,,,,,0.00,,true,Transition
PRJ-0032,TSK-000276,Review data model 21,Completed,Initech Inc - Enterprise Rollout,PHS-00052,Initiate,Hana Rossi,,2026-05-24,2026-05-26,0.00,,,,Audit playbook 20,,,,,2026-05-24,2026-06-08,0.00,,false,Project Setup
PRJ-0032,TSK-000277,Deploy permission set 22,To do,Initech Inc - Enterprise Rollout,PHS-00052,Initiate,Hana Rossi,,2026-05-25,2026-06-20,27.87,,,,"Deploy data model 2, Audit permission set 5, Review data model 19",,,,,,,0.00,,true,Transition
PRJ-0032,TSK-000278,Train permission set 23,Blocked,Initech Inc - Enterprise Rollout,PHS-00053,Discover & Design,Marco Sato,,2026-05-26,2026-06-18,0.00,true,,,"Train data model 1, Deploy data model 2, Review integration 10, Review permission set 18",,,,,,,0.00,,true,Project Setup
PRJ-0032,TSK-000279,Document workflow 24,Completed,Initech Inc - Enterprise Rollout,PHS-00051,Getting Started,Kwame Rossi,,2026-05-27,2026-06-03,0.00,true,,,,,,,,2026-05-27,2026-06-23,0.00,,false,Transition
PRJ-0033,TSK-000280,Train data model 1,Completed,Umbrella GmbH - Phase 2 Rollout,PHS-00055,Initiate,,,2026-03-21,2026-04-08,39.49,,,,,,,,,2026-03-21,2026-03-22,0.00,,false,Project Setup
PRJ-0033,TSK-000281,Document data model 2,In progress,Umbrella GmbH - Phase 2 Rollout,PHS-00054,Getting Started,Tomas Novak,,2026-03-22,2026-03-30,0.00,,,,Train data model 1,,,,,2026-03-22,,0.00,,true,Discovery
PRJ-0033,TSK-000282,Validate workflow 3,To do,Umbrella GmbH - Phase 2 Rollout,PHS-00055,Initiate,,,2026-03-23,2026-04-08,0.00,,,,Document data model 2,,,,,,,0.00,,false,Program Management
PRJ-0033,TSK-000283,Configure playbook 4,Completed,Umbrella GmbH - Phase 2 Rollout,PHS-00056,Discover & Design,,,2026-03-24,2026-04-21,20.83,,,,Validate workflow 3,,,,,2026-03-24,2026-04-12,0.00,,true,
PRJ-0033,TSK-000284,Train report 5,Completed,Umbrella GmbH - Phase 2 Rollout,PHS-00055,Initiate,Lena Rossi,,2026-03-25,2026-04-15,12.85,,,,Configure playbook 4,,,,,2026-03-25,2026-03-29,0.00,,true,Build and Deployment
PRJ-0033,TSK-000285,Deploy workflow 6,Completed,Umbrella GmbH - Phase 2 Rollout,PHS-00056,Discover & Design,Tomas Novak,,2026-03-26,2026-04-21,29.45,,,,Train report 5,,,,,2026-03-26,2026-03-30,0.00,,true,Project Setup
PRJ-0033,TSK-000286,Validate data model 7,NA,Umbrella GmbH - Phase 2 Rollout,PHS-00055,Initiate,Tomas Novak,,2026-03-27,2026-04-20,0.00,,,,Deploy workflow 6,,,,,,,0.00,,true,Discovery
PRJ-0033,TSK-000287,Train template 8,NA,Umbrella GmbH - Phase 2 Rollout,PHS-00056,Discover & Design,,,2026-03-28,2026-04-21,10.50,,,,Validate data model 7,,,,,,,0.00,,true,Test Execution
PRJ-0033,TSK-000288,Migrate report 9,Completed,Umbrella GmbH - Phase 2 Rollout,PHS-00056,Discover & Design,Tomas Novak,,2026-03-29,2026-04-08,6.88,,,,Train template 8,,,,,2026-03-29,2026-04-04,0.00,,false,Program Management
PRJ-0033,TSK-000289,Migrate environment 10,Completed,Umbrella GmbH - Phase 2 Rollout,PHS-00054,Getting Started,Tomas Novak,,2026-03-30,2026-04-29,0.00,,,,Migrate report 9,,,,,2026-03-30,2026-04-23,0.00,,true,Project Setup
PRJ-0033,TSK-000290,Audit data model 11,Completed,Umbrella GmbH - Phase 2 Rollout,PHS-00054,Getting Started,,,2026-03-31,2026-04-19,27.86,,,,Migrate environment 10,,,,,2026-03-31,2026-04-08,0.00,,true,Program Management
PRJ-0033,TSK-000291,Train playbook 12,To do,Umbrella GmbH - Phase 2 Rollout,PHS-00057,Configure & Build,,,2026-04-01,2026-04-07,19.99,,,,Audit data model 11,,,,,,,0.00,,true,Project Setup
PRJ-0033,TSK-000292,Review data model 13,Completed,Umbrella GmbH - Phase 2 Rollout,PHS-00056,Discover & Design,Tomas Novak,,2026-04-02,2026-04-04,29.95,,,,"Deploy workflow 6, Validate data model 7, Migrate environment 10",,,,,2026-04-02,2026-05-01,0.00,,true,Project Setup
PRJ-0033,TSK-000293,Validate workflow 14,To do,Umbrella GmbH - Phase 2 Rollout,PHS-00056,Discover & Design,Tomas Novak,,2026-04-03,2026-04-23,0.00,,,,"Configure playbook 4, Validate data model 7",,,,,,,0.00,,true,Program Management
PRJ-0033,TSK-000294,Configure workflow 15,Completed,Umbrella GmbH - Phase 2 Rollout,PHS-00055,Initiate,Sofia Rossi,,2026-04-04,2026-04-11,34.90,,,,,,,,,2026-04-04,2026-04-12,0.00,,true,
PRJ-0033,TSK-000295,Validate report 16,To do,Umbrella GmbH - Phase 2 Rollout,PHS-00056,Discover & Design,Tomas Novak,,2026-04-05,2026-04-24,0.00,,,,,,,,,,,0.00,,true,Discovery
PRJ-0033,TSK-000296,Validate playbook 17,To do,Umbrella GmbH - Phase 2 Rollout,PHS-00055,Initiate,Daniel Kaya,,2026-04-06,2026-04-12,0.00,,,,"Configure playbook 4, Train report 5, Train template 8, Review data model 13",,,,,,,0.00,,true,Project Setup
PRJ-0033,TSK-000297,Train permission set 18,Completed,Umbrella GmbH - Phase 2 Rollout,PHS-00057,Configure & Build,Tomas Novak,,2026-04-07,2026-04-20,33.42,,,,,,,,,2026-04-07,2026-04-20,0.00,,true,
PRJ-0033,TSK-000298,Migrate workflow 19,Completed,Umbrella GmbH - Phase 2 Rollout,PHS-00057,Configure & Build,Tomas Novak,,2026-04-08,2026-04-29,0.00,,,,,,,,,2026-04-08,2026-04-13,0.00,,true,Build and Deployment
PRJ-0033,TSK-000299,Document workflow 20,To do,Umbrella GmbH - Phase 2 Rollout,PHS-00057,Configure & Build,Tomas Novak,,2026-04-09,2026-05-03,0.00,,,,,TSK-000291,Train playbook 12,,,,,0.00,,true,Program Management
PRJ-0033,TSK-000300,Audit template 21,Blocked,Umbrella GmbH - Phase 2 Rollout,PHS-00054,Getting Started,Tomas Novak,,2026-04-10,2026-04-27,0.00,,,,"Train report 5, Review data model 13, Migrate workflow 19, Document workflow 20",,,,,,,0.00,,true,
PRJ-0033,TSK-000301,Validate workflow 22,Blocked,Umbrella GmbH - Phase 2 Rollout,PHS-00055,Initiate,Sofia Rossi,,2026-04-11,2026-05-04,0.00,true,,,,,,,,,,0.00,,true,Build and Deployment
PRJ-0033,TSK-000302,Migrate integration 23,Completed,Umbrella GmbH - Phase 2 Rollout,PHS-00056,Discover & Design,,,2026-04-12,2026-04-17,20.64,true,,,,,,,,2026-04-12,2026-04-21,0.00,,false,Discovery
PRJ-0034,TSK-000303,Document workflow 1,In progress,Acme LLC - Phase 1 Implementation,PHS-00060,Discover & Design,Priya Sato,,2026-05-05,2026-05-11,36.65,,,,,,,,,2026-05-05,,0.00,,false,
PRJ-0034,TSK-000304,Configure workflow 2,In progress,Acme LLC - Phase 1 Implementation,PHS-00059,Initiate,Priya Sato,,2026-05-06,2026-05-16,0.00,,,,Document workflow 1,,,,,2026-05-06,,0.00,,false,Project Setup
PRJ-0034,TSK-000305,Configure environment 3,Completed,Acme LLC - Phase 1 Implementation,PHS-00063,Transfer,,,2026-05-07,2026-06-05,0.00,,,,Configure workflow 2,,,,,2026-05-07,2026-05-10,0.00,,true,Transition
PRJ-0034,TSK-000306,Document data model 4,To do,Acme LLC - Phase 1 Implementation,PHS-00060,Discover & Design,Marco Sato,,2026-05-08,2026-05-13,11.47,,,,Configure environment 3,,,,,,,0.00,,true,Test Execution
PRJ-0034,TSK-000307,Migrate integration 5,To do,Acme LLC - Phase 1 Implementation,PHS-00059,Initiate,Marco Sato,,2026-05-09,2026-05-28,0.00,,,,Document data model 4,,,,,,,0.00,,true,Program Management
PRJ-0034,TSK-000308,Document playbook 6,Completed,Acme LLC - Phase 1 Implementation,PHS-00060,Discover & Design,Yusuf Diallo,,2026-05-10,2026-05-14,39.99,,,,Migrate integration 5,,,,,2026-05-10,2026-05-22,0.00,,true,Build and Deployment
PRJ-0034,TSK-000309,Train permission set 7,To do,Acme LLC - Phase 1 Implementation,PHS-00058,Getting Started,Priya Sato,,2026-05-11,2026-05-16,37.29,,,,Document playbook 6,,,,,,,0.00,,true,Build and Deployment
PRJ-0034,TSK-000310,Audit integration 8,Blocked,Acme LLC - Phase 1 Implementation,PHS-00060,Discover & Design,,,2026-05-12,2026-05-14,9.51,,,,Train permission set 7,,,,,,,0.00,,false,Build and Deployment
PRJ-0034,TSK-000311,Audit environment 9,To do,Acme LLC - Phase 1 Implementation,PHS-00063,Transfer,Yusuf Diallo,,2026-05-13,2026-05-19,8.66,,,,Audit integration 8,,,,,,,0.00,,true,
PRJ-0034,TSK-000312,Configure integration 10,In progress,Acme LLC - Phase 1 Implementation,PHS-00062,Test,,,2026-05-14,2026-05-20,11.16,,,,Audit environment 9,,,,,2026-05-14,,0.00,,false,Discovery
PRJ-0034,TSK-000313,Audit permission set 11,Completed,Acme LLC - Phase 1 Implementation,PHS-00061,Configure & Build,Yusuf Diallo,,2026-05-15,2026-05-22,14.64,,,,Configure integration 10,,,,,2026-05-15,2026-05-21,0.00,,true,Build and Deployment
PRJ-0034,TSK-000314,Migrate playbook 12,In progress,Acme LLC - Phase 1 Implementation,PHS-00060,Discover & Design,Yusuf Diallo,,2026-05-16,2026-06-06,34.66,,,,Audit permission set 11,,,,,2026-05-16,,0.00,,false,Project Setup
PRJ-0034,TSK-000315,Configure data model 13,To do,Acme LLC - Phase 1 Implementation,PHS-00061,Configure & Build,Yusuf Diallo,,2026-05-17,2026-05-24,0.00,,,,"Configure integration 10, Audit permission set 11",,,,,,,0.00,,true,Build and Deployment
PRJ-0034,TSK-000316,Document permission set 14,To do,Acme LLC - Phase 1 Implementation,PHS-00058,Getting Started,Priya Sato,,2026-05-18,2026-06-08,4.15,,,,"Document workflow 1, Document data model 4, Document playbook 6, Audit environment 9",,,,,,,0.00,,true,Transition
PRJ-0034,TSK-000317,Deploy permission set 15,NA,Acme LLC - Phase 1 Implementation,PHS-00058,Getting Started,Tomas Sato,,2026-05-19,2026-06-11,0.00,,,,,,,,,,,0.00,,false,Program Management
PRJ-0034,TSK-000318,Deploy environment 16,To do,Acme LLC - Phase 1 Implementation,PHS-00061,Configure & Build,,,2026-05-20,2026-05-28,0.00,,,,,,,,,,,0.00,,true,Test Execution
PRJ-0034,TSK-000319,Validate report 17,To do,Acme LLC - Phase 1 Implementation,PHS-00058,Getting Started,Yusuf Diallo,,2026-05-21,2026-06-19,0.00,,,,,,,,,,,0.00,,false,Build and Deployment
PRJ-0034,TSK-000320,Validate playbook 18,Completed,Acme LLC - Phase 1 Implementation,PHS-00058,Getting Started,,,2026-05-22,2026-06-07,18.44,,,,,TSK-000311,Audit environment 9,,,2026-05-22,2026-05-23,0.00,,true,Discovery
PRJ-0034,TSK-000321,Train data model 19,To do,Acme LLC - Phase 1 Implementation,PHS-00059,Initiate,Marco Sato,,2026-05-23,2026-06-13,4.87,,,,"Configure environment 3, Audit environment 9, Audit permission set 11, Validate report 17",,,,,,,0.00,,true,Test Execution
PRJ-0034,TSK-000322,Document data model 20,To do,Acme LLC - Phase 1 Implementation,PHS-00058,Getting Started,Tomas Sato,,2026-05-24,2026-06-14,0.00,,,,"Configure workflow 2, Document data model 4, Document playbook 6, Train permission set 7, Validate report 17",,,,,,,0.00,,true,Project Setup
PRJ-0034,TSK-000323,Document report 21,Completed,Acme LLC - Phase 1 Implementation,PHS-00058,Getting Started,Marco Sato,,2026-05-25,2026-06-24,29.45,,,,,,,,,2026-05-25,2026-06-03,0.00,,true,Program Management
PRJ-0034,TSK-000324,Migrate permission set 22,Completed,Acme LLC - Phase 1 Implementation,PHS-00060,Discover & Design,Priya Sato,,2026-05-26,2026-05-28,0.00,,,,,,,,,2026-05-26,2026-06-09,0.00,,true,Transition
PRJ-0034,TSK-000325,Migrate template 23,Completed,Acme LLC - Phase 1 Implementation,PHS-00060,Discover & Design,Marco Sato,,2026-05-27,2026-06-15,33.20,,,,,,,,,2026-05-27,2026-06-21,0.00,,true,Project Setup
PRJ-0034,TSK-000326,Deploy playbook 24,Completed,Acme LLC - Phase 1 Implementation,PHS-00062,Test,,,2026-05-28,2026-06-11,15.92,,,,"Configure integration 10, Document permission set 14, Deploy permission set 15, Deploy environment 16",,,,,2026-05-28,2026-06-17,0.00,,true,Program Management
PRJ-0034,TSK-000327,Train template 25,Completed,Acme LLC - Phase 1 Implementation,PHS-00058,Getting Started,Marco Sato,,2026-05-29,2026-06-10,24.49,,,,,TSK-000314,Migrate playbook 12,,,2026-05-29,2026-06-22,0.00,,true,Test Execution
PRJ-0034,TSK-000328,Review integration 26,NA,Acme LLC - Phase 1 Implementation,PHS-00059,Initiate,Yusuf Diallo,,2026-05-30,2026-06-25,0.00,true,,,"Configure workflow 2, Train permission set 7, Configure integration 10, Deploy environment 16, Migrate template 23",,,,,,,0.00,,true,
PRJ-0034,TSK-000329,Migrate workflow 27,To do,Acme LLC - Phase 1 Implementation,PHS-00063,Transfer,,,2026-05-31,2026-06-18,39.72,true,,,Configure workflow 2,,,,,,,0.00,,true,Build and Deployment
PRJ-0035,TSK-000330,Validate playbook 1,Completed,Massive Dynamic Group - Phase 2 Rollout,PHS-00066,Discover & Design,Zara Novak,,2026-03-17,2026-04-15,11.93,,,,,,,,,2026-03-17,2026-03-30,0.00,,true,Program Management
PRJ-0035,TSK-000331,Audit template 2,Completed,Massive Dynamic Group - Phase 2 Rollout,PHS-00066,Discover & Design,,,2026-03-18,2026-04-16,1.80,,,,Validate playbook 1,,,,,2026-03-18,2026-03-30,0.00,,true,Build and Deployment
PRJ-0035,TSK-000332,Migrate data model 3,Completed,Massive Dynamic Group - Phase 2 Rollout,PHS-00065,Initiate,Amara Berg,,2026-03-19,2026-04-02,33.64,,,,Audit template 2,,,,,2026-03-19,2026-04-05,0.00,,true,Build and Deployment
PRJ-0035,TSK-000333,Audit environment 4,In progress,Massive Dynamic Group - Phase 2 Rollout,PHS-00065,Initiate,Zara Novak,,2026-03-20,2026-03-22,0.00,,,,Migrate data model 3,,,,,2026-03-20,,0.00,,true,Discovery
PRJ-0035,TSK-000334,Validate workflow 5,To do,Massive Dynamic Group - Phase 2 Rollout,PHS-00065,Initiate,,,2026-03-21,2026-03-23,0.00,,,,Audit environment 4,,,,,,,0.00,,true,Build and Deployment
PRJ-0035,TSK-000335,Configure report 6,Completed,Massive Dynamic Group - Phase 2 Rollout,PHS-00064,Getting Started,Zara Novak,,2026-03-22,2026-04-06,32.02,,,,Validate workflow 5,,,,,2026-03-22,2026-03-28,0.00,,true,Build and Deployment
PRJ-0035,TSK-000336,Deploy permission set 7,Completed,Massive Dynamic Group - Phase 2 Rollout,PHS-00066,Discover & Design,Hana Rossi,,2026-03-23,2026-03-27,34.16,,,,Configure report 6,,,,,2026-03-23,2026-04-10,0.00,,true,Discovery
PRJ-0035,TSK-000337,Validate data model 8,In progress,Massive Dynamic Group - Phase 2 Rollout,PHS-00066,Discover & Design,Hana Rossi,,2026-03-24,2026-04-07,0.00,,,,Deploy permission set 7,,,,,2026-03-24,,0.00,,true,Program Management
PRJ-0035,TSK-000338,Deploy workflow 9,In progress,Massive Dynamic Group - Phase 2 Rollout,PHS-00066,Discover & Design,Amara Berg,,2026-03-25,2026-03-31,0.00,,,,Validate data model 8,,,,,2026-03-25,,0.00,,true,
PRJ-0035,TSK-000339,Configure playbook 10,To do,Massive Dynamic Group - Phase 2 Rollout,PHS-00066,Discover & Design,Amara Berg,,2026-03-26,2026-04-17,19.09,,,,Deploy workflow 9,,,,,,,0.00,,false,Program Management
PRJ-0035,TSK-000340,Review workflow 11,Completed,Massive Dynamic Group - Phase 2 Rollout,PHS-00064,Getting Started,,,2026-03-27,2026-04-20,8.25,,,,Configure playbook 10,,,,,2026-03-27,2026-04-23,0.00,,false,Transition
PRJ-0035,TSK-000341,Deploy integration 12,To do,Massive Dynamic Group - Phase 2 Rollout,PHS-00064,Getting Started,,,2026-03-28,2026-04-21,0.00,,,,Review workflow 11,,,,,,,0.00,,false,Program Management
PRJ-0035,TSK-000342,Train data model 13,To do,Massive Dynamic Group - Phase 2 Rollout,PHS-00064,Getting Started,Hana Rossi,,2026-03-29,2026-04-20,34.61,,,,,,,,,,,0.00,,true,Build and Deployment
PRJ-0035,TSK-000343,Deploy workflow 14,Completed,Massive Dynamic Group - Phase 2 Rollout,PHS-00066,Discover & Design,Lena Kaya,,2026-03-30,2026-04-03,12.83,,,,"Validate playbook 1, Migrate data model 3, Deploy permission set 7",,,,,2026-03-30,2026-04-22,0.00,,true,Transition
PRJ-0035,TSK-000344,Train permission set 15,NA,Massive Dynamic Group - Phase 2 Rollout,PHS-00066,Discover & Design,,,2026-03-31,2026-04-06,0.00,,,,"Migrate data model 3, Deploy permission set 7, Deploy workflow 14",,,,,,,0.00,,true,Discovery
PRJ-0035,TSK-000345,Validate environment 16,Completed,Massive Dynamic Group - Phase 2 Rollout,PHS-00066,Discover & Design,Lena Kaya,,2026-04-01,2026-04-16,0.00,,,,"Audit template 2, Audit environment 4, Validate data model 8, Train permission set 15",,,,,2026-04-01,2026-04-29,0.00,,true,Discovery
PRJ-0035,TSK-000346,Audit environment 17,To do,Massive Dynamic Group - Phase 2 Rollout,PHS-00064,Getting Started,,,2026-04-02,2026-04-28,33.17,,,,"Audit template 2, Deploy permission set 7, Review workflow 11, Validate environment 16",,,,,,,0.00,,false,Project Setup
PRJ-0035,TSK-000347,Document environment 18,To do,Massive Dynamic Group - Phase 2 Rollout,PHS-00066,Discover & Design,Lena Kaya,,2026-04-03,2026-04-30,39.30,,,,,,,,,,,0.00,,true,Test Execution
PRJ-0035,TSK-000348,Migrate playbook 19,Completed,Massive Dynamic Group - Phase 2 Rollout,PHS-00066,Discover & Design,Hana Rossi,,2026-04-04,2026-04-21,21.04,true,,,"Migrate data model 3, Train data model 13, Deploy workflow 14, Train permission set 15, Validate environment 16",,,,,2026-04-04,2026-04-05,0.00,,true,
PRJ-0035,TSK-000349,Validate report 20,Completed,Massive Dynamic Group - Phase 2 Rollout,PHS-00065,Initiate,Hana Rossi,,2026-04-05,2026-05-04,0.00,true,,,"Audit template 2, Review workflow 11",,,,,2026-04-05,2026-04-19,0.00,,true,
PRJ-0036,TSK-000350,Train playbook 1,Completed,Soylent GmbH - CLM Implementation,PHS-00068,Initiate,Daniel Kaya,,2026-07-01,2026-07-18,2.88,,,,,,,,,2026-07-01,2026-07-31,0.00,,true,Test Execution
PRJ-0036,TSK-000351,Review playbook 2,Completed,Soylent GmbH - CLM Implementation,PHS-00068,Initiate,Daniel Kaya,,2026-07-02,2026-07-10,39.96,,,,Train playbook 1,,,,,2026-07-02,2026-07-08,0.00,,true,Transition
PRJ-0036,TSK-000352,Document playbook 3,Completed,Soylent GmbH - CLM Implementation,PHS-00071,Test,Daniel Kaya,,2026-07-03,2026-07-04,25.17,,,,Review playbook 2,,,,,2026-07-03,2026-07-21,0.00,,false,Program Management
PRJ-0036,TSK-000353,Train environment 4,Completed,Soylent GmbH - CLM Implementation,PHS-00068,Initiate,,,2026-07-04,2026-07-15,1.07,,,,Document playbook 3,,,,,2026-07-04,2026-07-28,0.00,,true,Build and Deployment
PRJ-0036,TSK-000354,Validate integration 5,Completed,Soylent GmbH - CLM Implementation,PHS-00068,Initiate,Daniel Kaya,,2026-07-05,2026-07-16,20.18,,,,Train environment 4,,,,,2026-07-05,2026-07-30,0.00,,true,Discovery
PRJ-0036,TSK-000355,Document report 6,Completed,Soylent GmbH - CLM Implementation,PHS-00069,Discover & Design,Daniel Kaya,,2026-07-06,2026-07-27,3.10,,,,Validate integration 5,,,,,2026-07-06,2026-08-04,0.00,,false,Program Management
PRJ-0036,TSK-000356,Validate permission set 7,Completed,Soylent GmbH - CLM Implementation,PHS-00067,Getting Started,Daniel Kaya,,2026-07-07,2026-08-01,0.00,,,,Document report 6,,,,,2026-07-07,2026-07-16,0.00,,true,Test Execution
PRJ-0036,TSK-000357,Migrate template 8,Completed,Soylent GmbH - CLM Implementation,PHS-00070,Configure & Build,Daniel Kaya,,2026-07-08,2026-08-01,5.35,,,,Validate permission set 7,,,,,2026-07-08,2026-08-06,0.00,,true,Program Management
PRJ-0036,TSK-000358,Document data model 9,Completed,Soylent GmbH - CLM Implementation,PHS-00070,Configure & Build,Daniel Kaya,,2026-07-09,2026-07-26,3.18,,,,Migrate template 8,,,,,2026-07-09,2026-08-06,0.00,,true,Discovery
PRJ-0036,TSK-000359,Configure integration 10,Completed,Soylent GmbH - CLM Implementation,PHS-00067,Getting Started,,,2026-07-10,2026-07-29,0.00,,,,Document data model 9,,,,,2026-07-10,2026-07-29,0.00,,true,
PRJ-0036,TSK-000360,Configure template 11,Completed,Soylent GmbH - CLM Implementation,PHS-00069,Discover & Design,Daniel Kaya,,2026-07-11,2026-08-06,11.89,,,,Configure integration 10,,,,,2026-07-11,2026-07-28,0.00,,false,
PRJ-0036,TSK-000361,Validate template 12,Completed,Soylent GmbH - CLM Implementation,PHS-00072,Transfer,Daniel Kaya,,2026-07-12,2026-08-06,10.22,,,,Configure template 11,,,,,2026-07-12,2026-07-17,0.00,,true,Program Management
PRJ-0036,TSK-000362,Train permission set 13,Completed,Soylent GmbH - CLM Implementation,PHS-00070,Configure & Build,Daniel Kaya,,2026-07-13,2026-08-11,10.17,,,,,,,,,2026-07-13,2026-07-25,0.00,,true,Test Execution
PRJ-0036,TSK-000363,Train report 14,Completed,Soylent GmbH - CLM Implementation,PHS-00071,Test,Daniel Kaya,,2026-07-14,2026-08-01,18.50,,,,"Train environment 4, Document report 6, Validate permission set 7, Configure integration 10, Configure template 11",,,,,2026-07-14,2026-07-18,0.00,,true,Program Management
PRJ-0036,TSK-000364,Configure playbook 15,Completed,Soylent GmbH - CLM Implementation,PHS-00067,Getting Started,Daniel Kaya,,2026-07-15,2026-07-25,38.56,,,,,,,,,2026-07-15,2026-08-09,0.00,,true,Test Execution
PRJ-0036,TSK-000365,Train workflow 16,Completed,Soylent GmbH - CLM Implementation,PHS-00070,Configure & Build,,,2026-07-16,2026-07-22,6.85,,,,"Train playbook 1, Document report 6, Configure integration 10, Configure template 11, Configure playbook 15",,,,,2026-07-16,2026-08-06,0.00,,true,Build and Deployment
PRJ-0036,TSK-000366,Deploy playbook 17,Completed,Soylent GmbH - CLM Implementation,PHS-00072,Transfer,,,2026-07-17,2026-08-14,0.00,,,,"Validate integration 5, Document report 6, Configure template 11, Train permission set 13, Configure playbook 15",,,,,2026-07-17,2026-07-18,0.00,,true,Test Execution
PRJ-0036,TSK-000367,Review permission set 18,Completed,Soylent GmbH - CLM Implementation,PHS-00068,Initiate,,,2026-07-18,2026-08-04,10.15,,,,"Document playbook 3, Validate integration 5, Configure template 11, Train permission set 13, Configure playbook 15",,,,,2026-07-18,2026-08-04,0.00,,true,Project Setup
PRJ-0036,TSK-000368,Review permission set 19,Completed,Soylent GmbH - CLM Implementation,PHS-00068,Initiate,Daniel Kaya,,2026-07-19,2026-08-18,0.00,true,,,"Review playbook 2, Train environment 4, Document report 6, Configure playbook 15",,,,,2026-07-19,2026-07-23,0.00,,true,Test Execution
PRJ-0036,TSK-000369,Train data model 20,Completed,Soylent GmbH - CLM Implementation,PHS-00071,Test,Daniel Kaya,,2026-07-20,2026-08-06,0.00,true,,,,,,,,2026-07-20,2026-08-14,0.00,,true,Test Execution
PRJ-0037,TSK-000370,Review template 1,In progress,Vandelay Ltd - Phase 2 Rollout,PHS-00074,Initiate,Kwame Novak,,2026-05-17,2026-06-15,32.49,,,,,,,,,2026-05-17,,0.00,,true,Build and Deployment
PRJ-0037,TSK-000371,Audit report 2,Completed,Vandelay Ltd - Phase 2 Rollout,PHS-00074,Initiate,Hana Rossi,,2026-05-18,2026-05-31,16.14,,,,Review template 1,,,,,2026-05-18,2026-05-23,0.00,,true,Program Management
PRJ-0037,TSK-000372,Train permission set 3,Completed,Vandelay Ltd - Phase 2 Rollout,PHS-00075,Discover & Design,Kwame Novak,,2026-05-19,2026-05-29,30.55,,,,Audit report 2,,,,,2026-05-19,2026-05-26,0.00,,true,Test Execution
PRJ-0037,TSK-000373,Validate data model 4,To do,Vandelay Ltd - Phase 2 Rollout,PHS-00077,Test,Daniel Kaya,,2026-05-20,2026-05-23,8.70,,,,Train permission set 3,,,,,,,0.00,,true,Build and Deployment
PRJ-0037,TSK-000374,Audit environment 5,To do,Vandelay Ltd - Phase 2 Rollout,PHS-00073,Getting Started,,,2026-05-21,2026-06-18,0.00,,,,Validate data model 4,,,,,,,0.00,,true,
PRJ-0037,TSK-000375,Audit template 6,NA,Vandelay Ltd - Phase 2 Rollout,PHS-00074,Initiate,,,2026-05-22,2026-05-25,0.00,,,,Audit environment 5,,,,,,,0.00,,true,Transition
PRJ-0037,TSK-000376,Audit data model 7,NA,Vandelay Ltd - Phase 2 Rollout,PHS-00076,Configure & Build,Hana Rossi,,2026-05-23,2026-06-13,0.00,,,,Audit template 6,,,,,,,0.00,,false,Project Setup
PRJ-0037,TSK-000377,Validate integration 8,To do,Vandelay Ltd - Phase 2 Rollout,PHS-00075,Discover & Design,Elena Diallo,,2026-05-24,2026-06-16,8.91,,,,Audit data model 7,,,,,,,0.00,,true,Transition
PRJ-0037,TSK-000378,Deploy report 9,Completed,Vandelay Ltd - Phase 2 Rollout,PHS-00078,Transfer,,,2026-05-25,2026-06-09,35.74,,,,Validate integration 8,,,,,2026-05-25,2026-05-29,0.00,,true,
PRJ-0037,TSK-000379,Train playbook 10,Completed,Vandelay Ltd - Phase 2 Rollout,PHS-00077,Test,Elena Diallo,,2026-05-26,2026-06-05,5.73,,,,Deploy report 9,,,,,2026-05-26,2026-06-03,0.00,,true,Project Setup
PRJ-0037,TSK-000380,Audit workflow 11,NA,Vandelay Ltd - Phase 2 Rollout,PHS-00077,Test,Hana Rossi,,2026-05-27,2026-06-11,30.91,,,,Train playbook 10,,,,,,,0.00,,true,Test Execution
PRJ-0037,TSK-000381,Review template 12,Completed,Vandelay Ltd - Phase 2 Rollout,PHS-00077,Test,,,2026-05-28,2026-06-15,0.00,,,,Audit workflow 11,,,,,2026-05-28,2026-06-17,0.00,,true,Project Setup
PRJ-0037,TSK-000382,Document report 13,Completed,Vandelay Ltd - Phase 2 Rollout,PHS-00077,Test,Elena Diallo,,2026-05-29,2026-06-17,28.18,,,,,,,,,2026-05-29,2026-06-02,0.00,,true,Program Management
PRJ-0037,TSK-000383,Review data model 14,Blocked,Vandelay Ltd - Phase 2 Rollout,PHS-00073,Getting Started,Daniel Kaya,,2026-05-30,2026-06-21,30.54,,,,Train playbook 10,,,,,,,0.00,,true,Discovery
PRJ-0037,TSK-000384,Audit report 15,Completed,Vandelay Ltd - Phase 2 Rollout,PHS-00074,Initiate,,,2026-05-31,2026-06-18,13.00,,,,,,,,,2026-05-31,2026-06-29,0.00,,true,
PRJ-0037,TSK-000385,Deploy workflow 16,Completed,Vandelay Ltd - Phase 2 Rollout,PHS-00077,Test,Kwame Novak,,2026-06-01,2026-06-07,24.75,,,,,,,,,2026-06-01,2026-06-07,0.00,,true,Discovery
PRJ-0037,TSK-000386,Configure permission set 17,Completed,Vandelay Ltd - Phase 2 Rollout,PHS-00074,Initiate,,,2026-06-02,2026-06-18,30.45,,,,"Train permission set 3, Validate data model 4",,,,,2026-06-02,2026-06-09,0.00,,true,Transition
PRJ-0037,TSK-000387,Configure playbook 18,Completed,Vandelay Ltd - Phase 2 Rollout,PHS-00076,Configure & Build,Daniel Kaya,,2026-06-03,2026-07-01,29.86,,,,"Review template 1, Validate data model 4, Audit template 6, Audit data model 7, Deploy report 9",,,,,2026-06-03,2026-06-23,0.00,,true,Build and Deployment
PRJ-0037,TSK-000388,Document playbook 19,To do,Vandelay Ltd - Phase 2 Rollout,PHS-00075,Discover & Design,Hana Rossi,,2026-06-04,2026-06-28,0.00,,,,"Audit environment 5, Configure permission set 17",,,,,,,0.00,,true,Test Execution
PRJ-0037,TSK-000389,Train permission set 20,Completed,Vandelay Ltd - Phase 2 Rollout,PHS-00078,Transfer,Kwame Novak,,2026-06-05,2026-06-11,6.53,,,,"Review template 1, Train playbook 10, Deploy workflow 16",,,,,2026-06-05,2026-07-03,0.00,,true,Build and Deployment
PRJ-0037,TSK-000390,Document playbook 21,To do,Vandelay Ltd - Phase 2 Rollout,PHS-00073,Getting Started,,,2026-06-06,2026-06-11,0.00,,,,,,,,,,,0.00,,true,Build and Deployment
PRJ-0037,TSK-000391,Validate permission set 22,NA,Vandelay Ltd - Phase 2 Rollout,PHS-00073,Getting Started,Hana Rossi,,2026-06-07,2026-06-24,33.18,,,,"Review template 1, Validate data model 4, Audit environment 5, Review data model 14, Document playbook 19",,,,,,,0.00,,true,Program Management
PRJ-0037,TSK-000392,Migrate integration 23,To do,Vandelay Ltd - Phase 2 Rollout,PHS-00075,Discover & Design,Daniel Kaya,,2026-06-08,2026-06-09,0.00,,,,"Audit data model 7, Train playbook 10, Document report 13, Train permission set 20",,,,,,,0.00,,true,Transition
PRJ-0037,TSK-000393,Train permission set 24,Completed,Vandelay Ltd - Phase 2 Rollout,PHS-00076,Configure & Build,Daniel Kaya,,2026-06-09,2026-06-28,0.00,true,,,"Train playbook 10, Review data model 14, Configure playbook 18",,,,,2026-06-09,2026-06-25,0.00,,false,Discovery
PRJ-0037,TSK-000394,Configure data model 25,Completed,Vandelay Ltd - Phase 2 Rollout,PHS-00078,Transfer,Kwame Novak,,2026-06-10,2026-06-30,5.18,true,,,"Audit template 6, Deploy report 9, Train playbook 10, Document report 13",,,,,2026-06-10,2026-07-05,0.00,,true,Discovery
PRJ-0038,TSK-000395,Review report 1,Completed,Northwind LLC - Enterprise Rollout,PHS-00080,Initiate,Arjun Sato,,2026-06-19,2026-07-13,33.90,,,,,,,,,2026-06-19,2026-07-19,0.00,,true,Transition
PRJ-0038,TSK-000396,Review playbook 2,Completed,Northwind LLC - Enterprise Rollout,PHS-00080,Initiate,Arjun Sato,,2026-06-20,2026-07-19,22.99,,,,Review report 1,,,,,2026-06-20,2026-06-30,0.00,,true,Program Management
PRJ-0038,TSK-000397,Review template 3,Completed,Northwind LLC - Enterprise Rollout,PHS-00079,Getting Started,Arjun Sato,,2026-06-21,2026-06-22,21.38,,,,Review playbook 2,,,,,2026-06-21,2026-07-06,0.00,,true,Program Management
PRJ-0038,TSK-000398,Review template 4,Completed,Northwind LLC - Enterprise Rollout,PHS-00080,Initiate,Arjun Sato,,2026-06-22,2026-07-14,29.32,,,,Review template 3,,,,,2026-06-22,2026-07-02,0.00,,true,Build and Deployment
PRJ-0038,TSK-000399,Document report 5,Completed,Northwind LLC - Enterprise Rollout,PHS-00081,Discover & Design,,,2026-06-23,2026-07-10,0.00,,,,Review template 4,,,,,2026-06-23,2026-07-21,0.00,,false,Test Execution
PRJ-0038,TSK-000400,Audit workflow 6,Completed,Northwind LLC - Enterprise Rollout,PHS-00080,Initiate,,,2026-06-24,2026-07-11,0.11,,,,Document report 5,,,,,2026-06-24,2026-06-25,0.00,,false,Transition
PRJ-0038,TSK-000401,Document data model 7,Completed,Northwind LLC - Enterprise Rollout,PHS-00081,Discover & Design,Arjun Sato,,2026-06-25,2026-06-30,14.02,,,,Audit workflow 6,,,,,2026-06-25,2026-07-05,0.00,,true,Test Execution
PRJ-0038,TSK-000402,Audit integration 8,Completed,Northwind LLC - Enterprise Rollout,PHS-00079,Getting Started,Arjun Sato,,2026-06-26,2026-07-13,5.50,,,,Document data model 7,,,,,2026-06-26,2026-07-25,0.00,,true,
PRJ-0038,TSK-000403,Configure integration 9,Completed,Northwind LLC - Enterprise Rollout,PHS-00079,Getting Started,Arjun Sato,,2026-06-27,2026-07-21,20.88,,,,Audit integration 8,,,,,2026-06-27,2026-07-15,0.00,,true,Discovery
PRJ-0038,TSK-000404,Migrate report 10,Completed,Northwind LLC - Enterprise Rollout,PHS-00079,Getting Started,,,2026-06-28,2026-07-13,1.82,,,,Configure integration 9,,,,,2026-06-28,2026-07-10,0.00,,true,Project Setup
PRJ-0038,TSK-000405,Migrate integration 11,Completed,Northwind LLC - Enterprise Rollout,PHS-00079,Getting Started,,,2026-06-29,2026-07-11,7.23,,,,Migrate report 10,,,,,2026-06-29,2026-07-14,0.00,,true,
PRJ-0038,TSK-000406,Validate template 12,Completed,Northwind LLC - Enterprise Rollout,PHS-00081,Discover & Design,Arjun Sato,,2026-06-30,2026-07-22,0.00,,,,Migrate integration 11,,,,,2026-06-30,2026-07-27,0.00,,true,Program Management
PRJ-0038,TSK-000407,Validate data model 13,Completed,Northwind LLC - Enterprise Rollout,PHS-00080,Initiate,,,2026-07-01,2026-07-11,20.23,,,,"Review report 1, Review template 3, Document report 5, Audit integration 8",,,,,2026-07-01,2026-07-09,0.00,,true,Test Execution
PRJ-0038,TSK-000408,Audit report 14,Completed,Northwind LLC - Enterprise Rollout,PHS-00079,Getting Started,,,2026-07-02,2026-07-17,16.90,,,,,,,,,2026-07-02,2026-07-06,0.00,,true,Project Setup
PRJ-0038,TSK-000409,Migrate data model 15,Completed,Northwind LLC - Enterprise Rollout,PHS-00079,Getting Started,,,2026-07-03,2026-07-05,0.00,,,,,,,,,2026-07-03,2026-07-06,0.00,,false,Test Execution
PRJ-0038,TSK-000410,Audit data model 16,Completed,Northwind LLC - Enterprise Rollout,PHS-00080,Initiate,Arjun Sato,,2026-07-04,2026-08-03,25.71,,,,,,,,,2026-07-04,2026-08-01,0.00,,true,Discovery
PRJ-0038,TSK-000411,Deploy playbook 17,Completed,Northwind LLC - Enterprise Rollout,PHS-00081,Discover & Design,Arjun Sato,,2026-07-05,2026-07-23,33.22,,,,,,,,,2026-07-05,2026-07-23,0.00,,true,Discovery
PRJ-0038,TSK-000412,Review playbook 18,Completed,Northwind LLC - Enterprise Rollout,PHS-00079,Getting Started,,,2026-07-06,2026-07-10,13.92,,,,"Document data model 7, Audit data model 16",,,,,2026-07-06,2026-07-20,0.00,,true,Program Management
PRJ-0038,TSK-000413,Configure integration 19,Completed,Northwind LLC - Enterprise Rollout,PHS-00081,Discover & Design,Arjun Sato,,2026-07-07,2026-07-18,15.20,,,,,,,,,2026-07-07,2026-07-22,0.00,,true,Build and Deployment
PRJ-0038,TSK-000414,Document workflow 20,Completed,Northwind LLC - Enterprise Rollout,PHS-00080,Initiate,Arjun Sato,,2026-07-08,2026-07-28,0.00,true,,,"Review template 4, Audit integration 8, Migrate integration 11, Migrate data model 15",,,,,2026-07-08,2026-07-26,0.00,,false,Test Execution
PRJ-0038,TSK-000415,Document report 21,Completed,Northwind LLC - Enterprise Rollout,PHS-00079,Getting Started,Arjun Sato,,2026-07-09,2026-07-19,29.42,true,,,,,,,,2026-07-09,2026-07-23,0.00,,true,Transition
PRJ-0039,TSK-000416,Configure template 1,In progress,Contoso GmbH - Enterprise Rollout,PHS-00084,Discover & Design,,,2026-05-10,2026-05-26,8.45,,,,,,,,,2026-05-10,,0.00,,false,Project Setup
PRJ-0039,TSK-000417,Validate permission set 2,Completed,Contoso GmbH - Enterprise Rollout,PHS-00082,Getting Started,Elena Sato,,2026-05-11,2026-05-27,26.45,,,,Configure template 1,,,,,2026-05-11,2026-05-13,0.00,,true,Project Setup
PRJ-0039,TSK-000418,Audit template 3,Completed,Contoso GmbH - Enterprise Rollout,PHS-00085,Configure & Build,Elena Sato,,2026-05-12,2026-06-08,12.07,,,,Validate permission set 2,,,,,2026-05-12,2026-05-14,0.00,,true,Program Management
PRJ-0039,TSK-000419,Migrate permission set 4,To do,Contoso GmbH - Enterprise Rollout,PHS-00084,Discover & Design,Elena Sato,,2026-05-13,2026-06-10,0.00,,,,Audit template 3,,,,,,,0.00,,true,Program Management
PRJ-0039,TSK-000420,Train integration 5,Blocked,Contoso GmbH - Enterprise Rollout,PHS-00082,Getting Started,Elena Sato,,2026-05-14,2026-05-18,37.88,,,,Migrate permission set 4,,,,,,,0.00,,true,
PRJ-0039,TSK-000421,Deploy permission set 6,Completed,Contoso GmbH - Enterprise Rollout,PHS-00085,Configure & Build,,,2026-05-15,2026-05-23,2.24,,,,Train integration 5,,,,,2026-05-15,2026-05-19,0.00,,false,Test Execution
PRJ-0039,TSK-000422,Deploy data model 7,In progress,Contoso GmbH - Enterprise Rollout,PHS-00084,Discover & Design,Noah Novak,,2026-05-16,2026-05-20,34.59,,,,Deploy permission set 6,,,,,2026-05-16,,0.00,,false,
PRJ-0039,TSK-000423,Document environment 8,In progress,Contoso GmbH - Enterprise Rollout,PHS-00085,Configure & Build,Noah Novak,,2026-05-17,2026-06-02,24.58,,,,Deploy data model 7,,,,,2026-05-17,,0.00,,false,Project Setup
PRJ-0039,TSK-000424,Document environment 9,Completed,Contoso GmbH - Enterprise Rollout,PHS-00086,Test,,,2026-05-18,2026-06-09,0.00,,,,Document environment 8,,,,,2026-05-18,2026-06-07,0.00,,true,Build and Deployment
PRJ-0039,TSK-000425,Configure data model 10,In progress,Contoso GmbH - Enterprise Rollout,PHS-00083,Initiate,Zara Kaya,,2026-05-19,2026-06-07,0.00,,,,Document environment 9,,,,,2026-05-19,,0.00,,false,Program Management
PRJ-0039,TSK-000426,Train report 11,Completed,Contoso GmbH - Enterprise Rollout,PHS-00086,Test,Elena Sato,,2026-05-20,2026-06-18,3.60,,,,Configure data model 10,,,,,2026-05-20,2026-05-31,0.00,,false,
PRJ-0039,TSK-000427,Configure permission set 12,Completed,Contoso GmbH - Enterprise Rollout,PHS-00084,Discover & Design,Marco Sato,,2026-05-21,2026-06-17,26.13,,,,Train report 11,,,,,2026-05-21,2026-06-12,0.00,,true,Program Management
PRJ-0039,TSK-000428,Migrate report 13,To do,Contoso GmbH - Enterprise Rollout,PHS-00085,Configure & Build,Noah Novak,,2026-05-22,2026-06-05,14.57,,,,"Validate permission set 2, Audit template 3",,,,,,,0.00,,true,Project Setup
PRJ-0039,TSK-000429,Review report 14,To do,Contoso GmbH - Enterprise Rollout,PHS-00084,Discover & Design,Zara Kaya,,2026-05-23,2026-06-19,0.00,,,,,,,,,,,0.00,,true,Program Management
PRJ-0039,TSK-000430,Deploy permission set 15,To do,Contoso GmbH - Enterprise Rollout,PHS-00084,Discover & Design,Elena Sato,,2026-05-24,2026-06-03,0.00,,,,,,,,,,,0.00,,false,Project Setup
PRJ-0039,TSK-000431,Review data model 16,Completed,Contoso GmbH - Enterprise Rollout,PHS-00086,Test,,,2026-05-25,2026-06-20,4.60,,,,"Configure template 1, Train integration 5, Deploy data model 7, Document environment 8",,,,,2026-05-25,2026-06-08,0.00,,false,Program Management
PRJ-0039,TSK-000432,Migrate permission set 17,To do,Contoso GmbH - Enterprise Rollout,PHS-00083,Initiate,,,2026-05-26,2026-06-07,0.00,,,,"Configure template 1, Document environment 9",,,,,,,0.00,,true,Transition
PRJ-0039,TSK-000433,Document playbook 18,In progress,Contoso GmbH - Enterprise Rollout,PHS-00084,Discover & Design,Elena Sato,,2026-05-27,2026-06-22,0.00,,,,"Migrate permission set 4, Deploy data model 7, Document environment 9, Train report 11, Review report 14",,,,,2026-05-27,,0.00,,true,
PRJ-0039,TSK-000434,Configure playbook 19,Completed,Contoso GmbH - Enterprise Rollout,PHS-00086,Test,Marco Sato,,2026-05-28,2026-06-14,14.55,,,,,,,,,2026-05-28,2026-06-09,0.00,,true,Transition
PRJ-0039,TSK-000435,Validate data model 20,NA,Contoso GmbH - Enterprise Rollout,PHS-00084,Discover & Design,Marco Sato,,2026-05-29,2026-05-31,0.00,,,,,,,,,,,0.00,,true,Project Setup
PRJ-0039,TSK-000436,Document integration 21,To do,Contoso GmbH - Enterprise Rollout,PHS-00082,Getting Started,Marco Sato,,2026-05-30,2026-06-26,0.00,true,,,,,,,,,,0.00,,true,Project Setup
PRJ-0039,TSK-000437,Configure report 22,In progress,Contoso GmbH - Enterprise Rollout,PHS-00083,Initiate,Zara Kaya,,2026-05-31,2026-06-24,38.88,true,,,"Document environment 9, Review data model 16",,,,,2026-05-31,,0.00,,true,Transition
PRJ-0040,TSK-000438,Document template 1,To do,Globex LLC - Phase 2 Rollout,PHS-00088,Initiate,Zara Novak,,2026-06-29,2026-07-20,0.00,,,,,,,,,,,0.00,,true,Test Execution
PRJ-0040,TSK-000439,Validate report 2,To do,Globex LLC - Phase 2 Rollout,PHS-00088,Initiate,Zara Novak,,2026-06-30,2026-07-21,31.60,,,,Document template 1,,,,,,,0.00,,true,Build and Deployment
PRJ-0040,TSK-000440,Document template 3,Completed,Globex LLC - Phase 2 Rollout,PHS-00088,Initiate,,,2026-07-01,2026-07-15,33.17,,,,Validate report 2,,,,,2026-07-01,2026-07-28,0.00,,false,
PRJ-0040,TSK-000441,Train integration 4,Completed,Globex LLC - Phase 2 Rollout,PHS-00087,Getting Started,Zara Novak,,2026-07-02,2026-07-16,0.00,,,,Document template 3,,,,,2026-07-02,2026-07-25,0.00,,true,Build and Deployment
PRJ-0040,TSK-000442,Train integration 5,Completed,Globex LLC - Phase 2 Rollout,PHS-00087,Getting Started,,,2026-07-03,2026-07-12,32.57,,,,Train integration 4,,,,,2026-07-03,2026-07-25,0.00,,true,
PRJ-0040,TSK-000443,Migrate workflow 6,Completed,Globex LLC - Phase 2 Rollout,PHS-00088,Initiate,Zara Novak,,2026-07-04,2026-08-02,34.05,,,,Train integration 5,,,,,2026-07-04,2026-07-16,0.00,,true,Program Management
PRJ-0040,TSK-000444,Document workflow 7,In progress,Globex LLC - Phase 2 Rollout,PHS-00088,Initiate,Zara Novak,,2026-07-05,2026-07-12,16.51,,,,Migrate workflow 6,,,,,2026-07-05,,0.00,,false,Build and Deployment
PRJ-0040,TSK-000445,Configure integration 8,To do,Globex LLC - Phase 2 Rollout,PHS-00087,Getting Started,Mei Sato,,2026-07-06,2026-07-09,0.00,,,,Document workflow 7,,,,,,,0.00,,true,Build and Deployment
PRJ-0040,TSK-000446,Document workflow 9,Completed,Globex LLC - Phase 2 Rollout,PHS-00088,Initiate,Mei Sato,,2026-07-07,2026-07-28,6.34,,,,Configure integration 8,,,,,2026-07-07,2026-07-12,0.00,,true,Project Setup
PRJ-0040,TSK-000447,Configure report 10,To do,Globex LLC - Phase 2 Rollout,PHS-00088,Initiate,,,2026-07-08,2026-07-27,0.00,,,,Document workflow 9,,,,,,,0.00,,true,
PRJ-0040,TSK-000448,Audit report 11,NA,Globex LLC - Phase 2 Rollout,PHS-00088,Initiate,,,2026-07-09,2026-08-05,0.00,,,,Configure report 10,,,,,,,0.00,,true,Transition
PRJ-0040,TSK-000449,Validate data model 12,In progress,Globex LLC - Phase 2 Rollout,PHS-00087,Getting Started,Zara Novak,,2026-07-10,2026-07-13,0.00,,,,Audit report 11,,,,,2026-07-10,,0.00,,true,Discovery
PRJ-0040,TSK-000450,Document integration 13,Completed,Globex LLC - Phase 2 Rollout,PHS-00088,Initiate,,,2026-07-11,2026-07-19,22.59,,,,"Validate report 2, Train integration 4, Migrate workflow 6, Configure integration 8, Configure report 10",,,,,2026-07-11,2026-07-23,0.00,,true,Discovery
PRJ-0040,TSK-000451,Document playbook 14,Completed,Globex LLC - Phase 2 Rollout,PHS-00088,Initiate,Zara Novak,,2026-07-12,2026-08-08,15.10,true,,,,,,,,2026-07-12,2026-07-27,0.00,,true,Test Execution
PRJ-0041,TSK-000452,Document integration 1,Blocked,Aperture Ltd - CLM Implementation,PHS-00089,Getting Started,Tomas Novak,,2026-01-17,2026-01-23,3.84,,,,,,,,,,,0.00,,false,
PRJ-0041,TSK-000453,Deploy playbook 2,Completed,Aperture Ltd - CLM Implementation,PHS-00092,Configure & Build,Priya Diallo,,2026-01-18,2026-02-06,22.74,,,,Document integration 1,,,,,2026-01-18,2026-01-29,0.00,,false,Build and Deployment
PRJ-0041,TSK-000454,Configure playbook 3,To do,Aperture Ltd - CLM Implementation,PHS-00092,Configure & Build,Noah Novak,,2026-01-19,2026-02-05,34.00,,,,Deploy playbook 2,,,,,,,0.00,,true,Build and Deployment
PRJ-0041,TSK-000455,Validate data model 4,Completed,Aperture Ltd - CLM Implementation,PHS-00092,Configure & Build,,,2026-01-20,2026-02-05,4.85,,,,Configure playbook 3,,,,,2026-01-20,2026-01-30,0.00,,true,Transition
PRJ-0041,TSK-000456,Validate report 5,Blocked,Aperture Ltd - CLM Implementation,PHS-00092,Configure & Build,,,2026-01-21,2026-01-29,0.00,,,,Validate data model 4,,,,,,,0.00,,true,Program Management
PRJ-0041,TSK-000457,Document integration 6,To do,Aperture Ltd - CLM Implementation,PHS-00090,Initiate,,,2026-01-22,2026-02-06,0.00,,,,Validate report 5,,,,,,,0.00,,true,Test Execution
PRJ-0041,TSK-000458,Train environment 7,Completed,Aperture Ltd - CLM Implementation,PHS-00090,Initiate,,,2026-01-23,2026-02-15,37.70,,,,Document integration 6,,,,,2026-01-23,2026-01-28,0.00,,true,Test Execution
PRJ-0041,TSK-000459,Migrate data model 8,To do,Aperture Ltd - CLM Implementation,PHS-00089,Getting Started,Tomas Novak,,2026-01-24,2026-02-20,26.49,,,,Train environment 7,,,,,,,0.00,,true,Test Execution
PRJ-0041,TSK-000460,Review template 9,In progress,Aperture Ltd - CLM Implementation,PHS-00090,Initiate,Noah Novak,,2026-01-25,2026-02-12,0.15,,,,Migrate data model 8,,,,,2026-01-25,,0.00,,true,Project Setup
PRJ-0041,TSK-000461,Review integration 10,To do,Aperture Ltd - CLM Implementation,PHS-00091,Discover & Design,Tomas Novak,,2026-01-26,2026-02-23,30.12,,,,Review template 9,,,,,,,0.00,,true,Project Setup
PRJ-0041,TSK-000462,Review environment 11,Completed,Aperture Ltd - CLM Implementation,PHS-00092,Configure & Build,Mei Sato,,2026-01-27,2026-02-24,0.00,,,,Review integration 10,,,,,2026-01-27,2026-02-18,0.00,,true,Test Execution
PRJ-0041,TSK-000463,Document playbook 12,To do,Aperture Ltd - CLM Implementation,PHS-00092,Configure & Build,Priya Diallo,,2026-01-28,2026-02-05,27.74,,,,Review environment 11,,,,,,,0.00,,true,Transition
PRJ-0041,TSK-000464,Configure playbook 13,In progress,Aperture Ltd - CLM Implementation,PHS-00090,Initiate,,,2026-01-29,2026-02-21,20.95,,,,"Migrate data model 8, Review template 9",,,,,2026-01-29,,0.00,,true,Transition
PRJ-0041,TSK-000465,Review integration 14,Completed,Aperture Ltd - CLM Implementation,PHS-00092,Configure & Build,Priya Diallo,,2026-01-30,2026-02-08,19.36,,,,Review environment 11,,,,,2026-01-30,2026-02-27,0.00,,true,Build and Deployment
PRJ-0041,TSK-000466,Review template 15,Blocked,Aperture Ltd - CLM Implementation,PHS-00089,Getting Started,Noah Novak,,2026-01-31,2026-02-26,39.02,,,,"Document integration 1, Deploy playbook 2, Validate report 5, Review integration 10",,,,,,,0.00,,true,Transition
PRJ-0041,TSK-000467,Audit data model 16,Completed,Aperture Ltd - CLM Implementation,PHS-00092,Configure & Build,,,2026-02-01,2026-02-22,26.12,,,,"Validate data model 4, Validate report 5, Train environment 7, Review template 9, Configure playbook 13, Review template 15",,,,,2026-02-01,2026-02-08,0.00,,true,Transition
PRJ-0041,TSK-000468,Validate data model 17,Completed,Aperture Ltd - CLM Implementation,PHS-00091,Discover & Design,Mei Sato,,2026-02-02,2026-02-22,9.60,,,,,TSK-000455,Validate data model 4,,,2026-02-02,2026-03-02,0.00,,true,Project Setup
PRJ-0041,TSK-000469,Review data model 18,Completed,Aperture Ltd - CLM Implementation,PHS-00090,Initiate,Mei Sato,,2026-02-03,2026-03-02,2.79,,,,"Validate report 5, Document integration 6, Train environment 7",,,,,2026-02-03,2026-03-01,0.00,,true,Discovery
PRJ-0041,TSK-000470,Validate environment 19,Completed,Aperture Ltd - CLM Implementation,PHS-00089,Getting Started,Mei Sato,,2026-02-04,2026-02-14,16.55,,,,"Validate report 5, Document integration 6, Migrate data model 8, Review template 9, Validate data model 17, Review data model 18",,,,,2026-02-04,2026-02-07,0.00,,true,Project Setup
PRJ-0041,TSK-000471,Audit template 20,To do,Aperture Ltd - CLM Implementation,PHS-00090,Initiate,Mei Sato,,2026-02-05,2026-02-08,0.00,,,,,,,,,,,0.00,,true,Build and Deployment
PRJ-0041,TSK-000472,Document integration 21,Completed,Aperture Ltd - CLM Implementation,PHS-00089,Getting Started,Noah Novak,,2026-02-06,2026-02-26,10.77,,,,"Validate report 5, Document integration 6, Review data model 18",,,,,2026-02-06,2026-02-12,0.00,,false,Project Setup
PRJ-0041,TSK-000473,Validate playbook 22,NA,Aperture Ltd - CLM Implementation,PHS-00091,Discover & Design,,,2026-02-07,2026-03-06,4.83,,,,"Configure playbook 3, Train environment 7, Review integration 10, Review template 15, Validate environment 19",,,,,,,0.00,,true,Program Management
PRJ-0041,TSK-000474,Configure workflow 23,To do,Aperture Ltd - CLM Implementation,PHS-00089,Getting Started,Mei Sato,,2026-02-08,2026-02-21,23.13,,,,,,,,,,,0.00,,true,Transition
PRJ-0041,TSK-000475,Configure integration 24,Completed,Aperture Ltd - CLM Implementation,PHS-00090,Initiate,,,2026-02-09,2026-03-08,5.09,,,,"Configure playbook 3, Validate data model 4, Train environment 7",,,,,2026-02-09,2026-02-13,0.00,,true,Build and Deployment
PRJ-0041,TSK-000476,Audit environment 25,To do,Aperture Ltd - CLM Implementation,PHS-00090,Initiate,Priya Diallo,,2026-02-10,2026-02-13,0.00,,,,,,,,,,,0.00,,true,Test Execution
PRJ-0041,TSK-000477,Validate permission set 26,Completed,Aperture Ltd - CLM Implementation,PHS-00092,Configure & Build,Mei Sato,,2026-02-11,2026-02-12,0.00,,,,,,,,,2026-02-11,2026-02-14,0.00,,false,Project Setup
PRJ-0041,TSK-000478,Train playbook 27,To do,Aperture Ltd - CLM Implementation,PHS-00092,Configure & Build,Priya Diallo,,2026-02-12,2026-02-15,0.00,,,,"Deploy playbook 2, Document integration 6, Review template 9, Review environment 11, Configure integration 24",,,,,,,0.00,,true,Discovery
PRJ-0041,TSK-000479,Validate integration 28,To do,Aperture Ltd - CLM Implementation,PHS-00092,Configure & Build,Tomas Novak,,2026-02-13,2026-02-24,0.00,,,,Review environment 11,,,,,,,0.00,,true,Project Setup
PRJ-0041,TSK-000480,Audit environment 29,Completed,Aperture Ltd - CLM Implementation,PHS-00091,Discover & Design,,,2026-02-14,2026-03-15,2.96,true,,,"Validate report 5, Migrate data model 8, Review environment 11, Configure integration 24",,,,,2026-02-14,2026-03-07,0.00,,true,Program Management
PRJ-0041,TSK-000481,Train environment 30,To do,Aperture Ltd - CLM Implementation,PHS-00090,Initiate,Noah Novak,,2026-02-15,2026-03-14,0.00,true,,,"Configure playbook 3, Review template 9",,,,,,,0.00,,true,Build and Deployment
PRJ-0041,TSK-000482,Validate data model 31,Completed,Aperture Ltd - CLM Implementation,PHS-00090,Initiate,,,2026-02-16,2026-02-28,29.71,true,,,,,,,,2026-02-16,2026-03-02,0.00,,true,Project Setup
PRJ-0042,TSK-000483,Deploy integration 1,Completed,Wonka Ltd - Migration,PHS-00093,Getting Started,,,2026-06-07,2026-06-19,26.66,,,,,,,,,2026-06-07,2026-06-21,0.00,,true,Build and Deployment
PRJ-0042,TSK-000484,Deploy permission set 2,In progress,Wonka Ltd - Migration,PHS-00095,Discover & Design,,,2026-06-08,2026-06-23,38.57,,,,Deploy integration 1,,,,,2026-06-08,,0.00,,false,Test Execution
PRJ-0042,TSK-000485,Train template 3,Completed,Wonka Ltd - Migration,PHS-00094,Initiate,Amara Diallo,,2026-06-09,2026-07-09,34.70,,,,Deploy permission set 2,,,,,2026-06-09,2026-06-13,0.00,,true,Transition
PRJ-0042,TSK-000486,Configure workflow 4,Completed,Wonka Ltd - Migration,PHS-00095,Discover & Design,,,2026-06-10,2026-06-30,0.00,,,,Train template 3,,,,,2026-06-10,2026-06-15,0.00,,true,Build and Deployment
PRJ-0042,TSK-000487,Train playbook 5,Completed,Wonka Ltd - Migration,PHS-00095,Discover & Design,Ingrid Rossi,,2026-06-11,2026-06-27,0.00,,,,Configure workflow 4,,,,,2026-06-11,2026-06-30,0.00,,true,Project Setup
PRJ-0042,TSK-000488,Document report 6,To do,Wonka Ltd - Migration,PHS-00093,Getting Started,,,2026-06-12,2026-06-13,0.00,,,,Train playbook 5,,,,,,,0.00,,true,Project Setup
PRJ-0042,TSK-000489,Deploy permission set 7,Blocked,Wonka Ltd - Migration,PHS-00095,Discover & Design,Sofia Rossi,,2026-06-13,2026-07-02,32.01,,,,Document report 6,,,,,,,0.00,,true,Build and Deployment
PRJ-0042,TSK-000490,Configure workflow 8,Completed,Wonka Ltd - Migration,PHS-00093,Getting Started,,,2026-06-14,2026-07-04,7.03,,,,Deploy permission set 7,,,,,2026-06-14,2026-07-05,0.00,,true,Transition
PRJ-0042,TSK-000491,Configure template 9,To do,Wonka Ltd - Migration,PHS-00093,Getting Started,,,2026-06-15,2026-07-13,36.09,,,,Configure workflow 8,,,,,,,0.00,,true,Project Setup
PRJ-0042,TSK-000492,Migrate template 10,To do,Wonka Ltd - Migration,PHS-00095,Discover & Design,Sofia Rossi,,2026-06-16,2026-07-13,27.82,,,,Configure template 9,,,,,,,0.00,,true,
PRJ-0042,TSK-000493,Configure permission set 11,To do,Wonka Ltd - Migration,PHS-00094,Initiate,,,2026-06-17,2026-06-23,24.84,,,,Migrate template 10,,,,,,,0.00,,true,Discovery
PRJ-0042,TSK-000494,Document playbook 12,To do,Wonka Ltd - Migration,PHS-00094,Initiate,Amara Diallo,,2026-06-18,2026-07-02,0.00,,,,Configure permission set 11,,,,,,,0.00,,true,
PRJ-0042,TSK-000495,Validate report 13,Completed,Wonka Ltd - Migration,PHS-00095,Discover & Design,,,2026-06-19,2026-07-07,0.00,,,,"Deploy permission set 2, Document report 6",,,,,2026-06-19,2026-07-05,0.00,,true,Discovery
PRJ-0042,TSK-000496,Migrate environment 14,To do,Wonka Ltd - Migration,PHS-00094,Initiate,Ingrid Rossi,,2026-06-20,2026-07-20,0.00,,,,"Deploy integration 1, Deploy permission set 7, Validate report 13",,,,,,,0.00,,true,Program Management
PRJ-0042,TSK-000497,Deploy data model 15,Blocked,Wonka Ltd - Migration,PHS-00094,Initiate,Ingrid Rossi,,2026-06-21,2026-07-18,37.62,,,,"Deploy integration 1, Deploy permission set 2, Train playbook 5, Document report 6, Configure template 9",,,,,,,0.00,,true,Transition
PRJ-0042,TSK-000498,Review environment 16,To do,Wonka Ltd - Migration,PHS-00093,Getting Started,Sofia Rossi,,2026-06-22,2026-06-28,0.00,,,,Document report 6,,,,,,,0.00,,true,Project Setup
PRJ-0042,TSK-000499,Train report 17,To do,Wonka Ltd - Migration,PHS-00095,Discover & Design,Priya Diallo,,2026-06-23,2026-07-17,18.71,,,,Validate report 13,,,,,,,0.00,,true,Transition
PRJ-0042,TSK-000500,Validate workflow 18,In progress,Wonka Ltd - Migration,PHS-00095,Discover & Design,Ingrid Rossi,,2026-06-24,2026-07-24,0.00,,,,,,,,,2026-06-24,,0.00,,true,Project Setup
PRJ-0042,TSK-000501,Train workflow 19,To do,Wonka Ltd - Migration,PHS-00093,Getting Started,Sofia Rossi,,2026-06-25,2026-07-10,0.00,true,,,"Configure template 9, Migrate environment 14, Review environment 16",,,,,,,0.00,,true,Transition
PRJ-0042,TSK-000502,Deploy data model 20,Completed,Wonka Ltd - Migration,PHS-00094,Initiate,Ingrid Rossi,,2026-06-26,2026-07-24,0.00,true,,,,,,,,2026-06-26,2026-07-12,0.00,,false,Build and Deployment
PRJ-0043,TSK-000503,Configure playbook 1,Completed,Northwind Group - Phase 2 Rollout,PHS-00099,Configure & Build,,,2026-04-21,2026-05-14,13.52,,,,,,,,,2026-04-21,2026-05-18,0.00,,true,Discovery
PRJ-0043,TSK-000504,Validate template 2,Completed,Northwind Group - Phase 2 Rollout,PHS-00099,Configure & Build,Amara Diallo,,2026-04-22,2026-04-27,32.42,,,,Configure playbook 1,,,,,2026-04-22,2026-05-18,0.00,,true,Program Management
PRJ-0043,TSK-000505,Document template 3,Completed,Northwind Group - Phase 2 Rollout,PHS-00099,Configure & Build,Amara Diallo,,2026-04-23,2026-05-07,15.61,,,,Validate template 2,,,,,2026-04-23,2026-05-20,0.00,,true,Project Setup
PRJ-0043,TSK-000506,Document integration 4,Completed,Northwind Group - Phase 2 Rollout,PHS-00099,Configure & Build,Yusuf Rossi,,2026-04-24,2026-05-04,0.00,,,,Document template 3,,,,,2026-04-24,2026-05-23,0.00,,true,Test Execution
PRJ-0043,TSK-000507,Audit template 5,Completed,Northwind Group - Phase 2 Rollout,PHS-00099,Configure & Build,Yusuf Rossi,,2026-04-25,2026-05-25,19.22,,,,Document integration 4,,,,,2026-04-25,2026-05-14,0.00,,true,Build and Deployment
PRJ-0043,TSK-000508,Review permission set 6,Completed,Northwind Group - Phase 2 Rollout,PHS-00099,Configure & Build,,,2026-04-26,2026-05-26,26.01,,,,Audit template 5,,,,,2026-04-26,2026-05-06,0.00,,true,Project Setup
PRJ-0043,TSK-000509,Audit data model 7,Completed,Northwind Group - Phase 2 Rollout,PHS-00098,Discover & Design,Amara Diallo,,2026-04-27,2026-05-09,35.86,,,,Review permission set 6,,,,,2026-04-27,2026-05-02,0.00,,false,Project Setup
PRJ-0043,TSK-000510,Validate report 8,Completed,Northwind Group - Phase 2 Rollout,PHS-00099,Configure & Build,Amara Diallo,,2026-04-28,2026-05-01,35.22,,,,Audit data model 7,,,,,2026-04-28,2026-05-23,0.00,,true,Build and Deployment
PRJ-0043,TSK-000511,Train environment 9,Completed,Northwind Group - Phase 2 Rollout,PHS-00096,Getting Started,Amara Diallo,,2026-04-29,2026-05-06,34.27,,,,Validate report 8,,,,,2026-04-29,2026-05-20,0.00,,true,Project Setup
PRJ-0043,TSK-000512,Review data model 10,Completed,Northwind Group - Phase 2 Rollout,PHS-00096,Getting Started,Yusuf Rossi,,2026-04-30,2026-05-11,0.00,,,,Train environment 9,,,,,2026-04-30,2026-05-10,0.00,,true,Build and Deployment
PRJ-0043,TSK-000513,Review permission set 11,Completed,Northwind Group - Phase 2 Rollout,PHS-00096,Getting Started,Yusuf Rossi,,2026-05-01,2026-05-20,8.97,,,,Review data model 10,,,,,2026-05-01,2026-05-22,0.00,,true,Discovery
PRJ-0043,TSK-000514,Audit report 12,Completed,Northwind Group - Phase 2 Rollout,PHS-00098,Discover & Design,Amara Diallo,,2026-05-02,2026-05-30,0.00,,,,Review permission set 11,,,,,2026-05-02,2026-05-11,0.00,,true,
PRJ-0043,TSK-000515,Validate report 13,Completed,Northwind Group - Phase 2 Rollout,PHS-00096,Getting Started,,,2026-05-03,2026-05-08,34.10,,,,,,,,,2026-05-03,2026-05-27,0.00,,true,Program Management
PRJ-0043,TSK-000516,Validate template 14,Completed,Northwind Group - Phase 2 Rollout,PHS-00096,Getting Started,Amara Diallo,,2026-05-04,2026-05-13,35.33,,,,,,,,,2026-05-04,2026-05-17,0.00,,true,Project Setup
PRJ-0043,TSK-000517,Configure environment 15,Completed,Northwind Group - Phase 2 Rollout,PHS-00096,Getting Started,,,2026-05-05,2026-06-01,35.14,,,,"Audit template 5, Review permission set 11",,,,,2026-05-05,2026-05-28,0.00,,true,Discovery
PRJ-0043,TSK-000518,Configure environment 16,Completed,Northwind Group - Phase 2 Rollout,PHS-00097,Initiate,Amara Diallo,,2026-05-06,2026-06-03,9.05,,,,"Validate template 2, Audit data model 7, Review permission set 11, Validate template 14",,,,,2026-05-06,2026-06-02,0.00,,true,Test Execution
PRJ-0043,TSK-000519,Review environment 17,Completed,Northwind Group - Phase 2 Rollout,PHS-00097,Initiate,Yusuf Rossi,,2026-05-07,2026-05-09,0.00,,,,,,,,,2026-05-07,2026-05-15,0.00,,true,
PRJ-0043,TSK-000520,Validate environment 18,Completed,Northwind Group - Phase 2 Rollout,PHS-00099,Configure & Build,Amara Diallo,,2026-05-08,2026-05-19,27.63,true,,,"Validate template 2, Audit template 5, Review permission set 11, Validate report 13, Review environment 17",,,,,2026-05-08,2026-05-21,0.00,,true,Program Management
PRJ-0044,TSK-000521,Deploy playbook 1,Completed,Wonka Ltd - CLM Implementation,PHS-00102,Discover & Design,Amara Diallo,,2026-03-29,2026-04-11,17.97,,,,,,,,,2026-03-29,2026-04-27,0.00,,true,Test Execution
PRJ-0044,TSK-000522,Validate integration 2,Completed,Wonka Ltd - CLM Implementation,PHS-00102,Discover & Design,,,2026-03-30,2026-04-08,32.95,,,,Deploy playbook 1,,,,,2026-03-30,2026-04-22,0.00,,true,Transition
PRJ-0044,TSK-000523,Migrate workflow 3,Completed,Wonka Ltd - CLM Implementation,PHS-00103,Configure & Build,Amara Diallo,,2026-03-31,2026-04-01,5.91,,,,Validate integration 2,,,,,2026-03-31,2026-04-07,0.00,,true,Build and Deployment
PRJ-0044,TSK-000524,Train data model 4,Completed,Wonka Ltd - CLM Implementation,PHS-00100,Getting Started,,,2026-04-01,2026-04-27,13.40,,,,Migrate workflow 3,,,,,2026-04-01,2026-04-22,0.00,,false,Transition
PRJ-0044,TSK-000525,Validate template 5,NA,Wonka Ltd - CLM Implementation,PHS-00100,Getting Started,Marco Diallo,,2026-04-02,2026-04-08,37.28,,,,Train data model 4,,,,,,,0.00,,true,Project Setup
PRJ-0044,TSK-000526,Review permission set 6,To do,Wonka Ltd - CLM Implementation,PHS-00102,Discover & Design,,,2026-04-03,2026-04-04,0.00,,,,Validate template 5,,,,,,,0.00,,true,Program Management
PRJ-0044,TSK-000527,Deploy workflow 7,To do,Wonka Ltd - CLM Implementation,PHS-00104,Test,Elena Sato,,2026-04-04,2026-04-14,5.38,,,,Review permission set 6,,,,,,,0.00,,true,Discovery
PRJ-0044,TSK-000528,Document workflow 8,In progress,Wonka Ltd - CLM Implementation,PHS-00105,Transfer,Amara Diallo,,2026-04-05,2026-04-27,0.00,,,,Deploy workflow 7,,,,,2026-04-05,,0.00,,false,Transition
PRJ-0044,TSK-000529,Document permission set 9,To do,Wonka Ltd - CLM Implementation,PHS-00101,Initiate,,,2026-04-06,2026-04-19,39.49,,,,Document workflow 8,,,,,,,0.00,,true,Program Management
PRJ-0044,TSK-000530,Review template 10,Completed,Wonka Ltd - CLM Implementation,PHS-00101,Initiate,,,2026-04-07,2026-04-20,11.10,,,,Document permission set 9,,,,,2026-04-07,2026-05-04,0.00,,true,Program Management
PRJ-0044,TSK-000531,Document permission set 11,Completed,Wonka Ltd - CLM Implementation,PHS-00102,Discover & Design,Marco Diallo,,2026-04-08,2026-04-15,37.69,,,,Review template 10,,,,,2026-04-08,2026-05-05,0.00,,true,Project Setup
PRJ-0044,TSK-000532,Document workflow 12,Completed,Wonka Ltd - CLM Implementation,PHS-00100,Getting Started,Elena Sato,,2026-04-09,2026-04-19,10.11,,,,Document permission set 11,,,,,2026-04-09,2026-04-28,0.00,,true,Transition
PRJ-0044,TSK-000533,Migrate report 13,Completed,Wonka Ltd - CLM Implementation,PHS-00100,Getting Started,Marco Diallo,,2026-04-10,2026-04-21,23.48,,,,"Deploy playbook 1, Validate integration 2, Document workflow 8, Document permission set 9",,,,,2026-04-10,2026-04-11,0.00,,true,Build and Deployment
PRJ-0044,TSK-000534,Train environment 14,Completed,Wonka Ltd - CLM Implementation,PHS-00103,Configure & Build,Noah Diallo,,2026-04-11,2026-04-27,32.69,,,,"Deploy playbook 1, Train data model 4, Validate template 5, Review template 10",,,,,2026-04-11,2026-04-12,0.00,,true,Project Setup
PRJ-0044,TSK-000535,Document environment 15,To do,Wonka Ltd - CLM Implementation,PHS-00101,Initiate,Elena Sato,,2026-04-12,2026-04-24,0.21,,,,"Deploy workflow 7, Document workflow 8, Document permission set 9, Document permission set 11, Migrate report 13",,,,,,,0.00,,true,Discovery
PRJ-0044,TSK-000536,Configure permission set 16,Completed,Wonka Ltd - CLM Implementation,PHS-00105,Transfer,,,2026-04-13,2026-05-01,0.00,,,,"Deploy playbook 1, Review permission set 6, Deploy workflow 7, Document workflow 8, Document permission set 11",,,,,2026-04-13,2026-04-16,0.00,,true,
PRJ-0044,TSK-000537,Review permission set 17,To do,Wonka Ltd - CLM Implementation,PHS-00100,Getting Started,Noah Diallo,,2026-04-14,2026-04-19,0.00,,,,"Deploy workflow 7, Document permission set 9, Document permission set 11, Train environment 14",,,,,,,0.00,,true,Discovery
PRJ-0044,TSK-000538,Migrate playbook 18,To do,Wonka Ltd - CLM Implementation,PHS-00100,Getting Started,Elena Sato,,2026-04-15,2026-05-12,0.08,,,,"Deploy playbook 1, Migrate workflow 3, Train data model 4, Validate template 5, Deploy workflow 7, Train environment 14",,,,,,,0.00,,true,Program Management
PRJ-0044,TSK-000539,Audit playbook 19,Completed,Wonka Ltd - CLM Implementation,PHS-00103,Configure & Build,Noah Diallo,,2026-04-16,2026-04-28,4.38,,,,"Migrate workflow 3, Document permission set 9, Train environment 14",,,,,2026-04-16,2026-05-13,0.00,,false,Test Execution
PRJ-0044,TSK-000540,Deploy template 20,In progress,Wonka Ltd - CLM Implementation,PHS-00102,Discover & Design,Elena Sato,,2026-04-17,2026-04-23,0.00,,,,,,,,,2026-04-17,,0.00,,true,Program Management
PRJ-0044,TSK-000541,Configure integration 21,To do,Wonka Ltd - CLM Implementation,PHS-00103,Configure & Build,Noah Diallo,,2026-04-18,2026-04-23,32.69,,,,"Validate integration 2, Migrate workflow 3, Document permission set 9, Migrate report 13, Deploy template 20",,,,,,,0.00,,true,Program Management
PRJ-0044,TSK-000542,Train data model 22,Completed,Wonka Ltd - CLM Implementation,PHS-00100,Getting Started,Marco Diallo,,2026-04-19,2026-05-02,0.00,,,,"Train data model 4, Validate template 5, Train environment 14, Configure integration 21",,,,,2026-04-19,2026-04-23,0.00,,false,Project Setup
PRJ-0044,TSK-000543,Document report 23,NA,Wonka Ltd - CLM Implementation,PHS-00104,Test,Marco Diallo,,2026-04-20,2026-04-24,23.93,,,,,,,,,,,0.00,,true,Project Setup
PRJ-0044,TSK-000544,Review playbook 24,To do,Wonka Ltd - CLM Implementation,PHS-00101,Initiate,,,2026-04-21,2026-05-11,30.87,,,,,,,,,,,0.00,,true,Test Execution
PRJ-0044,TSK-000545,Review permission set 25,In progress,Wonka Ltd - CLM Implementation,PHS-00104,Test,,,2026-04-22,2026-05-05,0.00,,,,,,,,,2026-04-22,,0.00,,true,Test Execution
PRJ-0044,TSK-000546,Configure template 26,NA,Wonka Ltd - CLM Implementation,PHS-00103,Configure & Build,Elena Sato,,2026-04-23,2026-05-11,0.00,,,,,,,,,,,0.00,,true,Program Management
PRJ-0044,TSK-000547,Validate template 27,Completed,Wonka Ltd - CLM Implementation,PHS-00101,Initiate,,,2026-04-24,2026-05-23,39.69,,,,"Train data model 4, Document permission set 9, Review playbook 24, Review permission set 25",,,,,2026-04-24,2026-05-07,0.00,,true,Discovery
PRJ-0044,TSK-000548,Validate playbook 28,To do,Wonka Ltd - CLM Implementation,PHS-00104,Test,Amara Diallo,,2026-04-25,2026-05-04,26.28,,,,"Validate integration 2, Document workflow 8",,,,,,,0.00,,true,Transition
PRJ-0044,TSK-000549,Validate template 29,NA,Wonka Ltd - CLM Implementation,PHS-00103,Configure & Build,,,2026-04-26,2026-05-10,18.98,true,,,,,,,,,,0.00,,false,Discovery
PRJ-0044,TSK-000550,Review data model 30,To do,Wonka Ltd - CLM Implementation,PHS-00100,Getting Started,Noah Diallo,,2026-04-27,2026-04-30,0.00,true,,,"Train data model 4, Deploy workflow 7, Review template 10, Deploy template 20, Review playbook 24, Validate template 29",,,,,,,0.00,,true,Discovery
PRJ-0044,TSK-000551,Deploy permission set 31,To do,Wonka Ltd - CLM Implementation,PHS-00101,Initiate,,,2026-04-28,2026-05-03,13.89,true,,,"Deploy workflow 7, Document permission set 9, Configure template 26, Validate playbook 28, Validate template 29",,,,,,,0.00,,true,Transition
PRJ-0045,TSK-000552,Configure data model 1,Completed,Stark LLC - Integration Program,PHS-00110,Test,Mei Kaya,,2026-02-06,2026-02-28,9.44,,,,,,,,,2026-02-06,2026-03-04,0.00,,true,Project Setup
PRJ-0045,TSK-000553,Audit data model 2,To do,Stark LLC - Integration Program,PHS-00106,Getting Started,Mei Kaya,,2026-02-07,2026-02-23,0.00,,,,Configure data model 1,,,,,,,0.00,,true,Test Execution
PRJ-0045,TSK-000554,Document report 3,Completed,Stark LLC - Integration Program,PHS-00106,Getting Started,Mei Kaya,,2026-02-08,2026-02-23,14.65,,,,Audit data model 2,,,,,2026-02-08,2026-02-17,0.00,,true,Discovery
PRJ-0045,TSK-000555,Validate integration 4,Completed,Stark LLC - Integration Program,PHS-00106,Getting Started,Mei Kaya,,2026-02-09,2026-02-22,12.03,,,,Document report 3,,,,,2026-02-09,2026-02-17,0.00,,true,
PRJ-0045,TSK-000556,Validate data model 5,To do,Stark LLC - Integration Program,PHS-00108,Discover & Design,Mei Kaya,,2026-02-10,2026-03-03,0.00,,,,Validate integration 4,,,,,,,0.00,,true,
PRJ-0045,TSK-000557,Document integration 6,Completed,Stark LLC - Integration Program,PHS-00106,Getting Started,Mei Kaya,,2026-02-11,2026-02-21,0.00,,,,Validate data model 5,,,,,2026-02-11,2026-03-09,0.00,,true,Program Management
PRJ-0045,TSK-000558,Audit report 7,Completed,Stark LLC - Integration Program,PHS-00110,Test,Mei Kaya,,2026-02-12,2026-02-25,2.27,,,,Document integration 6,,,,,2026-02-12,2026-03-06,0.00,,false,
PRJ-0045,TSK-000559,Migrate environment 8,Completed,Stark LLC - Integration Program,PHS-00107,Initiate,Mei Kaya,,2026-02-13,2026-02-15,36.48,,,,Audit report 7,,,,,2026-02-13,2026-02-28,0.00,,true,Build and Deployment
PRJ-0045,TSK-000560,Configure template 9,In progress,Stark LLC - Integration Program,PHS-00107,Initiate,Mei Kaya,,2026-02-14,2026-02-18,2.56,,,,Migrate environment 8,,,,,2026-02-14,,0.00,,true,Project Setup
PRJ-0045,TSK-000561,Review playbook 10,Completed,Stark LLC - Integration Program,PHS-00107,Initiate,Mei Kaya,,2026-02-15,2026-02-19,25.58,,,,Configure template 9,,,,,2026-02-15,2026-02-22,0.00,,true,Test Execution
PRJ-0045,TSK-000562,Train template 11,In progress,Stark LLC - Integration Program,PHS-00106,Getting Started,,,2026-02-16,2026-03-17,0.00,,,,Review playbook 10,,,,,2026-02-16,,0.00,,false,Transition
PRJ-0045,TSK-000563,Train playbook 12,To do,Stark LLC - Integration Program,PHS-00107,Initiate,Mei Kaya,,2026-02-17,2026-02-19,29.89,,,,Train template 11,,,,,,,0.00,,true,Program Management
PRJ-0045,TSK-000564,Audit environment 13,Completed,Stark LLC - Integration Program,PHS-00110,Test,Mei Kaya,,2026-02-18,2026-03-15,23.20,,,,"Audit data model 2, Validate integration 4, Document integration 6, Review playbook 10",,,,,2026-02-18,2026-02-27,0.00,,false,Transition
PRJ-0045,TSK-000565,Validate permission set 14,To do,Stark LLC - Integration Program,PHS-00107,Initiate,Mei Kaya,,2026-02-19,2026-03-13,0.00,,,,,,,,,,,0.00,,false,Test Execution
PRJ-0045,TSK-000566,Document integration 15,Completed,Stark LLC - Integration Program,PHS-00110,Test,,,2026-02-20,2026-03-17,28.77,,,,"Validate integration 4, Document integration 6, Validate permission set 14",,,,,2026-02-20,2026-03-05,0.00,,false,Build and Deployment
PRJ-0045,TSK-000567,Migrate workflow 16,Completed,Stark LLC - Integration Program,PHS-00109,Configure & Build,,,2026-02-21,2026-02-22,21.06,,,,"Audit data model 2, Document report 3, Validate integration 4, Audit report 7, Validate permission set 14",,,,,2026-02-21,2026-03-15,0.00,,false,Build and Deployment
PRJ-0045,TSK-000568,Review integration 17,Completed,Stark LLC - Integration Program,PHS-00108,Discover & Design,Mei Kaya,,2026-02-22,2026-03-06,26.96,,,,Migrate environment 8,,,,,2026-02-22,2026-03-06,0.00,,true,
PRJ-0045,TSK-000569,Review report 18,Completed,Stark LLC - Integration Program,PHS-00109,Configure & Build,Mei Kaya,,2026-02-23,2026-02-26,13.01,,,,,,,,,2026-02-23,2026-03-23,0.00,,true,
PRJ-0045,TSK-000570,Deploy report 19,To do,Stark LLC - Integration Program,PHS-00110,Test,,,2026-02-24,2026-03-18,16.70,,,,,,,,,,,0.00,,false,Project Setup
PRJ-0045,TSK-000571,Configure report 20,Completed,Stark LLC - Integration Program,PHS-00106,Getting Started,Mei Kaya,,2026-02-25,2026-03-22,16.39,,,,,,,,,2026-02-25,2026-03-25,0.00,,true,Test Execution
PRJ-0045,TSK-000572,Deploy report 21,Completed,Stark LLC - Integration Program,PHS-00108,Discover & Design,,,2026-02-26,2026-03-21,19.95,true,,,"Validate integration 4, Audit report 7, Migrate workflow 16",,,,,2026-02-26,2026-03-23,0.00,,true,Project Setup
PRJ-0045,TSK-000573,Migrate template 22,Blocked,Stark LLC - Integration Program,PHS-00107,Initiate,,,2026-02-27,2026-03-04,0.00,true,,,,,,,,,,0.00,,false,Transition
PRJ-0046,TSK-000574,Audit permission set 1,In progress,Soylent Inc - Migration,PHS-00112,Initiate,Lena Rossi,,2026-07-01,2026-07-18,18.46,,,,,,,,,2026-07-01,,0.00,,true,Discovery
PRJ-0046,TSK-000575,Review template 2,In progress,Soylent Inc - Migration,PHS-00111,Getting Started,Lena Rossi,,2026-07-02,2026-07-09,0.00,,,,Audit permission set 1,,,,,2026-07-02,,0.00,,true,Test Execution
PRJ-0046,TSK-000576,Review environment 3,Completed,Soylent Inc - Migration,PHS-00112,Initiate,Lena Rossi,,2026-07-03,2026-08-02,1.93,,,,Review template 2,,,,,2026-07-03,2026-07-06,0.00,,true,
PRJ-0046,TSK-000577,Audit integration 4,To do,Soylent Inc - Migration,PHS-00111,Getting Started,Lena Rossi,,2026-07-04,2026-07-26,0.00,,,,Review environment 3,,,,,,,0.00,,true,Program Management
PRJ-0046,TSK-000578,Migrate integration 5,Completed,Soylent Inc - Migration,PHS-00111,Getting Started,,,2026-07-05,2026-07-17,0.00,,,,Audit integration 4,,,,,2026-07-05,2026-08-03,0.00,,true,Program Management
PRJ-0046,TSK-000579,Audit workflow 6,To do,Soylent Inc - Migration,PHS-00112,Initiate,Lena Rossi,,2026-07-06,2026-07-17,31.47,,,,Migrate integration 5,,,,,,,0.00,,true,Test Execution
PRJ-0046,TSK-000580,Audit workflow 7,Completed,Soylent Inc - Migration,PHS-00111,Getting Started,Lena Rossi,,2026-07-07,2026-07-26,0.70,,,,Audit workflow 6,,,,,2026-07-07,2026-07-26,0.00,,true,
PRJ-0046,TSK-000581,Deploy workflow 8,Completed,Soylent Inc - Migration,PHS-00111,Getting Started,Lena Rossi,,2026-07-08,2026-08-03,13.16,,,,Audit workflow 7,,,,,2026-07-08,2026-07-16,0.00,,false,Program Management
PRJ-0046,TSK-000582,Validate workflow 9,To do,Soylent Inc - Migration,PHS-00111,Getting Started,,,2026-07-09,2026-07-20,0.00,,,,Deploy workflow 8,,,,,,,0.00,,true,Transition
PRJ-0046,TSK-000583,Audit report 10,NA,Soylent Inc - Migration,PHS-00111,Getting Started,Lena Rossi,,2026-07-10,2026-07-17,15.69,,,,Validate workflow 9,,,,,,,0.00,,true,Program Management
PRJ-0046,TSK-000584,Configure data model 11,Completed,Soylent Inc - Migration,PHS-00111,Getting Started,Lena Rossi,,2026-07-11,2026-07-20,5.56,,,,Audit report 10,,,,,2026-07-11,2026-07-18,0.00,,true,Project Setup
PRJ-0046,TSK-000585,Review data model 12,To do,Soylent Inc - Migration,PHS-00111,Getting Started,Lena Rossi,,2026-07-12,2026-07-13,0.00,,,,Configure data model 11,,,,,,,0.00,,true,Project Setup
PRJ-0046,TSK-000586,Validate integration 13,Completed,Soylent Inc - Migration,PHS-00112,Initiate,Lena Rossi,,2026-07-13,2026-07-28,18.12,,,,"Audit permission set 1, Audit workflow 6, Audit workflow 7, Configure data model 11",,,,,2026-07-13,2026-08-12,0.00,,false,
PRJ-0046,TSK-000587,Deploy workflow 14,Completed,Soylent Inc - Migration,PHS-00111,Getting Started,Lena Rossi,,2026-07-14,2026-07-26,8.34,,,,,,,,,2026-07-14,2026-08-04,0.00,,true,Program Management
PRJ-0046,TSK-000588,Document template 15,Completed,Soylent Inc - Migration,PHS-00112,Initiate,,,2026-07-15,2026-08-03,34.92,,,,"Audit integration 4, Migrate integration 5, Validate workflow 9, Audit report 10, Deploy workflow 14",,,,,2026-07-15,2026-07-19,0.00,,true,Program Management
PRJ-0046,TSK-000589,Audit data model 16,NA,Soylent Inc - Migration,PHS-00112,Initiate,,,2026-07-16,2026-08-08,7.00,,,,,,,,,,,0.00,,true,Project Setup
PRJ-0046,TSK-000590,Validate report 17,To do,Soylent Inc - Migration,PHS-00112,Initiate,Lena Rossi,,2026-07-17,2026-07-21,0.00,,,,"Audit permission set 1, Audit integration 4, Audit report 10",,,,,,,0.00,,true,Test Execution
PRJ-0046,TSK-000591,Configure workflow 18,Blocked,Soylent Inc - Migration,PHS-00112,Initiate,,,2026-07-18,2026-08-08,0.00,,,,,,,,,,,0.00,,true,Transition
PRJ-0046,TSK-000592,Configure workflow 19,To do,Soylent Inc - Migration,PHS-00111,Getting Started,,,2026-07-19,2026-08-12,0.00,,,,,,,,,,,0.00,,false,Build and Deployment
PRJ-0046,TSK-000593,Migrate template 20,In progress,Soylent Inc - Migration,PHS-00112,Initiate,,,2026-07-20,2026-08-09,0.00,,,,"Audit permission set 1, Audit data model 16",,,,,2026-07-20,,0.00,,true,
PRJ-0046,TSK-000594,Train workflow 21,Completed,Soylent Inc - Migration,PHS-00111,Getting Started,,,2026-07-21,2026-08-04,10.27,,,,,,,,,2026-07-21,2026-08-15,0.00,,true,Program Management
PRJ-0046,TSK-000595,Configure integration 22,In progress,Soylent Inc - Migration,PHS-00112,Initiate,Lena Rossi,,2026-07-22,2026-07-26,0.00,,,,,,,,,2026-07-22,,0.00,,true,Program Management
PRJ-0046,TSK-000596,Review permission set 23,Completed,Soylent Inc - Migration,PHS-00112,Initiate,Lena Rossi,,2026-07-23,2026-08-07,17.58,,,,,,,,,2026-07-23,2026-08-22,0.00,,true,Test Execution
PRJ-0046,TSK-000597,Train playbook 24,To do,Soylent Inc - Migration,PHS-00111,Getting Started,,,2026-07-24,2026-07-26,0.00,true,,,,,,,,,,0.00,,true,Test Execution
PRJ-0046,TSK-000598,Review permission set 25,Completed,Soylent Inc - Migration,PHS-00112,Initiate,,,2026-07-25,2026-08-24,26.57,true,,,,,,,,2026-07-25,2026-08-05,0.00,,true,Build and Deployment
PRJ-0047,TSK-000599,Audit permission set 1,In progress,Cyberdyne Inc - CLM Implementation,PHS-00114,Initiate,,,2026-07-13,2026-07-16,6.89,,,,,,,,,2026-07-13,,0.00,,true,Transition
PRJ-0047,TSK-000600,Validate workflow 2,In progress,Cyberdyne Inc - CLM Implementation,PHS-00114,Initiate,,,2026-07-14,2026-07-21,0.00,,,,Audit permission set 1,,,,,2026-07-14,,0.00,,false,
PRJ-0047,TSK-000601,Train playbook 3,Completed,Cyberdyne Inc - CLM Implementation,PHS-00113,Getting Started,Ingrid Sato,,2026-07-15,2026-08-04,21.41,,,,Validate workflow 2,,,,,2026-07-15,2026-07-16,0.00,,false,Project Setup
PRJ-0047,TSK-000602,Migrate workflow 4,Completed,Cyberdyne Inc - CLM Implementation,PHS-00116,Configure & Build,Ingrid Sato,,2026-07-16,2026-08-04,23.41,,,,Train playbook 3,,,,,2026-07-16,2026-07-29,0.00,,true,Build and Deployment
PRJ-0047,TSK-000603,Validate data model 5,Blocked,Cyberdyne Inc - CLM Implementation,PHS-00114,Initiate,Ingrid Sato,,2026-07-17,2026-08-15,37.59,,,,Migrate workflow 4,,,,,,,0.00,,true,
PRJ-0047,TSK-000604,Deploy playbook 6,Completed,Cyberdyne Inc - CLM Implementation,PHS-00113,Getting Started,,,2026-07-18,2026-07-20,0.00,,,,Validate data model 5,,,,,2026-07-18,2026-08-13,0.00,,false,Transition
PRJ-0047,TSK-000605,Configure data model 7,Completed,Cyberdyne Inc - CLM Implementation,PHS-00116,Configure & Build,,,2026-07-19,2026-08-10,21.51,,,,Deploy playbook 6,,,,,2026-07-19,2026-08-08,0.00,,true,Build and Deployment
PRJ-0047,TSK-000606,Deploy template 8,Completed,Cyberdyne Inc - CLM Implementation,PHS-00114,Initiate,Ingrid Sato,,2026-07-20,2026-07-21,19.16,,,,Configure data model 7,,,,,2026-07-20,2026-08-04,0.00,,false,Transition
PRJ-0047,TSK-000607,Audit permission set 9,To do,Cyberdyne Inc - CLM Implementation,PHS-00117,Test,,,2026-07-21,2026-07-29,0.00,,,,Deploy template 8,,,,,,,0.00,,true,Project Setup
PRJ-0047,TSK-000608,Review report 10,Completed,Cyberdyne Inc - CLM Implementation,PHS-00114,Initiate,Ingrid Sato,,2026-07-22,2026-08-02,12.79,,,,Audit permission set 9,,,,,2026-07-22,2026-08-06,0.00,,true,
PRJ-0047,TSK-000609,Review data model 11,To do,Cyberdyne Inc - CLM Implementation,PHS-00117,Test,Ingrid Sato,,2026-07-23,2026-08-11,0.00,,,,Review report 10,,,,,,,0.00,,true,Discovery
PRJ-0047,TSK-000610,Configure data model 12,Completed,Cyberdyne Inc - CLM Implementation,PHS-00117,Test,,,2026-07-24,2026-08-02,0.00,,,,Review data model 11,,,,,2026-07-24,2026-08-14,0.00,,false,Discovery
PRJ-0047,TSK-000611,Migrate environment 13,Completed,Cyberdyne Inc - CLM Implementation,PHS-00113,Getting Started,Ingrid Sato,,2026-07-25,2026-07-28,30.82,,,,"Audit permission set 1, Validate workflow 2, Validate data model 5, Deploy playbook 6, Review report 10",,,,,2026-07-25,2026-08-11,0.00,,true,Discovery
PRJ-0047,TSK-000612,Train workflow 14,In progress,Cyberdyne Inc - CLM Implementation,PHS-00113,Getting Started,Ingrid Sato,,2026-07-26,2026-08-21,0.00,,,,"Train playbook 3, Migrate workflow 4",,,,,2026-07-26,,0.00,,true,
PRJ-0047,TSK-000613,Validate environment 15,In progress,Cyberdyne Inc - CLM Implementation,PHS-00113,Getting Started,,,2026-07-27,2026-08-13,1.09,,,,"Audit permission set 1, Deploy playbook 6, Deploy template 8, Audit permission set 9, Review report 10",,,,,2026-07-27,,0.00,,true,Test Execution
PRJ-0047,TSK-000614,Validate data model 16,Blocked,Cyberdyne Inc - CLM Implementation,PHS-00115,Discover & Design,Ingrid Sato,,2026-07-28,2026-08-22,24.60,,,,"Validate workflow 2, Configure data model 7",,,,,,,0.00,,true,Project Setup
PRJ-0047,TSK-000615,Document integration 17,In progress,Cyberdyne Inc - CLM Implementation,PHS-00116,Configure & Build,Ingrid Sato,,2026-07-29,2026-08-17,0.00,,,,,,,,,2026-07-29,,0.00,,true,Build and Deployment
PRJ-0047,TSK-000616,Review integration 18,Completed,Cyberdyne Inc - CLM Implementation,PHS-00114,Initiate,,,2026-07-30,2026-08-15,6.97,,,,,,,,,2026-07-30,2026-08-24,0.00,,true,Transition
PRJ-0047,TSK-000617,Configure workflow 19,To do,Cyberdyne Inc - CLM Implementation,PHS-00117,Test,Ingrid Sato,,2026-07-31,2026-08-24,35.30,true,,,"Audit permission set 1, Validate workflow 2, Migrate workflow 4, Deploy playbook 6, Document integration 17, Review integration 18",,,,,,,0.00,,false,Transition
PRJ-0047,TSK-000618,Train data model 20,To do,Cyberdyne Inc - CLM Implementation,PHS-00113,Getting Started,Ingrid Sato,,2026-08-01,2026-08-06,0.00,true,,,,,,,,,,0.00,,true,Discovery
PRJ-0048,TSK-000619,Validate environment 1,Blocked,Cyberdyne LLC - Phase 1 Implementation,PHS-00118,Getting Started,Hana Kaya,,2026-01-23,2026-02-01,2.18,,,,,,,,,,,0.00,,false,Test Execution
PRJ-0048,TSK-000620,Migrate permission set 2,In progress,Cyberdyne LLC - Phase 1 Implementation,PHS-00118,Getting Started,,,2026-01-24,2026-02-09,29.86,,,,Validate environment 1,,,,,2026-01-24,,0.00,,false,Discovery
PRJ-0048,TSK-000621,Deploy data model 3,To do,Cyberdyne LLC - Phase 1 Implementation,PHS-00120,Discover & Design,Hana Rossi,,2026-01-25,2026-02-17,21.30,,,,Migrate permission set 2,,,,,,,0.00,,true,Discovery
PRJ-0048,TSK-000622,Migrate integration 4,NA,Cyberdyne LLC - Phase 1 Implementation,PHS-00118,Getting Started,,,2026-01-26,2026-01-27,3.20,,,,Deploy data model 3,,,,,,,0.00,,false,
PRJ-0048,TSK-000623,Configure workflow 5,Completed,Cyberdyne LLC - Phase 1 Implementation,PHS-00118,Getting Started,,,2026-01-27,2026-02-01,11.05,,,,Migrate integration 4,,,,,2026-01-27,2026-02-12,0.00,,true,
PRJ-0048,TSK-000624,Migrate integration 6,Completed,Cyberdyne LLC - Phase 1 Implementation,PHS-00121,Configure & Build,,,2026-01-28,2026-02-06,5.83,,,,Configure workflow 5,,,,,2026-01-28,2026-02-12,0.00,,false,Build and Deployment
PRJ-0048,TSK-000625,Train integration 7,In progress,Cyberdyne LLC - Phase 1 Implementation,PHS-00118,Getting Started,Elena Diallo,,2026-01-29,2026-02-01,0.00,,,,Migrate integration 6,,,,,2026-01-29,,0.00,,true,Test Execution
PRJ-0048,TSK-000626,Document template 8,Completed,Cyberdyne LLC - Phase 1 Implementation,PHS-00119,Initiate,Hana Kaya,,2026-01-30,2026-02-20,27.51,,,,Train integration 7,,,,,2026-01-30,2026-02-10,0.00,,true,Program Management
PRJ-0048,TSK-000627,Document integration 9,In progress,Cyberdyne LLC - Phase 1 Implementation,PHS-00118,Getting Started,Sofia Berg,,2026-01-31,2026-02-01,0.00,,,,Document template 8,,,,,2026-01-31,,0.00,,true,Transition
PRJ-0048,TSK-000628,Migrate permission set 10,Completed,Cyberdyne LLC - Phase 1 Implementation,PHS-00119,Initiate,Marco Sato,,2026-02-01,2026-03-01,11.90,,,,Document integration 9,,,,,2026-02-01,2026-02-03,0.00,,true,Test Execution
PRJ-0048,TSK-000629,Deploy environment 11,Completed,Cyberdyne LLC - Phase 1 Implementation,PHS-00120,Discover & Design,Hana Rossi,,2026-02-02,2026-02-26,17.48,,,,Migrate permission set 10,,,,,2026-02-02,2026-02-08,0.00,,true,Program Management
PRJ-0048,TSK-000630,Review template 12,Completed,Cyberdyne LLC - Phase 1 Implementation,PHS-00118,Getting Started,,,2026-02-03,2026-02-06,0.00,,,,Deploy environment 11,,,,,2026-02-03,2026-02-19,0.00,,true,Discovery
PRJ-0048,TSK-000631,Document workflow 13,To do,Cyberdyne LLC - Phase 1 Implementation,PHS-00120,Discover & Design,Hana Kaya,,2026-02-04,2026-03-04,0.00,,,,Deploy data model 3,,,,,,,0.00,,true,Project Setup
PRJ-0048,TSK-000632,Deploy playbook 14,To do,Cyberdyne LLC - Phase 1 Implementation,PHS-00119,Initiate,Sofia Berg,,2026-02-05,2026-02-17,3.35,,,,"Validate environment 1, Migrate integration 4, Train integration 7, Document template 8, Migrate permission set 10",,,,,,,0.00,,false,Discovery
PRJ-0048,TSK-000633,Train workflow 15,To do,Cyberdyne LLC - Phase 1 Implementation,PHS-00119,Initiate,Hana Kaya,,2026-02-06,2026-02-08,0.00,,,,"Validate environment 1, Migrate integration 4, Train integration 7, Deploy environment 11, Deploy playbook 14",,,,,,,0.00,,true,Transition
PRJ-0048,TSK-000634,Review integration 16,Completed,Cyberdyne LLC - Phase 1 Implementation,PHS-00120,Discover & Design,Elena Diallo,,2026-02-07,2026-02-10,32.23,,,,"Deploy data model 3, Configure workflow 5, Train integration 7, Document integration 9, Deploy environment 11",,,,,2026-02-07,2026-02-19,0.00,,true,Transition
PRJ-0048,TSK-000635,Audit playbook 17,Completed,Cyberdyne LLC - Phase 1 Implementation,PHS-00121,Configure & Build,Sofia Berg,,2026-02-08,2026-03-10,20.41,,,,,,,,,2026-02-08,2026-02-28,0.00,,true,Build and Deployment
PRJ-0048,TSK-000636,Validate data model 18,To do,Cyberdyne LLC - Phase 1 Implementation,PHS-00118,Getting Started,Hana Kaya,,2026-02-09,2026-02-11,3.83,,,,"Migrate integration 6, Audit playbook 17",,,,,,,0.00,,true,Transition
PRJ-0048,TSK-000637,Document permission set 19,To do,Cyberdyne LLC - Phase 1 Implementation,PHS-00121,Configure & Build,,,2026-02-10,2026-02-15,28.32,,,,"Migrate integration 4, Train integration 7, Audit playbook 17",,,,,,,0.00,,true,Project Setup
PRJ-0048,TSK-000638,Validate template 20,In progress,Cyberdyne LLC - Phase 1 Implementation,PHS-00120,Discover & Design,,,2026-02-11,2026-03-01,35.61,,,,,,,,,2026-02-11,,0.00,,true,Build and Deployment
PRJ-0048,TSK-000639,Migrate integration 21,NA,Cyberdyne LLC - Phase 1 Implementation,PHS-00120,Discover & Design,Elena Diallo,,2026-02-12,2026-03-13,29.17,,,,,,,,,,,0.00,,false,Test Execution
PRJ-0048,TSK-000640,Configure playbook 22,Blocked,Cyberdyne LLC - Phase 1 Implementation,PHS-00121,Configure & Build,,,2026-02-13,2026-03-11,28.91,,,,"Migrate integration 6, Document integration 9, Document workflow 13, Validate data model 18, Validate template 20",,,,,,,0.00,,false,Program Management
PRJ-0048,TSK-000641,Migrate workflow 23,To do,Cyberdyne LLC - Phase 1 Implementation,PHS-00118,Getting Started,Elena Diallo,,2026-02-14,2026-03-14,35.65,,,,"Migrate integration 6, Migrate integration 21",,,,,,,0.00,,false,Test Execution
PRJ-0048,TSK-000642,Validate report 24,To do,Cyberdyne LLC - Phase 1 Implementation,PHS-00120,Discover & Design,Hana Rossi,,2026-02-15,2026-03-13,0.00,,,,"Migrate permission set 2, Deploy data model 3, Train integration 7",,,,,,,0.00,,false,Transition
PRJ-0048,TSK-000643,Validate data model 25,To do,Cyberdyne LLC - Phase 1 Implementation,PHS-00120,Discover & Design,Elena Diallo,,2026-02-16,2026-03-12,26.88,,,,"Migrate integration 4, Deploy environment 11, Audit playbook 17, Validate template 20, Configure playbook 22",,,,,,,0.00,,true,Test Execution
PRJ-0048,TSK-000644,Review report 26,To do,Cyberdyne LLC - Phase 1 Implementation,PHS-00118,Getting Started,Marco Sato,,2026-02-17,2026-02-20,0.44,,,,"Migrate permission set 2, Migrate integration 4, Validate data model 18, Migrate integration 21",,,,,,,0.00,,true,Project Setup
PRJ-0048,TSK-000645,Train data model 27,To do,Cyberdyne LLC - Phase 1 Implementation,PHS-00121,Configure & Build,Hana Rossi,,2026-02-18,2026-03-19,30.41,,,,"Migrate integration 4, Deploy playbook 14, Document permission set 19",,,,,,,0.00,,false,Program Management
PRJ-0048,TSK-000646,Train playbook 28,Completed,Cyberdyne LLC - Phase 1 Implementation,PHS-00120,Discover & Design,,,2026-02-19,2026-02-23,8.13,true,,,,,,,,2026-02-19,2026-03-01,0.00,,false,Project Setup
PRJ-0048,TSK-000647,Document permission set 29,To do,Cyberdyne LLC - Phase 1 Implementation,PHS-00121,Configure & Build,Sofia Berg,,2026-02-20,2026-02-21,27.24,true,,,Migrate workflow 23,,,,,,,0.00,,true,Discovery
PRJ-0049,TSK-000648,Document playbook 1,To do,Northwind LLC - Integration Program,PHS-00127,Transfer,,,2026-04-30,2026-05-19,0.00,,,,,,,,,,,0.00,,true,Test Execution
PRJ-0049,TSK-000649,Migrate data model 2,Completed,Northwind LLC - Integration Program,PHS-00126,Test,Yusuf Sato,,2026-05-01,2026-05-13,0.00,,,,Document playbook 1,,,,,2026-05-01,2026-05-15,0.00,,true,Program Management
PRJ-0049,TSK-000650,Migrate integration 3,Completed,Northwind LLC - Integration Program,PHS-00123,Initiate,Yusuf Sato,,2026-05-02,2026-05-10,28.92,,,,Migrate data model 2,,,,,2026-05-02,2026-05-19,0.00,,false,Transition
PRJ-0049,TSK-000651,Train permission set 4,In progress,Northwind LLC - Integration Program,PHS-00125,Configure & Build,Yusuf Sato,,2026-05-03,2026-05-16,7.30,,,,Migrate integration 3,,,,,2026-05-03,,0.00,,true,Project Setup
PRJ-0049,TSK-000652,Deploy permission set 5,To do,Northwind LLC - Integration Program,PHS-00124,Discover & Design,,,2026-05-04,2026-05-25,0.00,,,,Train permission set 4,,,,,,,0.00,,true,Project Setup
PRJ-0049,TSK-000653,Configure template 6,In progress,Northwind LLC - Integration Program,PHS-00125,Configure & Build,,,2026-05-05,2026-05-19,0.47,,,,Deploy permission set 5,,,,,2026-05-05,,0.00,,false,Project Setup
PRJ-0049,TSK-000654,Document template 7,To do,Northwind LLC - Integration Program,PHS-00126,Test,,,2026-05-06,2026-05-31,3.97,,,,Configure template 6,,,,,,,0.00,,true,Transition
PRJ-0049,TSK-000655,Audit integration 8,To do,Northwind LLC - Integration Program,PHS-00122,Getting Started,Yusuf Sato,,2026-05-07,2026-05-27,15.55,,,,Document template 7,,,,,,,0.00,,true,Program Management
PRJ-0049,TSK-000656,Audit template 9,To do,Northwind LLC - Integration Program,PHS-00126,Test,Yusuf Sato,,2026-05-08,2026-05-26,0.00,,,,Audit integration 8,,,,,,,0.00,,false,Transition
PRJ-0049,TSK-000657,Migrate permission set 10,In progress,Northwind LLC - Integration Program,PHS-00124,Discover & Design,Yusuf Sato,,2026-05-09,2026-05-21,0.00,,,,Audit template 9,,,,,2026-05-09,,0.00,,true,Test Execution
PRJ-0049,TSK-000658,Document playbook 11,To do,Northwind LLC - Integration Program,PHS-00122,Getting Started,Yusuf Sato,,2026-05-10,2026-05-26,18.41,,,,Migrate permission set 10,,,,,,,0.00,,true,Test Execution
PRJ-0049,TSK-000659,Review report 12,Completed,Northwind LLC - Integration Program,PHS-00127,Transfer,,,2026-05-11,2026-05-17,12.86,,,,Document playbook 11,,,,,2026-05-11,2026-05-20,0.00,,true,Discovery
PRJ-0049,TSK-000660,Document workflow 13,To do,Northwind LLC - Integration Program,PHS-00126,Test,Yusuf Sato,,2026-05-12,2026-06-07,9.40,,,,"Migrate integration 3, Document template 7",,,,,,,0.00,,true,Test Execution
PRJ-0049,TSK-000661,Train report 14,Completed,Northwind LLC - Integration Program,PHS-00126,Test,Yusuf Sato,,2026-05-13,2026-06-08,22.38,,,,,TSK-000649,Migrate data model 2,,,2026-05-13,2026-05-17,0.00,,true,Build and Deployment
PRJ-0049,TSK-000662,Validate workflow 15,In progress,Northwind LLC - Integration Program,PHS-00125,Configure & Build,Yusuf Sato,,2026-05-14,2026-05-29,0.00,,,,,TSK-000650,Migrate integration 3,,,2026-05-14,,0.00,,false,Transition
PRJ-0049,TSK-000663,Validate environment 16,Completed,Northwind LLC - Integration Program,PHS-00127,Transfer,Yusuf Sato,,2026-05-15,2026-05-30,20.31,,,,,,,,,2026-05-15,2026-06-04,0.00,,false,Program Management
PRJ-0049,TSK-000664,Configure playbook 17,In progress,Northwind LLC - Integration Program,PHS-00125,Configure & Build,Yusuf Sato,,2026-05-16,2026-05-21,0.65,,,,,,,,,2026-05-16,,0.00,,false,Project Setup
PRJ-0049,TSK-000665,Train template 18,To do,Northwind LLC - Integration Program,PHS-00127,Transfer,Yusuf Sato,,2026-05-17,2026-05-29,0.00,,,,,,,,,,,0.00,,true,Project Setup
PRJ-0049,TSK-000666,Train data model 19,Completed,Northwind LLC - Integration Program,PHS-00122,Getting Started,Yusuf Sato,,2026-05-18,2026-06-06,30.06,true,,,"Migrate data model 2, Configure template 6, Audit template 9",,,,,2026-05-18,2026-05-19,0.00,,true,Program Management
PRJ-0050,TSK-000667,Configure integration 1,Completed,Wayne Group - Integration Program,PHS-00133,Transfer,Marco Diallo,,2026-05-15,2026-05-24,0.00,,,,,,,,,2026-05-15,2026-06-09,0.00,,true,Program Management
PRJ-0050,TSK-000668,Train report 2,In progress,Wayne Group - Integration Program,PHS-00129,Initiate,Hana Kaya,,2026-05-16,2026-05-31,9.67,,,,Configure integration 1,,,,,2026-05-16,,0.00,,true,Program Management
PRJ-0050,TSK-000669,Deploy template 3,Completed,Wayne Group - Integration Program,PHS-00133,Transfer,,,2026-05-17,2026-06-04,36.72,,,,Train report 2,,,,,2026-05-17,2026-05-30,0.00,,true,Project Setup
PRJ-0050,TSK-000670,Document report 4,To do,Wayne Group - Integration Program,PHS-00131,Configure & Build,,,2026-05-18,2026-06-09,0.00,,,,Deploy template 3,,,,,,,0.00,,true,Build and Deployment
PRJ-0050,TSK-000671,Configure data model 5,To do,Wayne Group - Integration Program,PHS-00131,Configure & Build,Marco Diallo,,2026-05-19,2026-06-13,26.38,,,,Document report 4,,,,,,,0.00,,true,
PRJ-0050,TSK-000672,Deploy report 6,Completed,Wayne Group - Integration Program,PHS-00129,Initiate,Hana Kaya,,2026-05-20,2026-05-28,11.06,,,,Configure data model 5,,,,,2026-05-20,2026-05-29,0.00,,true,Program Management
PRJ-0050,TSK-000673,Validate permission set 7,Blocked,Wayne Group - Integration Program,PHS-00132,Test,Marco Diallo,,2026-05-21,2026-05-30,0.00,,,,Deploy report 6,,,,,,,0.00,,false,Test Execution
PRJ-0050,TSK-000674,Train workflow 8,To do,Wayne Group - Integration Program,PHS-00128,Getting Started,,,2026-05-22,2026-06-01,37.57,,,,Validate permission set 7,,,,,,,0.00,,true,Discovery
PRJ-0050,TSK-000675,Validate environment 9,Completed,Wayne Group - Integration Program,PHS-00128,Getting Started,Marco Diallo,,2026-05-23,2026-06-10,10.64,,,,Train workflow 8,,,,,2026-05-23,2026-05-31,0.00,,true,Program Management
PRJ-0050,TSK-000676,Review integration 10,NA,Wayne Group - Integration Program,PHS-00131,Configure & Build,Hana Kaya,,2026-05-24,2026-06-05,8.19,,,,Validate environment 9,,,,,,,0.00,,true,Program Management
PRJ-0050,TSK-000677,Deploy data model 11,NA,Wayne Group - Integration Program,PHS-00131,Configure & Build,,,2026-05-25,2026-06-08,23.89,,,,Review integration 10,,,,,,,0.00,,true,Build and Deployment
PRJ-0050,TSK-000678,Train template 12,Completed,Wayne Group - Integration Program,PHS-00131,Configure & Build,Hana Kaya,,2026-05-26,2026-06-01,36.66,,,,Deploy data model 11,,,,,2026-05-26,2026-06-21,0.00,,true,Test Execution
PRJ-0050,TSK-000679,Configure integration 13,NA,Wayne Group - Integration Program,PHS-00133,Transfer,Arjun Diallo,,2026-05-27,2026-06-14,34.08,,,,"Deploy template 3, Validate permission set 7, Train workflow 8, Deploy data model 11",,,,,,,0.00,,true,Project Setup
PRJ-0050,TSK-000680,Review environment 14,Completed,Wayne Group - Integration Program,PHS-00129,Initiate,,,2026-05-28,2026-06-11,17.30,,,,Deploy data model 11,,,,,2026-05-28,2026-06-23,0.00,,true,Test Execution
PRJ-0050,TSK-000681,Document report 15,In progress,Wayne Group - Integration Program,PHS-00129,Initiate,,,2026-05-29,2026-06-28,0.00,,,,"Configure integration 1, Document report 4, Configure data model 5, Train workflow 8",,,,,2026-05-29,,0.00,,false,Build and Deployment
PRJ-0050,TSK-000682,Validate template 16,Completed,Wayne Group - Integration Program,PHS-00131,Configure & Build,Marco Diallo,,2026-05-30,2026-06-28,9.91,,,,,,,,,2026-05-30,2026-06-26,0.00,,false,Program Management
PRJ-0050,TSK-000683,Train report 17,Completed,Wayne Group - Integration Program,PHS-00130,Discover & Design,,,2026-05-31,2026-06-29,2.12,,,,,,,,,2026-05-31,2026-06-29,0.00,,true,
PRJ-0050,TSK-000684,Review permission set 18,Completed,Wayne Group - Integration Program,PHS-00128,Getting Started,Marco Diallo,,2026-06-01,2026-06-07,16.81,,,,,,,,,2026-06-01,2026-06-06,0.00,,true,Build and Deployment
PRJ-0050,TSK-000685,Validate template 19,Completed,Wayne Group - Integration Program,PHS-00129,Initiate,Arjun Diallo,,2026-06-02,2026-06-30,12.78,,,,"Train report 2, Train report 17, Review permission set 18",,,,,2026-06-02,2026-06-12,0.00,,true,Project Setup
PRJ-0050,TSK-000686,Audit environment 20,Completed,Wayne Group - Integration Program,PHS-00128,Getting Started,,,2026-06-03,2026-06-30,3.68,,,,"Configure data model 5, Train workflow 8",,,,,2026-06-03,2026-06-15,0.00,,true,
PRJ-0050,TSK-000687,Migrate environment 21,To do,Wayne Group - Integration Program,PHS-00129,Initiate,Hana Kaya,,2026-06-04,2026-06-12,0.00,,,,,,,,,,,0.00,,false,Program Management
PRJ-0050,TSK-000688,Audit environment 22,To do,Wayne Group - Integration Program,PHS-00128,Getting Started,,,2026-06-05,2026-07-03,0.00,,,,"Train report 2, Deploy data model 11, Document report 15, Train report 17, Audit environment 20",,,,,,,0.00,,false,Project Setup
PRJ-0050,TSK-000689,Validate report 23,To do,Wayne Group - Integration Program,PHS-00132,Test,Hana Kaya,,2026-06-06,2026-06-18,0.00,true,,,,,,,,,,0.00,,false,
PRJ-0050,TSK-000690,Migrate environment 24,To do,Wayne Group - Integration Program,PHS-00132,Test,Hana Kaya,,2026-06-07,2026-07-07,0.00,true,,,,,,,,,,0.00,,true,Program Management
PRJ-0051,TSK-000691,Document data model 1,Completed,Globex LLC - Phase 2 Rollout,PHS-00136,Discover & Design,Amara Sato,,2026-05-18,2026-06-15,27.07,,,,,,,,,2026-05-18,2026-06-12,0.00,,false,Project Setup
PRJ-0051,TSK-000692,Configure data model 2,To do,Globex LLC - Phase 2 Rollout,PHS-00134,Getting Started,,,2026-05-19,2026-05-28,32.32,,,,Document data model 1,,,,,,,0.00,,true,Test Execution
PRJ-0051,TSK-000693,Migrate template 3,In progress,Globex LLC - Phase 2 Rollout,PHS-00134,Getting Started,,,2026-05-20,2026-06-19,0.00,,,,Configure data model 2,,,,,2026-05-20,,0.00,,false,Program Management
PRJ-0051,TSK-000694,Document permission set 4,Completed,Globex LLC - Phase 2 Rollout,PHS-00134,Getting Started,,,2026-05-21,2026-06-07,19.58,,,,Migrate template 3,,,,,2026-05-21,2026-05-31,0.00,,false,Project Setup
PRJ-0051,TSK-000695,Audit playbook 5,In progress,Globex LLC - Phase 2 Rollout,PHS-00135,Initiate,,,2026-05-22,2026-05-27,0.00,,,,Document permission set 4,,,,,2026-05-22,,0.00,,true,Discovery
PRJ-0051,TSK-000696,Review playbook 6,In progress,Globex LLC - Phase 2 Rollout,PHS-00136,Discover & Design,Amara Diallo,,2026-05-23,2026-06-04,4.73,,,,Audit playbook 5,,,,,2026-05-23,,0.00,,true,Project Setup
PRJ-0051,TSK-000697,Deploy template 7,In progress,Globex LLC - Phase 2 Rollout,PHS-00134,Getting Started,Tomas Sato,,2026-05-24,2026-05-26,0.00,,,,Review playbook 6,,,,,2026-05-24,,0.00,,false,Discovery
PRJ-0051,TSK-000698,Review environment 8,Completed,Globex LLC - Phase 2 Rollout,PHS-00136,Discover & Design,Amara Sato,,2026-05-25,2026-06-17,34.43,,,,Deploy template 7,,,,,2026-05-25,2026-06-05,0.00,,true,Transition
PRJ-0051,TSK-000699,Deploy workflow 9,Completed,Globex LLC - Phase 2 Rollout,PHS-00134,Getting Started,,,2026-05-26,2026-06-21,0.14,,,,Review environment 8,,,,,2026-05-26,2026-06-23,0.00,,false,Transition
PRJ-0051,TSK-000700,Train report 10,Completed,Globex LLC - Phase 2 Rollout,PHS-00136,Discover & Design,Amara Diallo,,2026-05-27,2026-06-25,1.81,,,,Deploy workflow 9,,,,,2026-05-27,2026-06-13,0.00,,false,Build and Deployment
PRJ-0051,TSK-000701,Migrate permission set 11,Completed,Globex LLC - Phase 2 Rollout,PHS-00136,Discover & Design,,,2026-05-28,2026-06-19,0.95,,,,Train report 10,,,,,2026-05-28,2026-06-02,0.00,,true,Build and Deployment
PRJ-0051,TSK-000702,Train environment 12,Completed,Globex LLC - Phase 2 Rollout,PHS-00136,Discover & Design,,,2026-05-29,2026-06-13,0.00,,,,Migrate permission set 11,,,,,2026-05-29,2026-06-23,0.00,,true,Program Management
PRJ-0051,TSK-000703,Document template 13,To do,Globex LLC - Phase 2 Rollout,PHS-00134,Getting Started,,,2026-05-30,2026-06-19,10.16,,,,Train report 10,,,,,,,0.00,,true,Build and Deployment
PRJ-0051,TSK-000704,Document integration 14,Completed,Globex LLC - Phase 2 Rollout,PHS-00134,Getting Started,Tomas Sato,,2026-05-31,2026-06-05,0.00,,,,"Migrate template 3, Review playbook 6, Train report 10",,,,,2026-05-31,2026-06-23,0.00,,true,Project Setup
PRJ-0051,TSK-000705,Deploy workflow 15,Completed,Globex LLC - Phase 2 Rollout,PHS-00135,Initiate,,,2026-06-01,2026-06-08,0.00,,,,"Migrate template 3, Audit playbook 5, Review environment 8, Deploy workflow 9, Migrate permission set 11, Document template 13",,,,,2026-06-01,2026-06-23,0.00,,false,Test Execution
PRJ-0051,TSK-000706,Validate integration 16,To do,Globex LLC - Phase 2 Rollout,PHS-00134,Getting Started,Tomas Sato,,2026-06-02,2026-06-09,22.74,,,,"Configure data model 2, Migrate template 3, Review playbook 6, Migrate permission set 11, Document integration 14",,,,,,,0.00,,true,Build and Deployment
PRJ-0051,TSK-000707,Configure report 17,Blocked,Globex LLC - Phase 2 Rollout,PHS-00135,Initiate,Amara Sato,,2026-06-03,2026-06-13,11.47,,,,,TSK-000694,Document permission set 4,,,,,0.00,,false,
PRJ-0051,TSK-000708,Migrate integration 18,Completed,Globex LLC - Phase 2 Rollout,PHS-00135,Initiate,Amara Sato,,2026-06-04,2026-06-26,26.23,,,,,,,,,2026-06-04,2026-06-08,0.00,,true,Transition
PRJ-0051,TSK-000709,Deploy permission set 19,To do,Globex LLC - Phase 2 Rollout,PHS-00134,Getting Started,Amara Sato,,2026-06-05,2026-06-18,27.94,,,,"Document data model 1, Audit playbook 5, Document template 13",,,,,,,0.00,,true,
PRJ-0051,TSK-000710,Configure workflow 20,Completed,Globex LLC - Phase 2 Rollout,PHS-00134,Getting Started,Tomas Sato,,2026-06-06,2026-06-17,38.03,,,,"Document data model 1, Configure data model 2, Migrate template 3, Deploy workflow 9, Migrate permission set 11",,,,,2026-06-06,2026-07-01,0.00,,false,
PRJ-0051,TSK-000711,Train report 21,To do,Globex LLC - Phase 2 Rollout,PHS-00134,Getting Started,,,2026-06-07,2026-06-24,0.00,,,,"Migrate template 3, Document permission set 4, Audit playbook 5, Review environment 8, Migrate permission set 11",,,,,,,0.00,,true,Discovery
PRJ-0051,TSK-000712,Migrate data model 22,Completed,Globex LLC - Phase 2 Rollout,PHS-00134,Getting Started,Tomas Sato,,2026-06-08,2026-06-18,39.56,,,,,,,,,2026-06-08,2026-07-05,0.00,,false,Transition
PRJ-0051,TSK-000713,Review playbook 23,Blocked,Globex LLC - Phase 2 Rollout,PHS-00134,Getting Started,Amara Diallo,,2026-06-09,2026-06-23,0.00,,,,"Document data model 1, Deploy workflow 9, Train report 10, Configure report 17, Migrate integration 18, Migrate data model 22",,,,,,,0.00,,true,Project Setup
PRJ-0051,TSK-000714,Migrate playbook 24,Completed,Globex LLC - Phase 2 Rollout,PHS-00135,Initiate,,,2026-06-10,2026-06-13,3.15,,,,,,,,,2026-06-10,2026-07-02,0.00,,false,
PRJ-0051,TSK-000715,Validate report 25,Completed,Globex LLC - Phase 2 Rollout,PHS-00134,Getting Started,Amara Sato,,2026-06-11,2026-06-29,28.16,,,,"Configure data model 2, Review playbook 6, Review environment 8, Train report 10, Migrate data model 22",,,,,2026-06-11,2026-06-21,0.00,,true,Build and Deployment
PRJ-0051,TSK-000716,Train integration 26,Blocked,Globex LLC - Phase 2 Rollout,PHS-00135,Initiate,Amara Sato,,2026-06-12,2026-06-16,0.00,,,,"Configure data model 2, Deploy workflow 9",,,,,,,0.00,,true,Transition
PRJ-0051,TSK-000717,Migrate environment 27,In progress,Globex LLC - Phase 2 Rollout,PHS-00135,Initiate,Tomas Sato,,2026-06-13,2026-07-05,0.00,,,,"Migrate template 3, Audit playbook 5, Review environment 8, Deploy workflow 9, Document template 13, Migrate playbook 24",,,,,2026-06-13,,0.00,,true,Discovery
PRJ-0051,TSK-000718,Configure environment 28,Completed,Globex LLC - Phase 2 Rollout,PHS-00135,Initiate,Tomas Sato,,2026-06-14,2026-06-23,15.74,,,,"Deploy workflow 9, Review playbook 23, Migrate playbook 24",,,,,2026-06-14,2026-07-14,0.00,,true,Program Management
PRJ-0051,TSK-000719,Audit environment 29,To do,Globex LLC - Phase 2 Rollout,PHS-00136,Discover & Design,,,2026-06-15,2026-06-23,0.00,true,,,,,,,,,,0.00,,true,Build and Deployment
PRJ-0051,TSK-000720,Deploy data model 30,Completed,Globex LLC - Phase 2 Rollout,PHS-00136,Discover & Design,,,2026-06-16,2026-07-09,8.14,true,,,,,,,,2026-06-16,2026-06-29,0.00,,true,Build and Deployment
PRJ-0051,TSK-000721,Train permission set 31,Blocked,Globex LLC - Phase 2 Rollout,PHS-00135,Initiate,Amara Diallo,,2026-06-17,2026-06-25,0.00,true,,,"Migrate template 3, Document permission set 4, Migrate permission set 11, Migrate playbook 24",,,,,,,0.00,,true,Project Setup
PRJ-0052,TSK-000722,Audit workflow 1,To do,Acme Inc - Phase 1 Implementation,PHS-00140,Configure & Build,,,2026-05-15,2026-06-03,8.59,,,,,,,,,,,0.00,,true,
PRJ-0052,TSK-000723,Validate integration 2,To do,Acme Inc - Phase 1 Implementation,PHS-00140,Configure & Build,Daniel Kaya,,2026-05-16,2026-06-14,11.36,,,,Audit workflow 1,,,,,,,0.00,,false,Build and Deployment
PRJ-0052,TSK-000724,Migrate data model 3,Completed,Acme Inc - Phase 1 Implementation,PHS-00139,Discover & Design,Hana Rossi,,2026-05-17,2026-05-23,29.28,,,,Validate integration 2,,,,,2026-05-17,2026-06-05,0.00,,true,Test Execution
PRJ-0052,TSK-000725,Train workflow 4,Completed,Acme Inc - Phase 1 Implementation,PHS-00141,Test,Noah Novak,,2026-05-18,2026-06-07,17.35,,,,Migrate data model 3,,,,,2026-05-18,2026-06-07,0.00,,true,Transition
PRJ-0052,TSK-000726,Validate environment 5,Completed,Acme Inc - Phase 1 Implementation,PHS-00140,Configure & Build,Hana Rossi,,2026-05-19,2026-05-27,17.73,,,,Train workflow 4,,,,,2026-05-19,2026-05-31,0.00,,true,Discovery
PRJ-0052,TSK-000727,Configure environment 6,In progress,Acme Inc - Phase 1 Implementation,PHS-00140,Configure & Build,Noah Novak,,2026-05-20,2026-05-21,24.05,,,,Validate environment 5,,,,,2026-05-20,,0.00,,true,Discovery
PRJ-0052,TSK-000728,Review environment 7,NA,Acme Inc - Phase 1 Implementation,PHS-00138,Initiate,,,2026-05-21,2026-06-08,0.00,,,,Configure environment 6,,,,,,,0.00,,true,
PRJ-0052,TSK-000729,Configure workflow 8,Completed,Acme Inc - Phase 1 Implementation,PHS-00141,Test,Hana Rossi,,2026-05-22,2026-05-25,31.45,,,,Review environment 7,,,,,2026-05-22,2026-06-17,0.00,,false,
PRJ-0052,TSK-000730,Document workflow 9,To do,Acme Inc - Phase 1 Implementation,PHS-00140,Configure & Build,Daniel Kaya,,2026-05-23,2026-05-31,32.71,,,,Configure workflow 8,,,,,,,0.00,,true,Transition
PRJ-0052,TSK-000731,Deploy report 10,Completed,Acme Inc - Phase 1 Implementation,PHS-00141,Test,Mei Sato,,2026-05-24,2026-05-28,0.00,,,,Document workflow 9,,,,,2026-05-24,2026-06-13,0.00,,false,Project Setup
PRJ-0052,TSK-000732,Validate report 11,To do,Acme Inc - Phase 1 Implementation,PHS-00140,Configure & Build,,,2026-05-25,2026-06-18,0.00,,,,Deploy report 10,,,,,,,0.00,,true,Build and Deployment
PRJ-0052,TSK-000733,Review integration 12,To do,Acme Inc - Phase 1 Implementation,PHS-00137,Getting Started,,,2026-05-26,2026-06-03,24.94,,,,Validate report 11,,,,,,,0.00,,true,Test Execution
PRJ-0052,TSK-000734,Configure environment 13,In progress,Acme Inc - Phase 1 Implementation,PHS-00140,Configure & Build,Mei Sato,,2026-05-27,2026-06-12,0.00,,,,"Configure environment 6, Document workflow 9",,,,,2026-05-27,,0.00,,true,Transition
PRJ-0052,TSK-000735,Deploy report 14,In progress,Acme Inc - Phase 1 Implementation,PHS-00139,Discover & Design,,,2026-05-28,2026-06-14,1.87,,,,"Migrate data model 3, Configure workflow 8, Configure environment 13",,,,,2026-05-28,,0.00,,true,Discovery
PRJ-0052,TSK-000736,Audit report 15,To do,Acme Inc - Phase 1 Implementation,PHS-00140,Configure & Build,,,2026-05-29,2026-06-09,1.92,,,,"Train workflow 4, Configure environment 6",,,,,,,0.00,,false,Project Setup
PRJ-0052,TSK-000737,Migrate permission set 16,In progress,Acme Inc - Phase 1 Implementation,PHS-00141,Test,Tomas Novak,,2026-05-30,2026-06-01,36.28,,,,Configure environment 13,,,,,2026-05-30,,0.00,,true,Test Execution
PRJ-0052,TSK-000738,Validate playbook 17,To do,Acme Inc - Phase 1 Implementation,PHS-00140,Configure & Build,Noah Novak,,2026-05-31,2026-06-10,38.36,,,,"Train workflow 4, Validate report 11, Audit report 15",,,,,,,0.00,,true,Project Setup
PRJ-0052,TSK-000739,Audit report 18,Completed,Acme Inc - Phase 1 Implementation,PHS-00141,Test,Hana Rossi,,2026-06-01,2026-06-02,0.00,,,,"Migrate data model 3, Review environment 7, Configure workflow 8",,,,,2026-06-01,2026-06-20,0.00,,true,Discovery
PRJ-0052,TSK-000740,Migrate integration 19,To do,Acme Inc - Phase 1 Implementation,PHS-00137,Getting Started,Mei Sato,,2026-06-02,2026-06-19,38.27,true,,,"Audit workflow 1, Review environment 7, Deploy report 10, Configure environment 13, Deploy report 14",,,,,,,0.00,,true,Build and Deployment
PRJ-0052,TSK-000741,Audit integration 20,To do,Acme Inc - Phase 1 Implementation,PHS-00141,Test,Noah Novak,,2026-06-03,2026-06-28,0.00,true,,,"Deploy report 10, Validate report 11, Configure environment 13, Audit report 18",,,,,,,0.00,,true,Transition
PRJ-0053,TSK-000742,Train integration 1,In progress,Northwind LLC - Phase 2 Rollout,PHS-00145,Configure & Build,Elena Diallo,,2026-07-21,2026-08-14,0.00,,,,,,,,,2026-07-21,,0.00,,true,Transition
PRJ-0053,TSK-000743,Migrate permission set 2,To do,Northwind LLC - Phase 2 Rollout,PHS-00145,Configure & Build,Elena Diallo,,2026-07-22,2026-08-20,0.00,,,,Train integration 1,,,,,,,0.00,,true,Discovery
PRJ-0053,TSK-000744,Document environment 3,Completed,Northwind LLC - Phase 2 Rollout,PHS-00144,Discover & Design,Elena Diallo,,2026-07-23,2026-07-24,1.60,,,,Migrate permission set 2,,,,,2026-07-23,2026-08-09,0.00,,true,Transition
PRJ-0053,TSK-000745,Deploy data model 4,Completed,Northwind LLC - Phase 2 Rollout,PHS-00143,Initiate,Elena Diallo,,2026-07-24,2026-08-03,17.06,,,,Document environment 3,,,,,2026-07-24,2026-07-31,0.00,,false,Test Execution
PRJ-0053,TSK-000746,Deploy playbook 5,Completed,Northwind LLC - Phase 2 Rollout,PHS-00143,Initiate,Tomas Sato,,2026-07-25,2026-08-23,23.14,,,,Deploy data model 4,,,,,2026-07-25,2026-07-31,0.00,,true,Test Execution
PRJ-0053,TSK-000747,Migrate data model 6,NA,Northwind LLC - Phase 2 Rollout,PHS-00143,Initiate,Elena Diallo,,2026-07-26,2026-08-22,22.30,,,,Deploy playbook 5,,,,,,,0.00,,true,Transition
PRJ-0053,TSK-000748,Train workflow 7,Blocked,Northwind LLC - Phase 2 Rollout,PHS-00142,Getting Started,,,2026-07-27,2026-08-15,0.30,,,,Migrate data model 6,,,,,,,0.00,,true,Test Execution
PRJ-0053,TSK-000749,Audit permission set 8,To do,Northwind LLC - Phase 2 Rollout,PHS-00145,Configure & Build,,,2026-07-28,2026-08-21,0.00,,,,Train workflow 7,,,,,,,0.00,,true,Transition
PRJ-0053,TSK-000750,Train report 9,To do,Northwind LLC - Phase 2 Rollout,PHS-00143,Initiate,,,2026-07-29,2026-08-23,0.00,,,,Audit permission set 8,,,,,,,0.00,,true,Discovery
PRJ-0053,TSK-000751,Document permission set 10,Blocked,Northwind LLC - Phase 2 Rollout,PHS-00143,Initiate,Elena Diallo,,2026-07-30,2026-08-11,16.54,,,,Train report 9,,,,,,,0.00,,false,Program Management
PRJ-0053,TSK-000752,Validate playbook 11,To do,Northwind LLC - Phase 2 Rollout,PHS-00143,Initiate,Tomas Sato,,2026-07-31,2026-08-03,15.73,,,,Document permission set 10,,,,,,,0.00,,false,Test Execution
PRJ-0053,TSK-000753,Audit permission set 12,In progress,Northwind LLC - Phase 2 Rollout,PHS-00142,Getting Started,Tomas Sato,,2026-08-01,2026-08-12,39.35,,,,Validate playbook 11,,,,,2026-08-01,,0.00,,true,Transition
PRJ-0053,TSK-000754,Review workflow 13,To do,Northwind LLC - Phase 2 Rollout,PHS-00144,Discover & Design,Tomas Sato,,2026-08-02,2026-08-25,0.00,,,,"Document environment 3, Deploy playbook 5",,,,,,,0.00,,true,Program Management
PRJ-0053,TSK-000755,Migrate environment 14,In progress,Northwind LLC - Phase 2 Rollout,PHS-00144,Discover & Design,Tomas Sato,,2026-08-03,2026-08-18,7.18,,,,Deploy playbook 5,,,,,2026-08-03,,0.00,,true,Project Setup
PRJ-0053,TSK-000756,Migrate template 15,Completed,Northwind LLC - Phase 2 Rollout,PHS-00144,Discover & Design,Daniel Kaya,,2026-08-04,2026-08-06,35.44,,,,"Migrate permission set 2, Document environment 3, Train workflow 7, Train report 9, Validate playbook 11",,,,,2026-08-04,2026-08-09,0.00,,true,Project Setup
PRJ-0053,TSK-000757,Deploy playbook 16,Completed,Northwind LLC - Phase 2 Rollout,PHS-00145,Configure & Build,Elena Diallo,,2026-08-05,2026-09-02,24.11,,,,"Document permission set 10, Validate playbook 11",,,,,2026-08-05,2026-09-01,0.00,,false,Program Management
PRJ-0053,TSK-000758,Validate workflow 17,Blocked,Northwind LLC - Phase 2 Rollout,PHS-00145,Configure & Build,Tomas Sato,,2026-08-06,2026-08-14,0.00,,,,,,,,,,,0.00,,true,Program Management
PRJ-0053,TSK-000759,Train template 18,NA,Northwind LLC - Phase 2 Rollout,PHS-00145,Configure & Build,Daniel Kaya,,2026-08-07,2026-08-23,22.75,,,,Train report 9,,,,,,,0.00,,true,Discovery
PRJ-0053,TSK-000760,Configure environment 19,To do,Northwind LLC - Phase 2 Rollout,PHS-00142,Getting Started,Tomas Sato,,2026-08-08,2026-08-18,3.21,true,,,,,,,,,,0.00,,true,Discovery
PRJ-0054,TSK-000761,Review template 1,Completed,Globex GmbH - Enterprise Rollout,PHS-00146,Getting Started,Sofia Berg,,2026-04-26,2026-04-30,37.43,,,,,,,,,2026-04-26,2026-05-13,0.00,,false,Project Setup
PRJ-0054,TSK-000762,Audit report 2,Completed,Globex GmbH - Enterprise Rollout,PHS-00146,Getting Started,Elena Sato,,2026-04-27,2026-05-16,0.00,,,,Review template 1,,,,,2026-04-27,2026-05-08,0.00,,true,
PRJ-0054,TSK-000763,Validate report 3,Completed,Globex GmbH - Enterprise Rollout,PHS-00146,Getting Started,Noah Diallo,,2026-04-28,2026-05-17,5.10,,,,Audit report 2,,,,,2026-04-28,2026-05-02,0.00,,true,Program Management
PRJ-0054,TSK-000764,Migrate template 4,To do,Globex GmbH - Enterprise Rollout,PHS-00147,Initiate,,,2026-04-29,2026-05-14,14.40,,,,Validate report 3,,,,,,,0.00,,true,Discovery
PRJ-0054,TSK-000765,Document report 5,In progress,Globex GmbH - Enterprise Rollout,PHS-00147,Initiate,,,2026-04-30,2026-05-23,12.50,,,,Migrate template 4,,,,,2026-04-30,,0.00,,true,Test Execution
PRJ-0054,TSK-000766,Configure template 6,To do,Globex GmbH - Enterprise Rollout,PHS-00146,Getting Started,,,2026-05-01,2026-05-06,0.00,,,,Document report 5,,,,,,,0.00,,false,Transition
PRJ-0054,TSK-000767,Configure permission set 7,Completed,Globex GmbH - Enterprise Rollout,PHS-00147,Initiate,Mei Sato,,2026-05-02,2026-05-13,32.13,,,,Configure template 6,,,,,2026-05-02,2026-05-13,0.00,,true,Discovery
PRJ-0054,TSK-000768,Migrate data model 8,NA,Globex GmbH - Enterprise Rollout,PHS-00146,Getting Started,Elena Sato,,2026-05-03,2026-06-01,29.04,,,,Configure permission set 7,,,,,,,0.00,,true,Program Management
PRJ-0054,TSK-000769,Train workflow 9,Completed,Globex GmbH - Enterprise Rollout,PHS-00146,Getting Started,Elena Sato,,2026-05-04,2026-05-29,0.91,,,,Migrate data model 8,,,,,2026-05-04,2026-05-25,0.00,,true,Transition
PRJ-0054,TSK-000770,Review permission set 10,In progress,Globex GmbH - Enterprise Rollout,PHS-00147,Initiate,Noah Diallo,,2026-05-05,2026-05-06,35.79,,,,Train workflow 9,,,,,2026-05-05,,0.00,,true,
PRJ-0054,TSK-000771,Deploy template 11,To do,Globex GmbH - Enterprise Rollout,PHS-00146,Getting Started,Sofia Berg,,2026-05-06,2026-05-13,36.45,,,,Review permission set 10,,,,,,,0.00,,true,Discovery
PRJ-0054,TSK-000772,Train data model 12,Completed,Globex GmbH - Enterprise Rollout,PHS-00147,Initiate,Elena Sato,,2026-05-07,2026-06-01,6.68,,,,Deploy template 11,,,,,2026-05-07,2026-05-08,0.00,,false,Test Execution
PRJ-0054,TSK-000773,Document report 13,To do,Globex GmbH - Enterprise Rollout,PHS-00146,Getting Started,Mei Sato,,2026-05-08,2026-06-01,7.67,,,,"Review template 1, Audit report 2, Validate report 3, Configure template 6, Configure permission set 7",,,,,,,0.00,,true,Build and Deployment
PRJ-0054,TSK-000774,Audit report 14,Completed,Globex GmbH - Enterprise Rollout,PHS-00146,Getting Started,Mei Sato,,2026-05-09,2026-05-28,0.00,,,,"Review template 1, Validate report 3, Migrate template 4, Configure permission set 7, Train workflow 9, Review permission set 10",,,,,2026-05-09,2026-06-02,0.00,,true,Transition
PRJ-0054,TSK-000775,Audit data model 15,To do,Globex GmbH - Enterprise Rollout,PHS-00146,Getting Started,Mei Sato,,2026-05-10,2026-05-21,0.00,,,,"Migrate template 4, Configure template 6, Train workflow 9",,,,,,,0.00,,true,Transition
PRJ-0054,TSK-000776,Review template 16,Completed,Globex GmbH - Enterprise Rollout,PHS-00146,Getting Started,Sofia Berg,,2026-05-11,2026-06-01,22.13,,,,"Audit report 2, Configure template 6, Review permission set 10",,,,,2026-05-11,2026-06-06,0.00,,true,Build and Deployment
PRJ-0054,TSK-000777,Document template 17,Completed,Globex GmbH - Enterprise Rollout,PHS-00146,Getting Started,,,2026-05-12,2026-05-27,22.95,true,,,,,,,,2026-05-12,2026-05-21,0.00,,true,Build and Deployment
PRJ-0055,TSK-000778,Deploy report 1,To do,Vandelay GmbH - Enterprise Rollout,PHS-00151,Configure & Build,Marco Diallo,,2026-05-26,2026-06-01,18.30,,,,,,,,,,,0.00,,true,Build and Deployment
PRJ-0055,TSK-000779,Review permission set 2,In progress,Vandelay GmbH - Enterprise Rollout,PHS-00148,Getting Started,Arjun Diallo,,2026-05-27,2026-06-03,0.00,,,,Deploy report 1,,,,,2026-05-27,,0.00,,false,
PRJ-0055,TSK-000780,Migrate permission set 3,To do,Vandelay GmbH - Enterprise Rollout,PHS-00149,Initiate,Arjun Diallo,,2026-05-28,2026-06-12,35.30,,,,Review permission set 2,,,,,,,0.00,,true,Test Execution
PRJ-0055,TSK-000781,Document template 4,Completed,Vandelay GmbH - Enterprise Rollout,PHS-00149,Initiate,,,2026-05-29,2026-06-02,0.00,,,,Migrate permission set 3,,,,,2026-05-29,2026-05-31,0.00,,true,Transition
PRJ-0055,TSK-000782,Document data model 5,NA,Vandelay GmbH - Enterprise Rollout,PHS-00148,Getting Started,Marco Diallo,,2026-05-30,2026-06-08,0.00,,,,Document template 4,,,,,,,0.00,,true,Test Execution
PRJ-0055,TSK-000783,Migrate permission set 6,NA,Vandelay GmbH - Enterprise Rollout,PHS-00148,Getting Started,Marco Diallo,,2026-05-31,2026-06-19,14.00,,,,Document data model 5,,,,,,,0.00,,true,Program Management
PRJ-0055,TSK-000784,Review environment 7,Blocked,Vandelay GmbH - Enterprise Rollout,PHS-00152,Test,,,2026-06-01,2026-06-23,30.98,,,,Migrate permission set 6,,,,,,,0.00,,true,Build and Deployment
PRJ-0055,TSK-000785,Configure report 8,Completed,Vandelay GmbH - Enterprise Rollout,PHS-00148,Getting Started,Arjun Diallo,,2026-06-02,2026-06-21,25.15,,,,Review environment 7,,,,,2026-06-02,2026-06-15,0.00,,true,Transition
PRJ-0055,TSK-000786,Review permission set 9,Completed,Vandelay GmbH - Enterprise Rollout,PHS-00148,Getting Started,Marco Diallo,,2026-06-03,2026-06-17,15.72,,,,Configure report 8,,,,,2026-06-03,2026-06-21,0.00,,true,Build and Deployment
PRJ-0055,TSK-000787,Migrate integration 10,NA,Vandelay GmbH - Enterprise Rollout,PHS-00150,Discover & Design,Marco Diallo,,2026-06-04,2026-07-01,0.00,,,,Review permission set 9,,,,,,,0.00,,true,
PRJ-0055,TSK-000788,Review environment 11,Completed,Vandelay GmbH - Enterprise Rollout,PHS-00148,Getting Started,Arjun Diallo,,2026-06-05,2026-06-29,0.00,,,,Migrate integration 10,,,,,2026-06-05,2026-07-01,0.00,,false,Build and Deployment
PRJ-0055,TSK-000789,Review permission set 12,To do,Vandelay GmbH - Enterprise Rollout,PHS-00149,Initiate,Marco Diallo,,2026-06-06,2026-07-05,0.00,,,,Review environment 11,,,,,,,0.00,,true,Discovery
PRJ-0055,TSK-000790,Review integration 13,Completed,Vandelay GmbH - Enterprise Rollout,PHS-00152,Test,Marco Diallo,,2026-06-07,2026-06-26,0.00,,,,,,,,,2026-06-07,2026-06-24,0.00,,false,Test Execution
PRJ-0055,TSK-000791,Review environment 14,In progress,Vandelay GmbH - Enterprise Rollout,PHS-00148,Getting Started,,,2026-06-08,2026-06-14,8.84,,,,,,,,,2026-06-08,,0.00,,true,Build and Deployment
PRJ-0055,TSK-000792,Train integration 15,To do,Vandelay GmbH - Enterprise Rollout,PHS-00148,Getting Started,Marco Diallo,,2026-06-09,2026-06-24,21.65,,,,,TSK-000782,Document data model 5,,,,,0.00,,true,
PRJ-0055,TSK-000793,Document permission set 16,To do,Vandelay GmbH - Enterprise Rollout,PHS-00148,Getting Started,Arjun Diallo,,2026-06-10,2026-06-18,11.77,,,,,,,,,,,0.00,,false,Test Execution
PRJ-0055,TSK-000794,Deploy integration 17,In progress,Vandelay GmbH - Enterprise Rollout,PHS-00149,Initiate,,,2026-06-11,2026-07-10,25.46,,,,,,,,,2026-06-11,,0.00,,false,Test Execution
PRJ-0055,TSK-000795,Migrate data model 18,Completed,Vandelay GmbH - Enterprise Rollout,PHS-00148,Getting Started,Arjun Diallo,,2026-06-12,2026-07-05,0.39,,,,"Migrate permission set 3, Review environment 7",,,,,2026-06-12,2026-06-24,0.00,,true,Program Management
PRJ-0055,TSK-000796,Deploy data model 19,To do,Vandelay GmbH - Enterprise Rollout,PHS-00152,Test,Yusuf Diallo,,2026-06-13,2026-06-23,0.00,,,,,,,,,,,0.00,,true,Test Execution
PRJ-0055,TSK-000797,Migrate data model 20,To do,Vandelay GmbH - Enterprise Rollout,PHS-00150,Discover & Design,Marco Diallo,,2026-06-14,2026-06-16,15.89,true,,,"Review environment 7, Deploy integration 17, Deploy data model 19",,,,,,,0.00,,true,
PRJ-0055,TSK-000798,Review permission set 21,Completed,Vandelay GmbH - Enterprise Rollout,PHS-00148,Getting Started,,,2026-06-15,2026-06-16,0.00,true,,,,,,,,2026-06-15,2026-07-09,0.00,,false,Test Execution
PRJ-0056,TSK-000799,Document template 1,Completed,Soylent Ltd - Phase 2 Rollout,PHS-00154,Initiate,,,2026-06-10,2026-06-27,8.13,,,,,,,,,2026-06-10,2026-06-22,0.00,,true,Transition
PRJ-0056,TSK-000800,Validate data model 2,In progress,Soylent Ltd - Phase 2 Rollout,PHS-00156,Configure & Build,Hana Rossi,,2026-06-11,2026-06-15,14.47,,,,Document template 1,,,,,2026-06-11,,0.00,,true,
PRJ-0056,TSK-000801,Deploy integration 3,Completed,Soylent Ltd - Phase 2 Rollout,PHS-00154,Initiate,Hana Rossi,,2026-06-12,2026-06-16,0.00,,,,Validate data model 2,,,,,2026-06-12,2026-07-05,0.00,,true,
PRJ-0056,TSK-000802,Validate integration 4,Completed,Soylent Ltd - Phase 2 Rollout,PHS-00158,Transfer,Hana Rossi,,2026-06-13,2026-07-05,11.60,,,,Deploy integration 3,,,,,2026-06-13,2026-07-09,0.00,,true,Test Execution
PRJ-0056,TSK-000803,Migrate report 5,To do,Soylent Ltd - Phase 2 Rollout,PHS-00157,Test,Hana Rossi,,2026-06-14,2026-06-18,0.00,,,,Validate integration 4,,,,,,,0.00,,false,Test Execution
PRJ-0056,TSK-000804,Train integration 6,Completed,Soylent Ltd - Phase 2 Rollout,PHS-00156,Configure & Build,Hana Rossi,,2026-06-15,2026-07-12,24.54,,,,Migrate report 5,,,,,2026-06-15,2026-07-07,0.00,,true,Project Setup
PRJ-0056,TSK-000805,Document template 7,To do,Soylent Ltd - Phase 2 Rollout,PHS-00155,Discover & Design,,,2026-06-16,2026-06-29,32.05,,,,Train integration 6,,,,,,,0.00,,true,Build and Deployment
PRJ-0056,TSK-000806,Validate workflow 8,To do,Soylent Ltd - Phase 2 Rollout,PHS-00158,Transfer,Hana Rossi,,2026-06-17,2026-06-20,0.00,,,,Document template 7,,,,,,,0.00,,true,Project Setup
PRJ-0056,TSK-000807,Migrate workflow 9,Blocked,Soylent Ltd - Phase 2 Rollout,PHS-00153,Getting Started,Hana Rossi,,2026-06-18,2026-06-21,0.00,,,,Validate workflow 8,,,,,,,0.00,,true,Test Execution
PRJ-0056,TSK-000808,Validate integration 10,Completed,Soylent Ltd - Phase 2 Rollout,PHS-00156,Configure & Build,Hana Rossi,,2026-06-19,2026-07-10,0.00,,,,Migrate workflow 9,,,,,2026-06-19,2026-07-05,0.00,,false,Project Setup
PRJ-0056,TSK-000809,Train environment 11,Completed,Soylent Ltd - Phase 2 Rollout,PHS-00155,Discover & Design,,,2026-06-20,2026-06-25,0.00,,,,Validate integration 10,,,,,2026-06-20,2026-07-01,0.00,,true,Program Management
PRJ-0056,TSK-000810,Train permission set 12,Completed,Soylent Ltd - Phase 2 Rollout,PHS-00157,Test,,,2026-06-21,2026-06-25,15.58,,,,Train environment 11,,,,,2026-06-21,2026-06-26,0.00,,true,Project Setup
PRJ-0056,TSK-000811,Document template 13,Blocked,Soylent Ltd - Phase 2 Rollout,PHS-00155,Discover & Design,Hana Rossi,,2026-06-22,2026-07-20,16.74,,,,,,,,,,,0.00,,true,Program Management
PRJ-0056,TSK-000812,Migrate playbook 14,Completed,Soylent Ltd - Phase 2 Rollout,PHS-00155,Discover & Design,Hana Rossi,,2026-06-23,2026-06-26,17.30,,,,,,,,,2026-06-23,2026-07-06,0.00,,true,Test Execution
PRJ-0056,TSK-000813,Audit playbook 15,Completed,Soylent Ltd - Phase 2 Rollout,PHS-00154,Initiate,,,2026-06-24,2026-07-01,38.41,,,,"Validate data model 2, Train integration 6, Document template 7, Train environment 11, Document template 13, Migrate playbook 14",,,,,2026-06-24,2026-06-29,0.00,,true,Test Execution
PRJ-0056,TSK-000814,Migrate data model 16,Completed,Soylent Ltd - Phase 2 Rollout,PHS-00156,Configure & Build,Hana Rossi,,2026-06-25,2026-07-24,14.31,,,,,TSK-000810,Train permission set 12,,,2026-06-25,2026-07-03,0.00,,true,Build and Deployment
PRJ-0056,TSK-000815,Audit report 17,In progress,Soylent Ltd - Phase 2 Rollout,PHS-00154,Initiate,Hana Rossi,,2026-06-26,2026-07-07,18.91,,,,,,,,,2026-06-26,,0.00,,true,Discovery
PRJ-0056,TSK-000816,Deploy integration 18,To do,Soylent Ltd - Phase 2 Rollout,PHS-00156,Configure & Build,Hana Rossi,,2026-06-27,2026-07-05,0.00,,,,"Deploy integration 3, Train integration 6, Migrate data model 16",,,,,,,0.00,,true,
PRJ-0056,TSK-000817,Validate template 19,In progress,Soylent Ltd - Phase 2 Rollout,PHS-00154,Initiate,,,2026-06-28,2026-07-14,21.32,,,,"Document template 7, Validate workflow 8, Migrate workflow 9, Train environment 11, Migrate data model 16",,,,,2026-06-28,,0.00,,true,Build and Deployment
PRJ-0056,TSK-000818,Validate playbook 20,Completed,Soylent Ltd - Phase 2 Rollout,PHS-00158,Transfer,,,2026-06-29,2026-07-03,1.96,,,,"Migrate report 5, Validate workflow 8, Migrate workflow 9, Document template 13",,,,,2026-06-29,2026-07-14,0.00,,true,Transition
PRJ-0056,TSK-000819,Validate integration 21,Completed,Soylent Ltd - Phase 2 Rollout,PHS-00153,Getting Started,Hana Rossi,,2026-06-30,2026-07-01,22.71,,,,"Document template 1, Deploy integration 3, Migrate data model 16",,,,,2026-06-30,2026-07-27,0.00,,true,Transition
PRJ-0056,TSK-000820,Configure template 22,To do,Soylent Ltd - Phase 2 Rollout,PHS-00154,Initiate,Hana Rossi,,2026-07-01,2026-07-02,0.00,,,,,,,,,,,0.00,,true,Project Setup
PRJ-0056,TSK-000821,Review environment 23,In progress,Soylent Ltd - Phase 2 Rollout,PHS-00156,Configure & Build,Hana Rossi,,2026-07-02,2026-07-03,28.89,,,,,,,,,2026-07-02,,0.00,,true,Transition
PRJ-0056,TSK-000822,Migrate template 24,Completed,Soylent Ltd - Phase 2 Rollout,PHS-00158,Transfer,Hana Rossi,,2026-07-03,2026-07-08,10.11,,,,,,,,,2026-07-03,2026-07-30,0.00,,true,Build and Deployment
PRJ-0056,TSK-000823,Validate environment 25,Blocked,Soylent Ltd - Phase 2 Rollout,PHS-00155,Discover & Design,Hana Rossi,,2026-07-04,2026-07-22,0.00,,,,"Migrate playbook 14, Validate playbook 20",,,,,,,0.00,,true,Test Execution
PRJ-0056,TSK-000824,Review integration 26,To do,Soylent Ltd - Phase 2 Rollout,PHS-00158,Transfer,Hana Rossi,,2026-07-05,2026-07-25,37.60,,,,"Validate data model 2, Migrate report 5",,,,,,,0.00,,true,Test Execution
PRJ-0056,TSK-000825,Migrate workflow 27,To do,Soylent Ltd - Phase 2 Rollout,PHS-00154,Initiate,Hana Rossi,,2026-07-06,2026-07-17,0.00,,,,,,,,,,,0.00,,true,Build and Deployment
PRJ-0056,TSK-000826,Document data model 28,To do,Soylent Ltd - Phase 2 Rollout,PHS-00155,Discover & Design,Hana Rossi,,2026-07-07,2026-08-03,24.73,true,,,"Document template 1, Validate integration 4, Deploy integration 18, Validate playbook 20",,,,,,,0.00,,true,Test Execution
PRJ-0056,TSK-000827,Audit data model 29,To do,Soylent Ltd - Phase 2 Rollout,PHS-00153,Getting Started,Hana Rossi,,2026-07-08,2026-07-26,10.94,true,,,,,,,,,,0.00,,true,
PRJ-0056,TSK-000828,Audit workflow 30,To do,Soylent Ltd - Phase 2 Rollout,PHS-00153,Getting Started,Hana Rossi,,2026-07-09,2026-07-14,24.59,true,,,,,,,,,,0.00,,false,Transition
PRJ-0057,TSK-000829,Train data model 1,To do,Tyrell LLC - Phase 2 Rollout,PHS-00160,Initiate,Priya Diallo,,2026-03-02,2026-03-19,28.92,,,,,,,,,,,0.00,,true,
PRJ-0057,TSK-000830,Configure integration 2,To do,Tyrell LLC - Phase 2 Rollout,PHS-00159,Getting Started,Priya Diallo,,2026-03-03,2026-03-22,14.20,,,,Train data model 1,,,,,,,0.00,,false,Program Management
PRJ-0057,TSK-000831,Migrate permission set 3,To do,Tyrell LLC - Phase 2 Rollout,PHS-00159,Getting Started,Marco Sato,,2026-03-04,2026-03-13,21.39,,,,Configure integration 2,,,,,,,0.00,,false,Discovery
PRJ-0057,TSK-000832,Train permission set 4,To do,Tyrell LLC - Phase 2 Rollout,PHS-00161,Discover & Design,,,2026-03-05,2026-03-28,0.00,,,,Migrate permission set 3,,,,,,,0.00,,true,Project Setup
PRJ-0057,TSK-000833,Document workflow 5,NA,Tyrell LLC - Phase 2 Rollout,PHS-00159,Getting Started,Marco Sato,,2026-03-06,2026-03-13,23.35,,,,Train permission set 4,,,,,,,0.00,,true,Build and Deployment
PRJ-0057,TSK-000834,Validate workflow 6,Completed,Tyrell LLC - Phase 2 Rollout,PHS-00159,Getting Started,Marco Sato,,2026-03-07,2026-03-28,0.00,,,,Document workflow 5,,,,,2026-03-07,2026-03-08,0.00,,true,Discovery
PRJ-0057,TSK-000835,Train report 7,Completed,Tyrell LLC - Phase 2 Rollout,PHS-00160,Initiate,,,2026-03-08,2026-03-21,34.34,,,,Validate workflow 6,,,,,2026-03-08,2026-03-09,0.00,,true,Transition
PRJ-0057,TSK-000836,Validate template 8,Blocked,Tyrell LLC - Phase 2 Rollout,PHS-00159,Getting Started,,,2026-03-09,2026-03-12,0.00,,,,Train report 7,,,,,,,0.00,,true,
PRJ-0057,TSK-000837,Validate environment 9,Completed,Tyrell LLC - Phase 2 Rollout,PHS-00159,Getting Started,,,2026-03-10,2026-04-04,14.21,,,,Validate template 8,,,,,2026-03-10,2026-04-02,0.00,,true,
PRJ-0057,TSK-000838,Configure permission set 10,In progress,Tyrell LLC - Phase 2 Rollout,PHS-00161,Discover & Design,Priya Diallo,,2026-03-11,2026-03-13,0.00,,,,Validate environment 9,,,,,2026-03-11,,0.00,,true,Build and Deployment
PRJ-0057,TSK-000839,Train permission set 11,Completed,Tyrell LLC - Phase 2 Rollout,PHS-00159,Getting Started,Marco Sato,,2026-03-12,2026-03-20,32.35,,,,Configure permission set 10,,,,,2026-03-12,2026-03-26,0.00,,true,Test Execution
PRJ-0057,TSK-000840,Audit playbook 12,In progress,Tyrell LLC - Phase 2 Rollout,PHS-00161,Discover & Design,Priya Sato,,2026-03-13,2026-03-14,21.77,,,,Train permission set 11,,,,,2026-03-13,,0.00,,true,Project Setup
PRJ-0057,TSK-000841,Validate environment 13,To do,Tyrell LLC - Phase 2 Rollout,PHS-00161,Discover & Design,Priya Sato,,2026-03-14,2026-04-09,37.72,,,,"Migrate permission set 3, Configure permission set 10",,,,,,,0.00,,true,Discovery
PRJ-0057,TSK-000842,Train integration 14,Completed,Tyrell LLC - Phase 2 Rollout,PHS-00159,Getting Started,Priya Diallo,,2026-03-15,2026-03-28,39.43,,,,,,,,,2026-03-15,2026-04-01,0.00,,true,
PRJ-0057,TSK-000843,Validate integration 15,Completed,Tyrell LLC - Phase 2 Rollout,PHS-00161,Discover & Design,Priya Sato,,2026-03-16,2026-04-03,32.48,,,,,,,,,2026-03-16,2026-04-03,0.00,,false,Transition
PRJ-0057,TSK-000844,Document permission set 16,To do,Tyrell LLC - Phase 2 Rollout,PHS-00160,Initiate,,,2026-03-17,2026-03-21,37.47,,,,"Validate environment 9, Train permission set 11, Train integration 14",,,,,,,0.00,,true,Transition
PRJ-0057,TSK-000845,Deploy workflow 17,Blocked,Tyrell LLC - Phase 2 Rollout,PHS-00160,Initiate,Priya Diallo,,2026-03-18,2026-03-25,0.00,,,,"Migrate permission set 3, Validate environment 9, Train permission set 11, Train integration 14",,,,,,,0.00,,true,Program Management
PRJ-0057,TSK-000846,Configure playbook 18,Completed,Tyrell LLC - Phase 2 Rollout,PHS-00159,Getting Started,Marco Sato,,2026-03-19,2026-04-07,12.05,,,,,,,,,2026-03-19,2026-03-27,0.00,,true,Build and Deployment
PRJ-0057,TSK-000847,Deploy permission set 19,Completed,Tyrell LLC - Phase 2 Rollout,PHS-00159,Getting Started,Marco Sato,,2026-03-20,2026-04-02,0.00,true,,,,,,,,2026-03-20,2026-04-10,0.00,,false,
PRJ-0057,TSK-000848,Audit workflow 20,Completed,Tyrell LLC - Phase 2 Rollout,PHS-00159,Getting Started,Priya Diallo,,2026-03-21,2026-04-06,0.72,true,,,"Train data model 1, Train permission set 11, Validate environment 13, Deploy permission set 19",,,,,2026-03-21,2026-03-27,0.00,,false,Transition
PRJ-0058,TSK-000849,Train report 1,Completed,Wonka LLC - Enterprise Rollout,PHS-00166,Test,Amara Sato,,2026-07-18,2026-08-08,27.87,,,,,,,,,2026-07-18,2026-07-24,0.00,,true,Build and Deployment
PRJ-0058,TSK-000850,Review workflow 2,NA,Wonka LLC - Enterprise Rollout,PHS-00164,Discover & Design,,,2026-07-19,2026-08-08,5.67,,,,Train report 1,,,,,,,0.00,,true,Discovery
PRJ-0058,TSK-000851,Train report 3,Completed,Wonka LLC - Enterprise Rollout,PHS-00162,Getting Started,Amara Sato,,2026-07-20,2026-07-21,30.97,,,,Review workflow 2,,,,,2026-07-20,2026-08-14,0.00,,true,Transition
PRJ-0058,TSK-000852,Migrate workflow 4,To do,Wonka LLC - Enterprise Rollout,PHS-00166,Test,Lena Kaya,,2026-07-21,2026-08-01,5.13,,,,Train report 3,,,,,,,0.00,,true,Program Management
PRJ-0058,TSK-000853,Configure template 5,To do,Wonka LLC - Enterprise Rollout,PHS-00163,Initiate,,,2026-07-22,2026-07-24,0.00,,,,Migrate workflow 4,,,,,,,0.00,,true,Discovery
PRJ-0058,TSK-000854,Document data model 6,To do,Wonka LLC - Enterprise Rollout,PHS-00166,Test,Amara Sato,,2026-07-23,2026-08-04,22.34,,,,Configure template 5,,,,,,,0.00,,true,Project Setup
PRJ-0058,TSK-000855,Deploy workflow 7,To do,Wonka LLC - Enterprise Rollout,PHS-00164,Discover & Design,Lena Kaya,,2026-07-24,2026-08-23,0.00,,,,Document data model 6,,,,,,,0.00,,true,Discovery
PRJ-0058,TSK-000856,Validate data model 8,Completed,Wonka LLC - Enterprise Rollout,PHS-00164,Discover & Design,Amara Sato,,2026-07-25,2026-08-06,17.61,,,,Deploy workflow 7,,,,,2026-07-25,2026-08-21,0.00,,false,Discovery
PRJ-0058,TSK-000857,Document template 9,Completed,Wonka LLC - Enterprise Rollout,PHS-00165,Configure & Build,Amara Sato,,2026-07-26,2026-07-27,2.63,,,,Validate data model 8,,,,,2026-07-26,2026-08-01,0.00,,true,Build and Deployment
PRJ-0058,TSK-000858,Review workflow 10,To do,Wonka LLC - Enterprise Rollout,PHS-00162,Getting Started,Lena Kaya,,2026-07-27,2026-08-15,0.00,,,,Document template 9,,,,,,,0.00,,true,Program Management
PRJ-0058,TSK-000859,Deploy permission set 11,Completed,Wonka LLC - Enterprise Rollout,PHS-00165,Configure & Build,Lena Kaya,,2026-07-28,2026-08-04,0.00,,,,Review workflow 10,,,,,2026-07-28,2026-08-22,0.00,,true,Project Setup
PRJ-0058,TSK-000860,Train environment 12,Completed,Wonka LLC - Enterprise Rollout,PHS-00165,Configure & Build,Lena Kaya,,2026-07-29,2026-08-20,2.56,,,,Deploy permission set 11,,,,,2026-07-29,2026-08-21,0.00,,true,Program Management
PRJ-0058,TSK-000861,Validate permission set 13,Blocked,Wonka LLC - Enterprise Rollout,PHS-00162,Getting Started,Lena Kaya,,2026-07-30,2026-08-04,0.00,,,,,,,,,,,0.00,,true,Program Management
PRJ-0058,TSK-000862,Audit integration 14,Completed,Wonka LLC - Enterprise Rollout,PHS-00162,Getting Started,,,2026-07-31,2026-08-05,32.73,,,,"Configure template 5, Review workflow 10, Validate permission set 13",,,,,2026-07-31,2026-08-16,0.00,,true,Test Execution
PRJ-0058,TSK-000863,Configure environment 15,NA,Wonka LLC - Enterprise Rollout,PHS-00165,Configure & Build,Lena Kaya,,2026-08-01,2026-08-11,30.25,,,,,,,,,,,0.00,,false,Transition
PRJ-0058,TSK-000864,Deploy environment 16,To do,Wonka LLC - Enterprise Rollout,PHS-00162,Getting Started,Lena Kaya,,2026-08-02,2026-08-14,0.00,,,,,,,,,,,0.00,,false,Transition
PRJ-0058,TSK-000865,Deploy permission set 17,Completed,Wonka LLC - Enterprise Rollout,PHS-00163,Initiate,Lena Kaya,,2026-08-03,2026-09-01,39.35,,,,,,,,,2026-08-03,2026-08-29,0.00,,true,Test Execution
PRJ-0058,TSK-000866,Validate workflow 18,Completed,Wonka LLC - Enterprise Rollout,PHS-00166,Test,Amara Sato,,2026-08-04,2026-08-10,39.70,,,,"Migrate workflow 4, Validate data model 8, Review workflow 10, Configure environment 15",,,,,2026-08-04,2026-09-02,0.00,,false,Test Execution
PRJ-0058,TSK-000867,Review playbook 19,In progress,Wonka LLC - Enterprise Rollout,PHS-00163,Initiate,,,2026-08-05,2026-08-30,12.92,,,,Deploy permission set 11,,,,,2026-08-05,,0.00,,true,Program Management
PRJ-0058,TSK-000868,Validate workflow 20,To do,Wonka LLC - Enterprise Rollout,PHS-00162,Getting Started,Amara Sato,,2026-08-06,2026-08-24,0.00,,,,"Train report 1, Train report 3, Review workflow 10",,,,,,,0.00,,true,Project Setup
PRJ-0058,TSK-000869,Train report 21,In progress,Wonka LLC - Enterprise Rollout,PHS-00163,Initiate,Lena Kaya,,2026-08-07,2026-09-06,0.00,,,,,,,,,2026-08-07,,0.00,,true,Program Management
PRJ-0058,TSK-000870,Migrate template 22,Completed,Wonka LLC - Enterprise Rollout,PHS-00165,Configure & Build,Amara Sato,,2026-08-08,2026-09-05,5.60,,,,,TSK-000850,Review workflow 2,,,2026-08-08,2026-08-25,0.00,,true,Transition
PRJ-0058,TSK-000871,Migrate template 23,Completed,Wonka LLC - Enterprise Rollout,PHS-00164,Discover & Design,Lena Kaya,,2026-08-09,2026-08-23,33.76,,,,,,,,,2026-08-09,2026-08-26,0.00,,true,Transition
PRJ-0058,TSK-000872,Deploy integration 24,Completed,Wonka LLC - Enterprise Rollout,PHS-00166,Test,Lena Kaya,,2026-08-10,2026-09-05,0.00,true,,,Audit integration 14,,,,,2026-08-10,2026-09-06,0.00,,true,Transition
PRJ-0058,TSK-000873,Validate environment 25,To do,Wonka LLC - Enterprise Rollout,PHS-00163,Initiate,Lena Kaya,,2026-08-11,2026-08-30,0.00,true,,,"Train report 1, Migrate workflow 4, Deploy permission set 11, Deploy environment 16, Train report 21",,,,,,,0.00,,false,Project Setup
PRJ-0059,TSK-000874,Migrate environment 1,To do,Globex LLC - Enterprise Rollout,PHS-00167,Getting Started,,,2026-05-21,2026-05-29,0.00,,,,,,,,,,,0.00,,true,Project Setup
PRJ-0059,TSK-000875,Configure permission set 2,Completed,Globex LLC - Enterprise Rollout,PHS-00168,Initiate,Kwame Rossi,,2026-05-22,2026-06-07,31.88,,,,Migrate environment 1,,,,,2026-05-22,2026-06-05,0.00,,true,Project Setup
PRJ-0059,TSK-000876,Validate workflow 3,Completed,Globex LLC - Enterprise Rollout,PHS-00168,Initiate,,,2026-05-23,2026-06-06,33.03,,,,Configure permission set 2,,,,,2026-05-23,2026-05-25,0.00,,true,Discovery
PRJ-0059,TSK-000877,Validate workflow 4,Completed,Globex LLC - Enterprise Rollout,PHS-00168,Initiate,,,2026-05-24,2026-06-23,37.41,,,,Validate workflow 3,,,,,2026-05-24,2026-05-30,0.00,,true,
PRJ-0059,TSK-000878,Audit playbook 5,Completed,Globex LLC - Enterprise Rollout,PHS-00169,Discover & Design,Noah Novak,,2026-05-25,2026-06-02,35.46,,,,Validate workflow 4,,,,,2026-05-25,2026-06-15,0.00,,true,Build and Deployment
PRJ-0059,TSK-000879,Deploy permission set 6,In progress,Globex LLC - Enterprise Rollout,PHS-00167,Getting Started,,,2026-05-26,2026-06-16,0.00,,,,Audit playbook 5,,,,,2026-05-26,,0.00,,true,Transition
PRJ-0059,TSK-000880,Train report 7,Completed,Globex LLC - Enterprise Rollout,PHS-00169,Discover & Design,Kwame Rossi,,2026-05-27,2026-06-06,20.91,,,,Deploy permission set 6,,,,,2026-05-27,2026-06-19,0.00,,false,Discovery
PRJ-0059,TSK-000881,Train playbook 8,In progress,Globex LLC - Enterprise Rollout,PHS-00167,Getting Started,Noah Novak,,2026-05-28,2026-06-18,32.27,,,,Train report 7,,,,,2026-05-28,,0.00,,true,Project Setup
PRJ-0059,TSK-000882,Deploy template 9,To do,Globex LLC - Enterprise Rollout,PHS-00171,Test,,,2026-05-29,2026-06-01,9.85,,,,Train playbook 8,,,,,,,0.00,,true,Transition
PRJ-0059,TSK-000883,Review permission set 10,To do,Globex LLC - Enterprise Rollout,PHS-00171,Test,Kwame Rossi,,2026-05-30,2026-06-05,17.33,,,,Deploy template 9,,,,,,,0.00,,true,Test Execution
PRJ-0059,TSK-000884,Validate report 11,Completed,Globex LLC - Enterprise Rollout,PHS-00170,Configure & Build,Hana Kaya,,2026-05-31,2026-06-11,3.32,,,,Review permission set 10,,,,,2026-05-31,2026-06-10,0.00,,true,
PRJ-0059,TSK-000885,Document playbook 12,Blocked,Globex LLC - Enterprise Rollout,PHS-00167,Getting Started,Kwame Rossi,,2026-06-01,2026-06-20,0.00,,,,Validate report 11,,,,,,,0.00,,true,Discovery
PRJ-0059,TSK-000886,Validate playbook 13,In progress,Globex LLC - Enterprise Rollout,PHS-00169,Discover & Design,Kwame Rossi,,2026-06-02,2026-06-14,37.46,,,,,,,,,2026-06-02,,0.00,,true,Project Setup
PRJ-0059,TSK-000887,Migrate workflow 14,Completed,Globex LLC - Enterprise Rollout,PHS-00168,Initiate,,,2026-06-03,2026-06-19,26.56,,,,,,,,,2026-06-03,2026-06-21,0.00,,true,Build and Deployment
PRJ-0059,TSK-000888,Review template 15,To do,Globex LLC - Enterprise Rollout,PHS-00169,Discover & Design,Kwame Rossi,,2026-06-04,2026-06-29,0.00,,,,"Migrate environment 1, Configure permission set 2, Validate workflow 3, Audit playbook 5, Migrate workflow 14",,,,,,,0.00,,true,Test Execution
PRJ-0059,TSK-000889,Train playbook 16,To do,Globex LLC - Enterprise Rollout,PHS-00168,Initiate,Noah Novak,,2026-06-05,2026-06-11,19.16,,,,,,,,,,,0.00,,true,Test Execution
PRJ-0059,TSK-000890,Train template 17,In progress,Globex LLC - Enterprise Rollout,PHS-00169,Discover & Design,Hana Kaya,,2026-06-06,2026-07-02,8.33,,,,"Validate workflow 4, Deploy permission set 6, Validate playbook 13",,,,,2026-06-06,,0.00,,true,Discovery
PRJ-0059,TSK-000891,Migrate playbook 18,To do,Globex LLC - Enterprise Rollout,PHS-00169,Discover & Design,Hana Kaya,,2026-06-07,2026-06-11,35.90,,,,,TSK-000888,Review template 15,,,,,0.00,,false,
PRJ-0059,TSK-000892,Document environment 19,To do,Globex LLC - Enterprise Rollout,PHS-00167,Getting Started,,,2026-06-08,2026-07-07,33.68,,,,"Train playbook 8, Deploy template 9, Review template 15, Migrate playbook 18",,,,,,,0.00,,true,Transition
PRJ-0059,TSK-000893,Train integration 20,Completed,Globex LLC - Enterprise Rollout,PHS-00171,Test,Kwame Rossi,,2026-06-09,2026-07-01,38.61,,,,,TSK-000885,Document playbook 12,,,2026-06-09,2026-06-15,0.00,,true,Project Setup
PRJ-0059,TSK-000894,Configure report 21,Blocked,Globex LLC - Enterprise Rollout,PHS-00169,Discover & Design,,,2026-06-10,2026-06-14,28.93,,,,"Review permission set 10, Validate playbook 13",,,,,,,0.00,,false,Project Setup
PRJ-0059,TSK-000895,Deploy template 22,In progress,Globex LLC - Enterprise Rollout,PHS-00167,Getting Started,Kwame Rossi,,2026-06-11,2026-06-17,0.00,,,,Train playbook 8,,,,,2026-06-11,,0.00,,true,Build and Deployment
PRJ-0059,TSK-000896,Migrate playbook 23,Completed,Globex LLC - Enterprise Rollout,PHS-00170,Configure & Build,,,2026-06-12,2026-06-16,0.00,true,,,Train playbook 16,,,,,2026-06-12,2026-06-15,0.00,,true,Project Setup
PRJ-0059,TSK-000897,Document playbook 24,Completed,Globex LLC - Enterprise Rollout,PHS-00168,Initiate,Kwame Rossi,,2026-06-13,2026-06-28,8.57,true,,,Validate playbook 13,,,,,2026-06-13,2026-06-30,0.00,,true,Project Setup
PRJ-0060,TSK-000898,Configure playbook 1,To do,Globex GmbH - Integration Program,PHS-00174,Discover & Design,Lena Sato,,2026-07-12,2026-08-11,9.07,,,,,,,,,,,0.00,,true,Program Management
PRJ-0060,TSK-000899,Deploy environment 2,Completed,Globex GmbH - Integration Program,PHS-00172,Getting Started,Lena Sato,,2026-07-13,2026-08-11,5.34,,,,Configure playbook 1,,,,,2026-07-13,2026-07-31,0.00,,true,Transition
PRJ-0060,TSK-000900,Deploy workflow 3,To do,Globex GmbH - Integration Program,PHS-00174,Discover & Design,Lena Sato,,2026-07-14,2026-08-13,0.00,,,,Deploy environment 2,,,,,,,0.00,,true,Transition
PRJ-0060,TSK-000901,Deploy environment 4,To do,Globex GmbH - Integration Program,PHS-00173,Initiate,Lena Sato,,2026-07-15,2026-07-20,1.67,,,,Deploy workflow 3,,,,,,,0.00,,true,Test Execution
PRJ-0060,TSK-000902,Audit environment 5,In progress,Globex GmbH - Integration Program,PHS-00175,Configure & Build,Ingrid Sato,,2026-07-16,2026-08-05,0.00,,,,Deploy environment 4,,,,,2026-07-16,,0.00,,true,
PRJ-0060,TSK-000903,Migrate permission set 6,In progress,Globex GmbH - Integration Program,PHS-00175,Configure & Build,Lena Sato,,2026-07-17,2026-08-11,38.38,,,,Audit environment 5,,,,,2026-07-17,,0.00,,true,Project Setup
PRJ-0060,TSK-000904,Train template 7,To do,Globex GmbH - Integration Program,PHS-00172,Getting Started,,,2026-07-18,2026-08-12,0.00,,,,Migrate permission set 6,,,,,,,0.00,,true,Discovery
PRJ-0060,TSK-000905,Document integration 8,Completed,Globex GmbH - Integration Program,PHS-00172,Getting Started,Ingrid Sato,,2026-07-19,2026-08-05,4.23,,,,Train template 7,,,,,2026-07-19,2026-08-16,0.00,,false,Test Execution
PRJ-0060,TSK-000906,Audit report 9,To do,Globex GmbH - Integration Program,PHS-00174,Discover & Design,,,2026-07-20,2026-07-22,0.00,,,,Document integration 8,,,,,,,0.00,,false,Project Setup
PRJ-0060,TSK-000907,Configure permission set 10,Completed,Globex GmbH - Integration Program,PHS-00172,Getting Started,Ingrid Sato,,2026-07-21,2026-08-20,0.00,,,,Audit report 9,,,,,2026-07-21,2026-08-10,0.00,,true,Build and Deployment
PRJ-0060,TSK-000908,Audit workflow 11,In progress,Globex GmbH - Integration Program,PHS-00174,Discover & Design,Lena Sato,,2026-07-22,2026-07-23,27.56,true,,,Configure permission set 10,,,,,2026-07-22,,0.00,,true,Transition
PRJ-0061,TSK-000909,Validate integration 1,Completed,Aperture LLC - Phase 1 Implementation,PHS-00178,Initiate,Elena Sato,,2026-02-24,2026-03-17,37.94,,,,,,,,,2026-02-24,2026-03-17,0.00,,false,Program Management
PRJ-0061,TSK-000910,Deploy environment 2,To do,Aperture LLC - Phase 1 Implementation,PHS-00177,Getting Started,,,2026-02-25,2026-03-04,10.47,,,,Validate integration 1,,,,,,,0.00,,true,Program Management
PRJ-0061,TSK-000911,Configure integration 3,To do,Aperture LLC - Phase 1 Implementation,PHS-00177,Getting Started,Elena Sato,,2026-02-26,2026-03-23,0.00,,,,Deploy environment 2,,,,,,,0.00,,true,
PRJ-0061,TSK-000912,Train environment 4,To do,Aperture LLC - Phase 1 Implementation,PHS-00177,Getting Started,,,2026-02-27,2026-03-11,5.15,,,,Configure integration 3,,,,,,,0.00,,true,
PRJ-0061,TSK-000913,Audit permission set 5,Completed,Aperture LLC - Phase 1 Implementation,PHS-00178,Initiate,Hana Kaya,,2026-02-28,2026-03-30,29.76,,,,Train environment 4,,,,,2026-02-28,2026-03-05,0.00,,true,Program Management
PRJ-0061,TSK-000914,Configure report 6,To do,Aperture LLC - Phase 1 Implementation,PHS-00178,Initiate,Hana Kaya,,2026-03-01,2026-03-09,17.60,,,,Audit permission set 5,,,,,,,0.00,,true,
PRJ-0061,TSK-000915,Train data model 7,Completed,Aperture LLC - Phase 1 Implementation,PHS-00177,Getting Started,Hana Kaya,,2026-03-02,2026-03-24,34.87,,,,Configure report 6,,,,,2026-03-02,2026-03-27,0.00,,true,Program Management
PRJ-0061,TSK-000916,Review data model 8,In progress,Aperture LLC - Phase 1 Implementation,PHS-00177,Getting Started,Hana Kaya,,2026-03-03,2026-03-14,0.00,,,,Train data model 7,,,,,2026-03-03,,0.00,,true,Program Management
PRJ-0061,TSK-000917,Review report 9,To do,Aperture LLC - Phase 1 Implementation,PHS-00177,Getting Started,,,2026-03-04,2026-03-12,12.32,,,,Review data model 8,,,,,,,0.00,,false,Test Execution
PRJ-0061,TSK-000918,Review integration 10,To do,Aperture LLC - Phase 1 Implementation,PHS-00177,Getting Started,Priya Sato,,2026-03-05,2026-03-24,0.00,,,,Review report 9,,,,,,,0.00,,true,Test Execution
PRJ-0061,TSK-000919,Configure integration 11,In progress,Aperture LLC - Phase 1 Implementation,PHS-00178,Initiate,Hana Kaya,,2026-03-06,2026-03-18,0.00,,,,Review integration 10,,,,,2026-03-06,,0.00,,true,Program Management
PRJ-0061,TSK-000920,Validate permission set 12,To do,Aperture LLC - Phase 1 Implementation,PHS-00177,Getting Started,Hana Kaya,,2026-03-07,2026-03-21,0.00,,,,Configure integration 11,,,,,,,0.00,,true,Test Execution
PRJ-0061,TSK-000921,Audit permission set 13,Completed,Aperture LLC - Phase 1 Implementation,PHS-00177,Getting Started,Hana Kaya,,2026-03-08,2026-04-02,35.89,,,,"Validate integration 1, Review report 9",,,,,2026-03-08,2026-04-07,0.00,,true,Build and Deployment
PRJ-0061,TSK-000922,Configure integration 14,Completed,Aperture LLC - Phase 1 Implementation,PHS-00177,Getting Started,Elena Sato,,2026-03-09,2026-03-31,0.47,,,,,,,,,2026-03-09,2026-04-04,0.00,,true,Discovery
PRJ-0061,TSK-000923,Review playbook 15,To do,Aperture LLC - Phase 1 Implementation,PHS-00178,Initiate,,,2026-03-10,2026-03-19,0.00,,,,"Train data model 7, Configure integration 14",,,,,,,0.00,,true,Discovery
PRJ-0061,TSK-000924,Audit playbook 16,Blocked,Aperture LLC - Phase 1 Implementation,PHS-00177,Getting Started,Sofia Berg,,2026-03-11,2026-03-30,0.00,,,,"Audit permission set 5, Train data model 7, Review data model 8, Configure integration 11, Audit permission set 13",,,,,,,0.00,,true,
PRJ-0061,TSK-000925,Document integration 17,In progress,Aperture LLC - Phase 1 Implementation,PHS-00178,Initiate,Priya Sato,,2026-03-12,2026-03-20,30.98,,,,"Validate integration 1, Train environment 4, Review data model 8, Audit permission set 13, Configure integration 14, Review playbook 15",,,,,2026-03-12,,0.00,,true,Test Execution
PRJ-0061,TSK-000926,Document permission set 18,Completed,Aperture LLC - Phase 1 Implementation,PHS-00177,Getting Started,,,2026-03-13,2026-03-29,7.00,,,,,,,,,2026-03-13,2026-03-23,0.00,,true,Program Management
PRJ-0061,TSK-000927,Validate permission set 19,Completed,Aperture LLC - Phase 1 Implementation,PHS-00177,Getting Started,,,2026-03-14,2026-03-17,0.00,true,,,,,,,,2026-03-14,2026-03-20,0.00,,false,Project Setup
PRJ-0062,TSK-000928,Deploy workflow 1,Completed,Contoso Inc - Phase 2 Rollout,PHS-00182,Configure & Build,Amara Berg,,2026-06-21,2026-07-04,8.17,,,,,,,,,2026-06-21,2026-07-01,0.00,,true,Discovery
PRJ-0062,TSK-000929,Migrate playbook 2,NA,Contoso Inc - Phase 2 Rollout,PHS-00181,Discover & Design,Lena Sato,,2026-06-22,2026-07-13,0.00,,,,Deploy workflow 1,,,,,,,0.00,,true,Transition
PRJ-0062,TSK-000930,Migrate template 3,Completed,Contoso Inc - Phase 2 Rollout,PHS-00180,Initiate,Lena Sato,,2026-06-23,2026-07-12,15.62,,,,Migrate playbook 2,,,,,2026-06-23,2026-07-04,0.00,,true,Discovery
PRJ-0062,TSK-000931,Audit workflow 4,To do,Contoso Inc - Phase 2 Rollout,PHS-00181,Discover & Design,Amara Berg,,2026-06-24,2026-07-21,0.00,,,,Migrate template 3,,,,,,,0.00,,true,
PRJ-0062,TSK-000932,Train integration 5,Completed,Contoso Inc - Phase 2 Rollout,PHS-00179,Getting Started,,,2026-06-25,2026-07-21,24.85,,,,Audit workflow 4,,,,,2026-06-25,2026-06-29,0.00,,true,Discovery
PRJ-0062,TSK-000933,Configure workflow 6,Completed,Contoso Inc - Phase 2 Rollout,PHS-00181,Discover & Design,Amara Berg,,2026-06-26,2026-07-25,21.92,,,,Train integration 5,,,,,2026-06-26,2026-07-13,0.00,,true,Test Execution
PRJ-0062,TSK-000934,Validate playbook 7,To do,Contoso Inc - Phase 2 Rollout,PHS-00179,Getting Started,Lena Sato,,2026-06-27,2026-07-03,0.00,,,,Configure workflow 6,,,,,,,0.00,,true,Transition
PRJ-0062,TSK-000935,Review integration 8,To do,Contoso Inc - Phase 2 Rollout,PHS-00179,Getting Started,Amara Berg,,2026-06-28,2026-07-24,34.86,,,,Validate playbook 7,,,,,,,0.00,,true,Discovery
PRJ-0062,TSK-000936,Configure data model 9,Completed,Contoso Inc - Phase 2 Rollout,PHS-00180,Initiate,Amara Berg,,2026-06-29,2026-07-29,28.57,,,,Review integration 8,,,,,2026-06-29,2026-07-12,0.00,,true,
PRJ-0062,TSK-000937,Review template 10,Completed,Contoso Inc - Phase 2 Rollout,PHS-00182,Configure & Build,,,2026-06-30,2026-07-20,23.09,,,,Configure data model 9,,,,,2026-06-30,2026-07-20,0.00,,false,Discovery
PRJ-0062,TSK-000938,Document workflow 11,Completed,Contoso Inc - Phase 2 Rollout,PHS-00182,Configure & Build,Lena Sato,,2026-07-01,2026-07-27,7.88,,,,Review template 10,,,,,2026-07-01,2026-07-20,0.00,,true,Transition
PRJ-0062,TSK-000939,Migrate integration 12,Completed,Contoso Inc - Phase 2 Rollout,PHS-00179,Getting Started,,,2026-07-02,2026-07-11,0.00,,,,Document workflow 11,,,,,2026-07-02,2026-07-17,0.00,,true,Transition
PRJ-0062,TSK-000940,Review environment 13,To do,Contoso Inc - Phase 2 Rollout,PHS-00181,Discover & Design,Lena Sato,,2026-07-03,2026-07-30,21.31,,,,"Deploy workflow 1, Configure workflow 6",,,,,,,0.00,,false,Discovery
PRJ-0062,TSK-000941,Validate integration 14,In progress,Contoso Inc - Phase 2 Rollout,PHS-00180,Initiate,Lena Sato,,2026-07-04,2026-07-15,0.00,,,,"Migrate playbook 2, Document workflow 11",,,,,2026-07-04,,0.00,,true,Test Execution
PRJ-0062,TSK-000942,Review data model 15,Completed,Contoso Inc - Phase 2 Rollout,PHS-00180,Initiate,Lena Sato,,2026-07-05,2026-08-02,22.18,,,,"Train integration 5, Validate playbook 7",,,,,2026-07-05,2026-07-18,0.00,,true,Test Execution
PRJ-0062,TSK-000943,Review integration 16,To do,Contoso Inc - Phase 2 Rollout,PHS-00182,Configure & Build,Amara Berg,,2026-07-06,2026-07-23,37.11,true,,,,,,,,,,0.00,,true,Program Management
PRJ-0063,TSK-000944,Document data model 1,Completed,Soylent Group - CLM Implementation,PHS-00183,Getting Started,Tomas Novak,,2026-04-05,2026-04-29,23.86,,,,,,,,,2026-04-05,2026-04-21,0.00,,true,Program Management
PRJ-0063,TSK-000945,Review permission set 2,Completed,Soylent Group - CLM Implementation,PHS-00184,Initiate,Tomas Novak,,2026-04-06,2026-04-19,10.33,,,,Document data model 1,,,,,2026-04-06,2026-04-27,0.00,,true,Discovery
PRJ-0063,TSK-000946,Audit environment 3,Completed,Soylent Group - CLM Implementation,PHS-00183,Getting Started,Tomas Novak,,2026-04-07,2026-04-30,17.53,,,,Review permission set 2,,,,,2026-04-07,2026-04-30,0.00,,true,Build and Deployment
PRJ-0063,TSK-000947,Deploy environment 4,To do,Soylent Group - CLM Implementation,PHS-00186,Configure & Build,Ingrid Sato,,2026-04-08,2026-05-06,2.73,,,,Audit environment 3,,,,,,,0.00,,true,Build and Deployment
PRJ-0063,TSK-000948,Validate permission set 5,To do,Soylent Group - CLM Implementation,PHS-00183,Getting Started,Tomas Novak,,2026-04-09,2026-04-30,25.68,,,,Deploy environment 4,,,,,,,0.00,,false,Test Execution
PRJ-0063,TSK-000949,Deploy integration 6,To do,Soylent Group - CLM Implementation,PHS-00186,Configure & Build,,,2026-04-10,2026-04-11,37.02,,,,Validate permission set 5,,,,,,,0.00,,true,Build and Deployment
PRJ-0063,TSK-000950,Deploy workflow 7,Completed,Soylent Group - CLM Implementation,PHS-00186,Configure & Build,Marco Diallo,,2026-04-11,2026-05-01,0.00,,,,Deploy integration 6,,,,,2026-04-11,2026-04-24,0.00,,true,Program Management
PRJ-0063,TSK-000951,Review environment 8,Completed,Soylent Group - CLM Implementation,PHS-00184,Initiate,Mei Sato,,2026-04-12,2026-04-28,6.88,,,,Deploy workflow 7,,,,,2026-04-12,2026-04-22,0.00,,true,Program Management
PRJ-0063,TSK-000952,Train workflow 9,To do,Soylent Group - CLM Implementation,PHS-00184,Initiate,Marco Diallo,,2026-04-13,2026-04-18,31.56,,,,Review environment 8,,,,,,,0.00,,true,Transition
PRJ-0063,TSK-000953,Document permission set 10,To do,Soylent Group - CLM Implementation,PHS-00183,Getting Started,,,2026-04-14,2026-05-13,0.00,,,,Train workflow 9,,,,,,,0.00,,true,
PRJ-0063,TSK-000954,Validate template 11,Completed,Soylent Group - CLM Implementation,PHS-00185,Discover & Design,,,2026-04-15,2026-05-15,8.76,,,,Document permission set 10,,,,,2026-04-15,2026-04-17,0.00,,true,Test Execution
PRJ-0063,TSK-000955,Configure environment 12,To do,Soylent Group - CLM Implementation,PHS-00186,Configure & Build,Marco Diallo,,2026-04-16,2026-04-20,0.00,,,,Validate template 11,,,,,,,0.00,,false,Discovery
PRJ-0063,TSK-000956,Validate integration 13,In progress,Soylent Group - CLM Implementation,PHS-00184,Initiate,Hana Kaya,,2026-04-17,2026-05-06,30.33,,,,,,,,,2026-04-17,,0.00,,false,
PRJ-0063,TSK-000957,Review data model 14,To do,Soylent Group - CLM Implementation,PHS-00183,Getting Started,,,2026-04-18,2026-04-28,0.00,,,,,,,,,,,0.00,,true,Build and Deployment
PRJ-0063,TSK-000958,Configure template 15,Completed,Soylent Group - CLM Implementation,PHS-00186,Configure & Build,Mei Sato,,2026-04-19,2026-05-16,27.43,,,,"Deploy environment 4, Review environment 8, Train workflow 9, Validate template 11, Review data model 14",,,,,2026-04-19,2026-05-07,0.00,,true,Program Management
PRJ-0063,TSK-000959,Validate template 16,Completed,Soylent Group - CLM Implementation,PHS-00185,Discover & Design,Noah Diallo,,2026-04-20,2026-04-27,12.07,,,,Validate integration 13,,,,,2026-04-20,2026-05-20,0.00,,true,Test Execution
PRJ-0063,TSK-000960,Configure integration 17,To do,Soylent Group - CLM Implementation,PHS-00183,Getting Started,Mei Sato,,2026-04-21,2026-05-13,0.00,,,,"Train workflow 9, Review data model 14",,,,,,,0.00,,true,Transition
PRJ-0063,TSK-000961,Validate environment 18,To do,Soylent Group - CLM Implementation,PHS-00185,Discover & Design,Tomas Novak,,2026-04-22,2026-05-18,0.00,,,,"Audit environment 3, Document permission set 10, Validate integration 13, Configure integration 17",,,,,,,0.00,,true,Transition
PRJ-0063,TSK-000962,Train template 19,Completed,Soylent Group - CLM Implementation,PHS-00185,Discover & Design,Marco Diallo,,2026-04-23,2026-04-29,0.00,,,,"Deploy workflow 7, Train workflow 9",,,,,2026-04-23,2026-04-27,0.00,,true,Project Setup
PRJ-0063,TSK-000963,Document template 20,To do,Soylent Group - CLM Implementation,PHS-00185,Discover & Design,Tomas Novak,,2026-04-24,2026-05-24,0.00,,,,"Review data model 14, Train template 19",,,,,,,0.00,,false,Build and Deployment
PRJ-0063,TSK-000964,Validate permission set 21,In progress,Soylent Group - CLM Implementation,PHS-00184,Initiate,Marco Diallo,,2026-04-25,2026-05-09,12.66,true,,,"Audit environment 3, Deploy environment 4, Validate template 11, Validate integration 13",,,,,2026-04-25,,0.00,,true,Transition
PRJ-0063,TSK-000965,Validate data model 22,To do,Soylent Group - CLM Implementation,PHS-00184,Initiate,Ingrid Sato,,2026-04-26,2026-05-05,0.00,true,,,Document template 20,,,,,,,0.00,,true,Build and Deployment
PRJ-0064,TSK-000966,Review environment 1,Completed,Cyberdyne Group - Migration,PHS-00188,Initiate,,,2026-04-05,2026-04-25,11.53,,,,,,,,,2026-04-05,2026-05-03,0.00,,true,Build and Deployment
PRJ-0064,TSK-000967,Validate playbook 2,To do,Cyberdyne Group - Migration,PHS-00188,Initiate,,,2026-04-06,2026-04-26,5.54,,,,Review environment 1,,,,,,,0.00,,true,Discovery
PRJ-0064,TSK-000968,Validate template 3,Completed,Cyberdyne Group - Migration,PHS-00188,Initiate,Tomas Sato,,2026-04-07,2026-04-26,4.91,,,,Validate playbook 2,,,,,2026-04-07,2026-04-18,0.00,,false,Project Setup
PRJ-0064,TSK-000969,Document playbook 4,In progress,Cyberdyne Group - Migration,PHS-00188,Initiate,Zara Kaya,,2026-04-08,2026-05-05,0.00,,,,Validate template 3,,,,,2026-04-08,,0.00,,true,Program Management
PRJ-0064,TSK-000970,Audit environment 5,To do,Cyberdyne Group - Migration,PHS-00187,Getting Started,,,2026-04-09,2026-04-16,12.02,,,,Document playbook 4,,,,,,,0.00,,true,
PRJ-0064,TSK-000971,Audit environment 6,Blocked,Cyberdyne Group - Migration,PHS-00188,Initiate,Tomas Sato,,2026-04-10,2026-04-23,28.93,,,,Audit environment 5,,,,,,,0.00,,true,Project Setup
PRJ-0064,TSK-000972,Train environment 7,To do,Cyberdyne Group - Migration,PHS-00187,Getting Started,Lena Sato,,2026-04-11,2026-04-19,9.23,,,,Audit environment 6,,,,,,,0.00,,true,Test Execution
PRJ-0064,TSK-000973,Validate template 8,Completed,Cyberdyne Group - Migration,PHS-00187,Getting Started,,,2026-04-12,2026-04-28,10.27,,,,Train environment 7,,,,,2026-04-12,2026-05-03,0.00,,true,Discovery
PRJ-0064,TSK-000974,Migrate environment 9,To do,Cyberdyne Group - Migration,PHS-00187,Getting Started,Tomas Novak,,2026-04-13,2026-05-10,0.00,,,,Validate template 8,,,,,,,0.00,,false,Test Execution
PRJ-0064,TSK-000975,Deploy environment 10,Completed,Cyberdyne Group - Migration,PHS-00188,Initiate,Zara Kaya,,2026-04-14,2026-04-27,6.14,,,,Migrate environment 9,,,,,2026-04-14,2026-05-09,0.00,,true,
PRJ-0064,TSK-000976,Train template 11,In progress,Cyberdyne Group - Migration,PHS-00188,Initiate,Tomas Sato,,2026-04-15,2026-05-11,21.17,,,,Deploy environment 10,,,,,2026-04-15,,0.00,,true,Discovery
PRJ-0064,TSK-000977,Train workflow 12,To do,Cyberdyne Group - Migration,PHS-00187,Getting Started,,,2026-04-16,2026-04-28,0.00,,,,Train template 11,,,,,,,0.00,,true,Transition
PRJ-0064,TSK-000978,Configure environment 13,Completed,Cyberdyne Group - Migration,PHS-00187,Getting Started,Marco Sato,,2026-04-17,2026-05-01,2.54,,,,,,,,,2026-04-17,2026-04-26,0.00,,false,Build and Deployment
PRJ-0064,TSK-000979,Review report 14,In progress,Cyberdyne Group - Migration,PHS-00187,Getting Started,Lena Sato,,2026-04-18,2026-04-25,5.52,,,,,TSK-000970,Audit environment 5,,,2026-04-18,,0.00,,true,Test Execution
PRJ-0064,TSK-000980,Train integration 15,Completed,Cyberdyne Group - Migration,PHS-00187,Getting Started,Marco Sato,,2026-04-19,2026-05-17,38.05,,,,"Document playbook 4, Migrate environment 9, Configure environment 13",,,,,2026-04-19,2026-04-22,0.00,,true,
PRJ-0064,TSK-000981,Review environment 16,Blocked,Cyberdyne Group - Migration,PHS-00187,Getting Started,Tomas Sato,,2026-04-20,2026-05-13,19.66,,,,,,,,,,,0.00,,true,
PRJ-0064,TSK-000982,Audit integration 17,To do,Cyberdyne Group - Migration,PHS-00187,Getting Started,Tomas Novak,,2026-04-21,2026-05-06,0.00,,,,,,,,,,,0.00,,true,Test Execution
PRJ-0064,TSK-000983,Migrate report 18,Completed,Cyberdyne Group - Migration,PHS-00188,Initiate,Tomas Sato,,2026-04-22,2026-04-23,29.14,,,,"Validate playbook 2, Document playbook 4, Train template 11",,,,,2026-04-22,2026-05-04,0.00,,false,
PRJ-0064,TSK-000984,Configure workflow 19,Blocked,Cyberdyne Group - Migration,PHS-00188,Initiate,Zara Kaya,,2026-04-23,2026-04-30,0.00,,,,"Validate template 8, Migrate environment 9, Configure environment 13",,,,,,,0.00,,true,Project Setup
PRJ-0064,TSK-000985,Configure data model 20,To do,Cyberdyne Group - Migration,PHS-00187,Getting Started,Marco Sato,,2026-04-24,2026-05-02,0.16,,,,,,,,,,,0.00,,false,
PRJ-0064,TSK-000986,Migrate playbook 21,In progress,Cyberdyne Group - Migration,PHS-00188,Initiate,Lena Sato,,2026-04-25,2026-05-11,19.28,,,,,,,,,2026-04-25,,0.00,,true,Project Setup
PRJ-0064,TSK-000987,Review integration 22,To do,Cyberdyne Group - Migration,PHS-00187,Getting Started,Marco Sato,,2026-04-26,2026-05-03,0.70,,,,"Review environment 1, Validate playbook 2, Train template 11, Review report 14, Review environment 16, Configure data model 20",,,,,,,0.00,,true,Project Setup
PRJ-0064,TSK-000988,Configure report 23,Blocked,Cyberdyne Group - Migration,PHS-00188,Initiate,,,2026-04-27,2026-05-15,38.75,,,,"Migrate environment 9, Train template 11, Configure environment 13, Train integration 15, Configure workflow 19",,,,,,,0.00,,true,Build and Deployment
PRJ-0064,TSK-000989,Review environment 24,Blocked,Cyberdyne Group - Migration,PHS-00187,Getting Started,,,2026-04-28,2026-05-04,0.00,,,,"Document playbook 4, Audit environment 5, Migrate environment 9, Review environment 16, Migrate playbook 21",,,,,,,0.00,,true,Discovery
PRJ-0064,TSK-000990,Configure integration 25,Completed,Cyberdyne Group - Migration,PHS-00187,Getting Started,Tomas Sato,,2026-04-29,2026-05-03,24.24,,,,Configure data model 20,,,,,2026-04-29,2026-05-29,0.00,,true,Program Management
PRJ-0064,TSK-000991,Audit workflow 26,Completed,Cyberdyne Group - Migration,PHS-00187,Getting Started,Tomas Sato,,2026-04-30,2026-05-13,17.81,,,,"Validate template 3, Migrate environment 9",,,,,2026-04-30,2026-05-21,0.00,,true,Program Management
PRJ-0064,TSK-000992,Document environment 27,Completed,Cyberdyne Group - Migration,PHS-00187,Getting Started,,,2026-05-01,2026-05-22,24.74,,,,,,,,,2026-05-01,2026-05-26,0.00,,true,Transition
PRJ-0064,TSK-000993,Migrate report 28,Completed,Cyberdyne Group - Migration,PHS-00188,Initiate,Marco Sato,,2026-05-02,2026-05-27,2.01,true,,,,,,,,2026-05-02,2026-05-31,0.00,,true,Build and Deployment
PRJ-0064,TSK-000994,Train data model 29,To do,Cyberdyne Group - Migration,PHS-00188,Initiate,,,2026-05-03,2026-05-14,23.82,true,,,"Validate template 3, Configure integration 25",,,,,,,0.00,,true,Program Management
PRJ-0065,TSK-000995,Audit data model 1,NA,Vandelay LLC - Enterprise Rollout,PHS-00194,Transfer,Hana Rossi,,2026-01-10,2026-01-11,0.00,,,,,,,,,,,0.00,,true,Test Execution
PRJ-0065,TSK-000996,Migrate template 2,To do,Vandelay LLC - Enterprise Rollout,PHS-00189,Getting Started,Hana Rossi,,2026-01-11,2026-01-24,33.53,,,,Audit data model 1,,,,,,,0.00,,true,Build and Deployment
PRJ-0065,TSK-000997,Audit report 3,Completed,Vandelay LLC - Enterprise Rollout,PHS-00189,Getting Started,Hana Rossi,,2026-01-12,2026-01-26,31.35,,,,Migrate template 2,,,,,2026-01-12,2026-01-30,0.00,,true,Program Management
PRJ-0065,TSK-000998,Document template 4,To do,Vandelay LLC - Enterprise Rollout,PHS-00189,Getting Started,Hana Rossi,,2026-01-13,2026-02-06,21.38,,,,Audit report 3,,,,,,,0.00,,true,Discovery
PRJ-0065,TSK-000999,Migrate integration 5,To do,Vandelay LLC - Enterprise Rollout,PHS-00191,Discover & Design,Hana Rossi,,2026-01-14,2026-02-03,25.18,,,,Document template 4,,,,,,,0.00,,true,Program Management
PRJ-0065,TSK-001000,Deploy permission set 6,Completed,Vandelay LLC - Enterprise Rollout,PHS-00192,Configure & Build,Hana Rossi,,2026-01-15,2026-02-12,21.38,,,,Migrate integration 5,,,,,2026-01-15,2026-01-23,0.00,,false,
PRJ-0065,TSK-001001,Audit workflow 7,Completed,Vandelay LLC - Enterprise Rollout,PHS-00194,Transfer,Hana Rossi,,2026-01-16,2026-02-05,20.21,,,,Deploy permission set 6,,,,,2026-01-16,2026-01-21,0.00,,true,Program Management
PRJ-0065,TSK-001002,Validate integration 8,To do,Vandelay LLC - Enterprise Rollout,PHS-00189,Getting Started,,,2026-01-17,2026-02-11,0.00,,,,Audit workflow 7,,,,,,,0.00,,true,Program Management
PRJ-0065,TSK-001003,Deploy playbook 9,Completed,Vandelay LLC - Enterprise Rollout,PHS-00194,Transfer,,,2026-01-18,2026-02-12,35.25,,,,Validate integration 8,,,,,2026-01-18,2026-01-31,0.00,,false,Project Setup
PRJ-0065,TSK-001004,Review playbook 10,To do,Vandelay LLC - Enterprise Rollout,PHS-00190,Initiate,,,2026-01-19,2026-02-16,0.00,,,,Deploy playbook 9,,,,,,,0.00,,false,Program Management
PRJ-0065,TSK-001005,Deploy environment 11,To do,Vandelay LLC - Enterprise Rollout,PHS-00190,Initiate,Hana Rossi,,2026-01-20,2026-02-15,28.64,,,,Review playbook 10,,,,,,,0.00,,true,Program Management
PRJ-0065,TSK-001006,Train environment 12,To do,Vandelay LLC - Enterprise Rollout,PHS-00191,Discover & Design,,,2026-01-21,2026-02-06,1.44,,,,Deploy environment 11,,,,,,,0.00,,true,Test Execution
PRJ-0065,TSK-001007,Review permission set 13,To do,Vandelay LLC - Enterprise Rollout,PHS-00194,Transfer,,,2026-01-22,2026-02-20,15.91,,,,,,,,,,,0.00,,false,Test Execution
PRJ-0065,TSK-001008,Audit workflow 14,In progress,Vandelay LLC - Enterprise Rollout,PHS-00192,Configure & Build,,,2026-01-23,2026-02-19,16.34,true,,,"Audit data model 1, Audit workflow 7, Review playbook 10",,,,,2026-01-23,,0.00,,true,
PRJ-0066,TSK-001009,Review environment 1,Completed,Tyrell GmbH - Phase 1 Implementation,PHS-00195,Getting Started,Amara Diallo,,2026-04-25,2026-05-14,0.00,,,,,,,,,2026-04-25,2026-04-27,0.00,,false,Program Management
PRJ-0066,TSK-001010,Configure permission set 2,Completed,Tyrell GmbH - Phase 1 Implementation,PHS-00196,Initiate,Lena Sato,,2026-04-26,2026-05-11,14.70,,,,Review environment 1,,,,,2026-04-26,2026-05-03,0.00,,true,Transition
PRJ-0066,TSK-001011,Review permission set 3,Completed,Tyrell GmbH - Phase 1 Implementation,PHS-00196,Initiate,Lena Rossi,,2026-04-27,2026-05-01,13.86,,,,Configure permission set 2,,,,,2026-04-27,2026-05-10,0.00,,true,Program Management
PRJ-0066,TSK-001012,Migrate data model 4,Completed,Tyrell GmbH - Phase 1 Implementation,PHS-00197,Discover & Design,Amara Diallo,,2026-04-28,2026-05-25,15.76,,,,Review permission set 3,,,,,2026-04-28,2026-05-15,0.00,,true,
PRJ-0066,TSK-001013,Validate permission set 5,NA,Tyrell GmbH - Phase 1 Implementation,PHS-00200,Transfer,Lena Sato,,2026-04-29,2026-05-22,0.00,,,,Migrate data model 4,,,,,,,0.00,,true,Project Setup
PRJ-0066,TSK-001014,Document data model 6,Completed,Tyrell GmbH - Phase 1 Implementation,PHS-00200,Transfer,Yusuf Diallo,,2026-04-30,2026-05-22,17.38,,,,Validate permission set 5,,,,,2026-04-30,2026-05-08,0.00,,true,Project Setup
PRJ-0066,TSK-001015,Configure workflow 7,To do,Tyrell GmbH - Phase 1 Implementation,PHS-00197,Discover & Design,Amara Diallo,,2026-05-01,2026-05-13,0.00,,,,Document data model 6,,,,,,,0.00,,true,Test Execution
PRJ-0066,TSK-001016,Migrate permission set 8,In progress,Tyrell GmbH - Phase 1 Implementation,PHS-00196,Initiate,Amara Diallo,,2026-05-02,2026-05-06,22.83,,,,Configure workflow 7,,,,,2026-05-02,,0.00,,true,
PRJ-0066,TSK-001017,Deploy integration 9,Completed,Tyrell GmbH - Phase 1 Implementation,PHS-00196,Initiate,,,2026-05-03,2026-05-21,21.29,,,,Migrate permission set 8,,,,,2026-05-03,2026-05-09,0.00,,true,Transition
PRJ-0066,TSK-001018,Audit permission set 10,In progress,Tyrell GmbH - Phase 1 Implementation,PHS-00199,Test,Yusuf Diallo,,2026-05-04,2026-05-09,0.00,,,,Deploy integration 9,,,,,2026-05-04,,0.00,,true,Discovery
PRJ-0066,TSK-001019,Configure environment 11,Completed,Tyrell GmbH - Phase 1 Implementation,PHS-00198,Configure & Build,Amara Diallo,,2026-05-05,2026-05-07,0.13,,,,Audit permission set 10,,,,,2026-05-05,2026-05-21,0.00,,false,Test Execution
PRJ-0066,TSK-001020,Validate environment 12,Completed,Tyrell GmbH - Phase 1 Implementation,PHS-00197,Discover & Design,Lena Rossi,,2026-05-06,2026-05-19,36.27,,,,Configure environment 11,,,,,2026-05-06,2026-06-03,0.00,,true,Project Setup
PRJ-0066,TSK-001021,Train environment 13,To do,Tyrell GmbH - Phase 1 Implementation,PHS-00197,Discover & Design,Lena Sato,,2026-05-07,2026-05-14,0.00,,,,"Migrate data model 4, Validate permission set 5, Document data model 6, Audit permission set 10",,,,,,,0.00,,false,Transition
PRJ-0066,TSK-001022,Audit environment 14,Completed,Tyrell GmbH - Phase 1 Implementation,PHS-00195,Getting Started,Lena Rossi,,2026-05-08,2026-05-14,0.00,,,,"Review environment 1, Review permission set 3, Deploy integration 9, Train environment 13",,,,,2026-05-08,2026-05-20,0.00,,true,Transition
PRJ-0066,TSK-001023,Document permission set 15,Completed,Tyrell GmbH - Phase 1 Implementation,PHS-00198,Configure & Build,Amara Diallo,,2026-05-09,2026-05-20,34.85,,,,,,,,,2026-05-09,2026-06-05,0.00,,false,
PRJ-0066,TSK-001024,Validate permission set 16,Completed,Tyrell GmbH - Phase 1 Implementation,PHS-00198,Configure & Build,Amara Diallo,,2026-05-10,2026-05-29,38.05,,,,,,,,,2026-05-10,2026-05-18,0.00,,false,Project Setup
PRJ-0066,TSK-001025,Review playbook 17,Completed,Tyrell GmbH - Phase 1 Implementation,PHS-00196,Initiate,,,2026-05-11,2026-05-31,29.08,,,,,,,,,2026-05-11,2026-05-14,0.00,,true,Program Management
PRJ-0066,TSK-001026,Deploy template 18,Completed,Tyrell GmbH - Phase 1 Implementation,PHS-00198,Configure & Build,Amara Diallo,,2026-05-12,2026-05-15,34.70,true,,,,,,,,2026-05-12,2026-06-05,0.00,,true,Program Management
PRJ-0067,TSK-001027,Deploy integration 1,To do,Vandelay Group - CLM Implementation,PHS-00201,Getting Started,Lena Kaya,,2026-04-17,2026-04-24,2.50,,,,,,,,,,,0.00,,true,Test Execution
PRJ-0067,TSK-001028,Deploy data model 2,Completed,Vandelay Group - CLM Implementation,PHS-00205,Test,,,2026-04-18,2026-04-29,6.19,,,,Deploy integration 1,,,,,2026-04-18,2026-05-03,0.00,,false,Project Setup
PRJ-0067,TSK-001029,Deploy integration 3,To do,Vandelay Group - CLM Implementation,PHS-00203,Discover & Design,,,2026-04-19,2026-04-27,32.16,,,,Deploy data model 2,,,,,,,0.00,,false,
PRJ-0067,TSK-001030,Train playbook 4,In progress,Vandelay Group - CLM Implementation,PHS-00206,Transfer,,,2026-04-20,2026-05-10,0.62,,,,Deploy integration 3,,,,,2026-04-20,,0.00,,false,Test Execution
PRJ-0067,TSK-001031,Document environment 5,Completed,Vandelay Group - CLM Implementation,PHS-00203,Discover & Design,,,2026-04-21,2026-04-25,0.00,,,,Train playbook 4,,,,,2026-04-21,2026-05-09,0.00,,true,Program Management
PRJ-0067,TSK-001032,Review permission set 6,Completed,Vandelay Group - CLM Implementation,PHS-00201,Getting Started,Arjun Sato,,2026-04-22,2026-05-16,32.89,,,,Document environment 5,,,,,2026-04-22,2026-05-18,0.00,,true,Discovery
PRJ-0067,TSK-001033,Document permission set 7,To do,Vandelay Group - CLM Implementation,PHS-00202,Initiate,Marco Sato,,2026-04-23,2026-05-21,3.43,,,,Review permission set 6,,,,,,,0.00,,true,Discovery
PRJ-0067,TSK-001034,Deploy playbook 8,In progress,Vandelay Group - CLM Implementation,PHS-00205,Test,Arjun Sato,,2026-04-24,2026-05-21,6.54,,,,Document permission set 7,,,,,2026-04-24,,0.00,,false,Program Management
PRJ-0067,TSK-001035,Audit permission set 9,Completed,Vandelay Group - CLM Implementation,PHS-00203,Discover & Design,,,2026-04-25,2026-05-12,10.97,,,,Deploy playbook 8,,,,,2026-04-25,2026-05-03,0.00,,true,Program Management
PRJ-0067,TSK-001036,Audit template 10,To do,Vandelay Group - CLM Implementation,PHS-00201,Getting Started,Lena Kaya,,2026-04-26,2026-05-26,0.00,,,,Audit permission set 9,,,,,,,0.00,,true,Discovery
PRJ-0067,TSK-001037,Review permission set 11,To do,Vandelay Group - CLM Implementation,PHS-00203,Discover & Design,Tomas Sato,,2026-04-27,2026-05-04,26.53,,,,Audit template 10,,,,,,,0.00,,true,Transition
PRJ-0067,TSK-001038,Validate template 12,NA,Vandelay Group - CLM Implementation,PHS-00205,Test,Tomas Sato,,2026-04-28,2026-05-17,13.11,,,,Review permission set 11,,,,,,,0.00,,true,Test Execution
PRJ-0067,TSK-001039,Review report 13,To do,Vandelay Group - CLM Implementation,PHS-00202,Initiate,Lena Kaya,,2026-04-29,2026-05-23,0.00,,,,,,,,,,,0.00,,true,Discovery
PRJ-0067,TSK-001040,Deploy report 14,Completed,Vandelay Group - CLM Implementation,PHS-00206,Transfer,Lena Kaya,,2026-04-30,2026-05-02,18.02,,,,,,,,,2026-04-30,2026-05-02,0.00,,true,Test Execution
PRJ-0067,TSK-001041,Configure playbook 15,To do,Vandelay Group - CLM Implementation,PHS-00201,Getting Started,Lena Kaya,,2026-05-01,2026-05-25,14.29,,,,"Deploy integration 3, Document environment 5, Review permission set 11, Deploy report 14",,,,,,,0.00,,false,Discovery
PRJ-0067,TSK-001042,Deploy workflow 16,In progress,Vandelay Group - CLM Implementation,PHS-00202,Initiate,Lena Kaya,,2026-05-02,2026-05-08,36.04,,,,,,,,,2026-05-02,,0.00,,true,Program Management
PRJ-0067,TSK-001043,Migrate template 17,In progress,Vandelay Group - CLM Implementation,PHS-00206,Transfer,Tomas Sato,,2026-05-03,2026-05-05,28.81,,,,"Deploy integration 1, Train playbook 4, Review permission set 6, Audit template 10",,,,,2026-05-03,,0.00,,true,Program Management
PRJ-0067,TSK-001044,Audit data model 18,Completed,Vandelay Group - CLM Implementation,PHS-00205,Test,Tomas Sato,,2026-05-04,2026-05-08,38.02,,,,"Deploy data model 2, Deploy integration 3, Migrate template 17",,,,,2026-05-04,2026-05-18,0.00,,false,Discovery
PRJ-0067,TSK-001045,Audit workflow 19,To do,Vandelay Group - CLM Implementation,PHS-00204,Configure & Build,Arjun Sato,,2026-05-05,2026-06-03,0.00,,,,Document permission set 7,,,,,,,0.00,,true,Program Management
PRJ-0067,TSK-001046,Configure integration 20,To do,Vandelay Group - CLM Implementation,PHS-00204,Configure & Build,Marco Sato,,2026-05-06,2026-05-31,0.00,,,,"Deploy data model 2, Audit workflow 19",,,,,,,0.00,,true,Build and Deployment
PRJ-0067,TSK-001047,Deploy data model 21,To do,Vandelay Group - CLM Implementation,PHS-00204,Configure & Build,Zara Novak,,2026-05-07,2026-06-01,20.12,,,,Review report 13,,,,,,,0.00,,true,Transition
PRJ-0067,TSK-001048,Deploy workflow 22,Completed,Vandelay Group - CLM Implementation,PHS-00201,Getting Started,,,2026-05-08,2026-05-10,8.71,,,,Audit template 10,,,,,2026-05-08,2026-05-14,0.00,,true,Project Setup
PRJ-0067,TSK-001049,Configure workflow 23,To do,Vandelay Group - CLM Implementation,PHS-00202,Initiate,Lena Kaya,,2026-05-09,2026-06-07,22.33,,,,"Train playbook 4, Document permission set 7, Review permission set 11, Deploy report 14, Deploy workflow 16",,,,,,,0.00,,false,Program Management
PRJ-0067,TSK-001050,Train workflow 24,To do,Vandelay Group - CLM Implementation,PHS-00201,Getting Started,Arjun Sato,,2026-05-10,2026-05-16,27.62,,,,"Deploy data model 2, Deploy integration 3",,,,,,,0.00,,true,Program Management
PRJ-0067,TSK-001051,Configure permission set 25,To do,Vandelay Group - CLM Implementation,PHS-00204,Configure & Build,Tomas Sato,,2026-05-11,2026-05-28,31.79,true,,,,,,,,,,0.00,,true,Test Execution
PRJ-0067,TSK-001052,Migrate report 26,Completed,Vandelay Group - CLM Implementation,PHS-00206,Transfer,,,2026-05-12,2026-05-23,0.00,true,,,,,,,,2026-05-12,2026-06-04,0.00,,true,
PRJ-0068,TSK-001053,Audit report 1,In progress,Soylent Group - Phase 1 Implementation,PHS-00207,Getting Started,,,2026-05-12,2026-05-15,0.00,,,,,,,,,2026-05-12,,0.00,,true,Program Management
PRJ-0068,TSK-001054,Review report 2,Blocked,Soylent Group - Phase 1 Implementation,PHS-00208,Initiate,Elena Diallo,,2026-05-13,2026-06-01,28.34,,,,Audit report 1,,,,,,,0.00,,true,Project Setup
PRJ-0068,TSK-001055,Validate report 3,Completed,Soylent Group - Phase 1 Implementation,PHS-00208,Initiate,Sofia Rossi,,2026-05-14,2026-06-11,17.66,,,,Review report 2,,,,,2026-05-14,2026-06-07,0.00,,false,Project Setup
PRJ-0068,TSK-001056,Audit environment 4,To do,Soylent Group - Phase 1 Implementation,PHS-00209,Discover & Design,Marco Sato,,2026-05-15,2026-05-19,0.00,,,,Validate report 3,,,,,,,0.00,,true,
PRJ-0068,TSK-001057,Configure template 5,Completed,Soylent Group - Phase 1 Implementation,PHS-00209,Discover & Design,,,2026-05-16,2026-05-24,15.96,,,,Audit environment 4,,,,,2026-05-16,2026-06-11,0.00,,false,Discovery
PRJ-0068,TSK-001058,Audit template 6,Completed,Soylent Group - Phase 1 Implementation,PHS-00209,Discover & Design,Yusuf Sato,,2026-05-17,2026-06-09,20.40,,,,Configure template 5,,,,,2026-05-17,2026-05-21,0.00,,true,Program Management
PRJ-0068,TSK-001059,Configure report 7,In progress,Soylent Group - Phase 1 Implementation,PHS-00208,Initiate,,,2026-05-18,2026-05-28,14.29,,,,Audit template 6,,,,,2026-05-18,,0.00,,true,Build and Deployment
PRJ-0068,TSK-001060,Deploy workflow 8,To do,Soylent Group - Phase 1 Implementation,PHS-00209,Discover & Design,,,2026-05-19,2026-05-30,0.00,,,,Configure report 7,,,,,,,0.00,,true,Transition
PRJ-0068,TSK-001061,Review report 9,To do,Soylent Group - Phase 1 Implementation,PHS-00209,Discover & Design,Priya Sato,,2026-05-20,2026-06-13,17.33,,,,Deploy workflow 8,,,,,,,0.00,,true,
PRJ-0068,TSK-001062,Validate data model 10,Completed,Soylent Group - Phase 1 Implementation,PHS-00207,Getting Started,,,2026-05-21,2026-06-01,29.43,,,,Review report 9,,,,,2026-05-21,2026-06-20,0.00,,false,Test Execution
PRJ-0068,TSK-001063,Document data model 11,To do,Soylent Group - Phase 1 Implementation,PHS-00209,Discover & Design,Elena Diallo,,2026-05-22,2026-06-09,6.71,,,,Validate data model 10,,,,,,,0.00,,true,Build and Deployment
PRJ-0068,TSK-001064,Migrate workflow 12,In progress,Soylent Group - Phase 1 Implementation,PHS-00207,Getting Started,Sofia Rossi,,2026-05-23,2026-05-25,34.19,,,,Document data model 11,,,,,2026-05-23,,0.00,,true,Test Execution
PRJ-0068,TSK-001065,Train permission set 13,To do,Soylent Group - Phase 1 Implementation,PHS-00209,Discover & Design,,,2026-05-24,2026-06-23,27.55,,,,Audit report 1,,,,,,,0.00,,true,Project Setup
PRJ-0068,TSK-001066,Audit template 14,To do,Soylent Group - Phase 1 Implementation,PHS-00207,Getting Started,Sofia Rossi,,2026-05-25,2026-06-01,0.00,,,,"Configure report 7, Validate data model 10",,,,,,,0.00,,true,Build and Deployment
PRJ-0068,TSK-001067,Migrate integration 15,In progress,Soylent Group - Phase 1 Implementation,PHS-00209,Discover & Design,,,2026-05-26,2026-06-12,0.00,,,,"Review report 2, Deploy workflow 8",,,,,2026-05-26,,0.00,,false,Program Management
PRJ-0068,TSK-001068,Review permission set 16,To do,Soylent Group - Phase 1 Implementation,PHS-00207,Getting Started,Elena Diallo,,2026-05-27,2026-06-15,29.07,,,,,,,,,,,0.00,,true,Build and Deployment
PRJ-0068,TSK-001069,Review template 17,Completed,Soylent Group - Phase 1 Implementation,PHS-00209,Discover & Design,,,2026-05-28,2026-06-19,3.31,,,,,,,,,2026-05-28,2026-06-09,0.00,,true,Project Setup
PRJ-0068,TSK-001070,Migrate environment 18,Blocked,Soylent Group - Phase 1 Implementation,PHS-00207,Getting Started,,,2026-05-29,2026-06-09,0.00,true,,,"Configure template 5, Audit template 6, Configure report 7",,,,,,,0.00,,true,Transition
PRJ-0069,TSK-001071,Train permission set 1,Completed,Hooli Inc - Integration Program,PHS-00210,Getting Started,Marco Sato,,2026-05-09,2026-05-14,28.57,,,,,,,,,2026-05-09,2026-05-25,0.00,,false,
PRJ-0069,TSK-001072,Audit environment 2,In progress,Hooli Inc - Integration Program,PHS-00210,Getting Started,,,2026-05-10,2026-05-16,6.29,,,,Train permission set 1,,,,,2026-05-10,,0.00,,true,Project Setup
PRJ-0069,TSK-001073,Configure environment 3,To do,Hooli Inc - Integration Program,PHS-00211,Initiate,Marco Sato,,2026-05-11,2026-06-07,0.00,,,,Audit environment 2,,,,,,,0.00,,true,Discovery
PRJ-0069,TSK-001074,Migrate integration 4,In progress,Hooli Inc - Integration Program,PHS-00211,Initiate,,,2026-05-12,2026-05-15,0.00,,,,Configure environment 3,,,,,2026-05-12,,0.00,,true,Project Setup
PRJ-0069,TSK-001075,Document playbook 5,Completed,Hooli Inc - Integration Program,PHS-00210,Getting Started,,,2026-05-13,2026-05-17,1.87,,,,Migrate integration 4,,,,,2026-05-13,2026-05-14,0.00,,false,
PRJ-0069,TSK-001076,Train workflow 6,Completed,Hooli Inc - Integration Program,PHS-00210,Getting Started,Marco Sato,,2026-05-14,2026-05-24,26.31,,,,Document playbook 5,,,,,2026-05-14,2026-05-25,0.00,,true,Program Management
PRJ-0069,TSK-001077,Review data model 7,To do,Hooli Inc - Integration Program,PHS-00211,Initiate,Marco Sato,,2026-05-15,2026-06-10,0.00,,,,Train workflow 6,,,,,,,0.00,,false,Test Execution
PRJ-0069,TSK-001078,Document integration 8,In progress,Hooli Inc - Integration Program,PHS-00210,Getting Started,Marco Sato,,2026-05-16,2026-05-27,0.00,,,,Review data model 7,,,,,2026-05-16,,0.00,,true,Build and Deployment
PRJ-0069,TSK-001079,Train permission set 9,Completed,Hooli Inc - Integration Program,PHS-00210,Getting Started,Marco Sato,,2026-05-17,2026-05-26,12.37,,,,Document integration 8,,,,,2026-05-17,2026-06-14,0.00,,true,
PRJ-0069,TSK-001080,Audit report 10,In progress,Hooli Inc - Integration Program,PHS-00210,Getting Started,Marco Sato,,2026-05-18,2026-05-21,17.23,,,,Train permission set 9,,,,,2026-05-18,,0.00,,false,Discovery
PRJ-0069,TSK-001081,Migrate integration 11,Completed,Hooli Inc - Integration Program,PHS-00210,Getting Started,,,2026-05-19,2026-05-20,34.24,,,,Audit report 10,,,,,2026-05-19,2026-06-17,0.00,,true,Discovery
PRJ-0069,TSK-001082,Deploy integration 12,Completed,Hooli Inc - Integration Program,PHS-00211,Initiate,Marco Sato,,2026-05-20,2026-05-24,0.00,,,,Migrate integration 11,,,,,2026-05-20,2026-06-12,0.00,,true,
PRJ-0069,TSK-001083,Train environment 13,Completed,Hooli Inc - Integration Program,PHS-00211,Initiate,Marco Sato,,2026-05-21,2026-06-20,0.00,,,,"Migrate integration 4, Document integration 8, Migrate integration 11",,,,,2026-05-21,2026-06-05,0.00,,true,Project Setup
PRJ-0069,TSK-001084,Validate integration 14,Completed,Hooli Inc - Integration Program,PHS-00210,Getting Started,Marco Sato,,2026-05-22,2026-06-12,8.48,,,,"Configure environment 3, Migrate integration 11",,,,,2026-05-22,2026-06-19,0.00,,true,Build and Deployment
PRJ-0069,TSK-001085,Deploy workflow 15,NA,Hooli Inc - Integration Program,PHS-00211,Initiate,Marco Sato,,2026-05-23,2026-06-10,22.24,,,,"Train permission set 1, Audit environment 2, Configure environment 3, Train workflow 6, Audit report 10",,,,,,,0.00,,true,Test Execution
PRJ-0069,TSK-001086,Deploy permission set 16,To do,Hooli Inc - Integration Program,PHS-00210,Getting Started,Marco Sato,,2026-05-24,2026-06-12,22.00,,,,,,,,,,,0.00,,true,
PRJ-0069,TSK-001087,Migrate template 17,To do,Hooli Inc - Integration Program,PHS-00211,Initiate,Marco Sato,,2026-05-25,2026-06-09,38.58,true,,,"Train workflow 6, Deploy workflow 15",,,,,,,0.00,,true,Test Execution
PRJ-0070,TSK-001088,Train environment 1,To do,Massive Dynamic LLC - Migration,PHS-00213,Initiate,,,2026-04-07,2026-04-19,4.33,,,,,,,,,,,0.00,,true,Test Execution
PRJ-0070,TSK-001089,Document template 2,To do,Massive Dynamic LLC - Migration,PHS-00212,Getting Started,,,2026-04-08,2026-04-11,0.00,,,,Train environment 1,,,,,,,0.00,,false,Build and Deployment
PRJ-0070,TSK-001090,Migrate permission set 3,In progress,Massive Dynamic LLC - Migration,PHS-00214,Discover & Design,Sofia Berg,,2026-04-09,2026-04-18,0.00,,,,Document template 2,,,,,2026-04-09,,0.00,,true,Program Management
PRJ-0070,TSK-001091,Document integration 4,In progress,Massive Dynamic LLC - Migration,PHS-00213,Initiate,Lena Rossi,,2026-04-10,2026-04-18,0.00,,,,Migrate permission set 3,,,,,2026-04-10,,0.00,,false,Discovery
PRJ-0070,TSK-001092,Deploy environment 5,Completed,Massive Dynamic LLC - Migration,PHS-00212,Getting Started,Marco Sato,,2026-04-11,2026-04-17,4.99,,,,Document integration 4,,,,,2026-04-11,2026-04-12,0.00,,true,Discovery
PRJ-0070,TSK-001093,Train permission set 6,To do,Massive Dynamic LLC - Migration,PHS-00214,Discover & Design,Sofia Berg,,2026-04-12,2026-04-13,33.45,,,,Deploy environment 5,,,,,,,0.00,,true,Program Management
PRJ-0070,TSK-001094,Migrate integration 7,Blocked,Massive Dynamic LLC - Migration,PHS-00214,Discover & Design,Sofia Berg,,2026-04-13,2026-05-08,7.82,,,,Train permission set 6,,,,,,,0.00,,true,Transition
PRJ-0070,TSK-001095,Configure data model 8,Blocked,Massive Dynamic LLC - Migration,PHS-00214,Discover & Design,Ingrid Sato,,2026-04-14,2026-05-09,0.00,,,,Migrate integration 7,,,,,,,0.00,,true,Program Management
PRJ-0070,TSK-001096,Train workflow 9,Completed,Massive Dynamic LLC - Migration,PHS-00213,Initiate,Ingrid Sato,,2026-04-15,2026-05-05,24.87,,,,Configure data model 8,,,,,2026-04-15,2026-04-21,0.00,,true,Build and Deployment
PRJ-0070,TSK-001097,Validate template 10,To do,Massive Dynamic LLC - Migration,PHS-00212,Getting Started,Sofia Berg,,2026-04-16,2026-05-10,8.64,,,,Train workflow 9,,,,,,,0.00,,true,Program Management
PRJ-0070,TSK-001098,Configure workflow 11,To do,Massive Dynamic LLC - Migration,PHS-00212,Getting Started,Sofia Berg,,2026-04-17,2026-04-20,17.37,,,,Validate template 10,,,,,,,0.00,,false,
PRJ-0070,TSK-001099,Configure report 12,NA,Massive Dynamic LLC - Migration,PHS-00214,Discover & Design,Sofia Berg,,2026-04-18,2026-05-11,30.33,,,,Configure workflow 11,,,,,,,0.00,,true,
PRJ-0070,TSK-001100,Audit playbook 13,To do,Massive Dynamic LLC - Migration,PHS-00213,Initiate,Marco Sato,,2026-04-19,2026-05-13,0.00,,,,Migrate integration 7,,,,,,,0.00,,true,Discovery
PRJ-0070,TSK-001101,Configure workflow 14,To do,Massive Dynamic LLC - Migration,PHS-00213,Initiate,Ingrid Sato,,2026-04-20,2026-04-25,0.00,,,,"Migrate permission set 3, Train workflow 9",,,,,,,0.00,,true,Test Execution
PRJ-0070,TSK-001102,Deploy permission set 15,Blocked,Massive Dynamic LLC - Migration,PHS-00214,Discover & Design,Marco Sato,,2026-04-21,2026-05-13,0.00,,,,"Document template 2, Migrate integration 7, Configure data model 8, Configure workflow 11",,,,,,,0.00,,true,Build and Deployment
PRJ-0070,TSK-001103,Document playbook 16,Completed,Massive Dynamic LLC - Migration,PHS-00212,Getting Started,Ingrid Sato,,2026-04-22,2026-05-05,0.00,,,,Configure workflow 14,,,,,2026-04-22,2026-05-22,0.00,,true,Build and Deployment
PRJ-0070,TSK-001104,Audit playbook 17,In progress,Massive Dynamic LLC - Migration,PHS-00212,Getting Started,Lena Rossi,,2026-04-23,2026-05-07,0.00,,,,Audit playbook 13,,,,,2026-04-23,,0.00,,true,Test Execution
PRJ-0070,TSK-001105,Deploy playbook 18,Completed,Massive Dynamic LLC - Migration,PHS-00212,Getting Started,,,2026-04-24,2026-05-23,27.91,,,,"Train permission set 6, Audit playbook 13, Document playbook 16",,,,,2026-04-24,2026-05-19,0.00,,true,Discovery
PRJ-0070,TSK-001106,Validate permission set 19,NA,Massive Dynamic LLC - Migration,PHS-00213,Initiate,,,2026-04-25,2026-04-27,29.42,,,,"Train environment 1, Configure data model 8",,,,,,,0.00,,true,Build and Deployment
PRJ-0070,TSK-001107,Audit workflow 20,To do,Massive Dynamic LLC - Migration,PHS-00214,Discover & Design,Lena Rossi,,2026-04-26,2026-05-11,39.91,,,,,,,,,,,0.00,,true,Project Setup
PRJ-0070,TSK-001108,Audit data model 21,Completed,Massive Dynamic LLC - Migration,PHS-00213,Initiate,Marco Sato,,2026-04-27,2026-05-21,0.00,,,,,,,,,2026-04-27,2026-05-12,0.00,,false,Project Setup
PRJ-0070,TSK-001109,Audit template 22,In progress,Massive Dynamic LLC - Migration,PHS-00213,Initiate,Ingrid Sato,,2026-04-28,2026-05-27,5.60,,,,"Document template 2, Document integration 4, Configure workflow 11, Audit playbook 13, Audit workflow 20",,,,,2026-04-28,,0.00,,true,Discovery
PRJ-0070,TSK-001110,Review template 23,To do,Massive Dynamic LLC - Migration,PHS-00214,Discover & Design,,,2026-04-29,2026-05-17,0.00,,,,,,,,,,,0.00,,true,Test Execution
PRJ-0070,TSK-001111,Validate data model 24,To do,Massive Dynamic LLC - Migration,PHS-00214,Discover & Design,,,2026-04-30,2026-05-19,0.00,,,,"Train environment 1, Migrate permission set 3, Document playbook 16, Review template 23",,,,,,,0.00,,true,Program Management
PRJ-0070,TSK-001112,Train template 25,Completed,Massive Dynamic LLC - Migration,PHS-00212,Getting Started,Sofia Berg,,2026-05-01,2026-05-10,22.27,,,,"Train environment 1, Deploy environment 5, Configure data model 8, Configure workflow 11, Validate permission set 19",,,,,2026-05-01,2026-05-09,0.00,,true,Test Execution
PRJ-0070,TSK-001113,Validate permission set 26,In progress,Massive Dynamic LLC - Migration,PHS-00214,Discover & Design,Marco Sato,,2026-05-02,2026-05-06,0.00,,,,"Migrate permission set 3, Document integration 4, Train permission set 6, Configure data model 8, Validate template 10",,,,,2026-05-02,,0.00,,true,Program Management
PRJ-0070,TSK-001114,Document playbook 27,To do,Massive Dynamic LLC - Migration,PHS-00213,Initiate,Sofia Berg,,2026-05-03,2026-05-17,0.00,,,,"Document template 2, Document integration 4, Audit workflow 20, Review template 23, Validate permission set 26",,,,,,,0.00,,true,Discovery
PRJ-0070,TSK-001115,Review template 28,In progress,Massive Dynamic LLC - Migration,PHS-00214,Discover & Design,Lena Rossi,,2026-05-04,2026-05-27,0.00,,,,"Validate template 10, Configure workflow 14, Audit workflow 20",,,,,2026-05-04,,0.00,,true,Project Setup
PRJ-0070,TSK-001116,Migrate environment 29,NA,Massive Dynamic LLC - Migration,PHS-00213,Initiate,,,2026-05-05,2026-06-04,30.71,,,,Migrate permission set 3,,,,,,,0.00,,true,Project Setup
PRJ-0070,TSK-001117,Train template 30,To do,Massive Dynamic LLC - Migration,PHS-00214,Discover & Design,Sofia Berg,,2026-05-06,2026-06-03,0.00,true,,,"Train environment 1, Configure data model 8, Audit data model 21, Review template 28, Migrate environment 29",,,,,,,0.00,,true,Build and Deployment
PRJ-0070,TSK-001118,Deploy data model 31,To do,Massive Dynamic LLC - Migration,PHS-00213,Initiate,,,2026-05-07,2026-06-05,0.00,true,,,,,,,,,,0.00,,true,Build and Deployment
PRJ-0070,TSK-001119,Review workflow 32,Blocked,Massive Dynamic LLC - Migration,PHS-00212,Getting Started,Lena Rossi,,2026-05-08,2026-05-23,4.81,true,,,,,,,,,,0.00,,true,Test Execution
PRJ-0071,TSK-001120,Document template 1,In progress,Aperture Ltd - Migration,PHS-00219,Test,Marco Diallo,,2026-05-19,2026-05-26,2.27,,,,,,,,,2026-05-19,,0.00,,true,Transition
PRJ-0071,TSK-001121,Train environment 2,Completed,Aperture Ltd - Migration,PHS-00217,Discover & Design,Zara Kaya,,2026-05-20,2026-05-21,37.83,,,,Document template 1,,,,,2026-05-20,2026-05-29,0.00,,true,Test Execution
PRJ-0071,TSK-001122,Migrate report 3,NA,Aperture Ltd - Migration,PHS-00217,Discover & Design,Mei Sato,,2026-05-21,2026-05-22,0.00,,,,Train environment 2,,,,,,,0.00,,true,Discovery
PRJ-0071,TSK-001123,Validate playbook 4,To do,Aperture Ltd - Migration,PHS-00217,Discover & Design,Zara Kaya,,2026-05-22,2026-06-08,4.48,,,,Migrate report 3,,,,,,,0.00,,true,
PRJ-0071,TSK-001124,Document report 5,Completed,Aperture Ltd - Migration,PHS-00216,Initiate,Zara Kaya,,2026-05-23,2026-05-24,25.61,,,,Validate playbook 4,,,,,2026-05-23,2026-06-05,0.00,,true,Program Management
PRJ-0071,TSK-001125,Review environment 6,Completed,Aperture Ltd - Migration,PHS-00220,Transfer,,,2026-05-24,2026-06-04,0.00,,,,Document report 5,,,,,2026-05-24,2026-06-11,0.00,,true,
PRJ-0071,TSK-001126,Audit permission set 7,To do,Aperture Ltd - Migration,PHS-00220,Transfer,,,2026-05-25,2026-06-18,23.59,,,,Review environment 6,,,,,,,0.00,,false,Build and Deployment
PRJ-0071,TSK-001127,Deploy workflow 8,To do,Aperture Ltd - Migration,PHS-00216,Initiate,Mei Sato,,2026-05-26,2026-06-09,0.00,,,,Audit permission set 7,,,,,,,0.00,,true,Program Management
PRJ-0071,TSK-001128,Deploy permission set 9,In progress,Aperture Ltd - Migration,PHS-00216,Initiate,Mei Sato,,2026-05-27,2026-06-08,30.43,,,,Deploy workflow 8,,,,,2026-05-27,,0.00,,false,Transition
PRJ-0071,TSK-001129,Configure data model 10,To do,Aperture Ltd - Migration,PHS-00218,Configure & Build,,,2026-05-28,2026-06-12,39.13,,,,Deploy permission set 9,,,,,,,0.00,,true,Build and Deployment
PRJ-0071,TSK-001130,Review report 11,In progress,Aperture Ltd - Migration,PHS-00220,Transfer,Marco Diallo,,2026-05-29,2026-06-10,20.33,true,,,Configure data model 10,,,,,2026-05-29,,0.00,,false,Transition
PRJ-0072,TSK-001131,Train playbook 1,Completed,Initech Ltd - Phase 1 Implementation,PHS-00223,Discover & Design,Ingrid Sato,,2026-04-06,2026-04-13,19.62,,,,,,,,,2026-04-06,2026-04-08,0.00,,true,Test Execution
PRJ-0072,TSK-001132,Train template 2,Completed,Initech Ltd - Phase 1 Implementation,PHS-00224,Configure & Build,,,2026-04-07,2026-05-03,6.60,,,,Train playbook 1,,,,,2026-04-07,2026-04-28,0.00,,false,Build and Deployment
PRJ-0072,TSK-001133,Review playbook 3,Completed,Initech Ltd - Phase 1 Implementation,PHS-00224,Configure & Build,,,2026-04-08,2026-04-17,32.78,,,,Train template 2,,,,,2026-04-08,2026-04-12,0.00,,true,Transition
PRJ-0072,TSK-001134,Migrate data model 4,Completed,Initech Ltd - Phase 1 Implementation,PHS-00224,Configure & Build,Ingrid Sato,,2026-04-09,2026-05-06,33.89,,,,Review playbook 3,,,,,2026-04-09,2026-04-14,0.00,,false,Transition
PRJ-0072,TSK-001135,Review data model 5,Completed,Initech Ltd - Phase 1 Implementation,PHS-00226,Transfer,,,2026-04-10,2026-04-25,32.23,,,,Migrate data model 4,,,,,2026-04-10,2026-04-24,0.00,,false,
PRJ-0072,TSK-001136,Deploy template 6,Completed,Initech Ltd - Phase 1 Implementation,PHS-00226,Transfer,Ingrid Sato,,2026-04-11,2026-04-28,15.47,,,,Review data model 5,,,,,2026-04-11,2026-05-03,0.00,,true,Build and Deployment
PRJ-0072,TSK-001137,Migrate playbook 7,Completed,Initech Ltd - Phase 1 Implementation,PHS-00221,Getting Started,,,2026-04-12,2026-04-24,16.30,,,,Deploy template 6,,,,,2026-04-12,2026-04-22,0.00,,true,
PRJ-0072,TSK-001138,Train environment 8,Completed,Initech Ltd - Phase 1 Implementation,PHS-00225,Test,Ingrid Sato,,2026-04-13,2026-04-24,4.31,,,,Migrate playbook 7,,,,,2026-04-13,2026-05-10,0.00,,true,Test Execution
PRJ-0072,TSK-001139,Audit integration 9,Completed,Initech Ltd - Phase 1 Implementation,PHS-00221,Getting Started,,,2026-04-14,2026-05-03,4.67,,,,Train environment 8,,,,,2026-04-14,2026-05-03,0.00,,false,Transition
PRJ-0072,TSK-001140,Audit permission set 10,Completed,Initech Ltd - Phase 1 Implementation,PHS-00225,Test,Ingrid Sato,,2026-04-15,2026-05-03,34.39,,,,Audit integration 9,,,,,2026-04-15,2026-05-06,0.00,,true,Program Management
PRJ-0072,TSK-001141,Train integration 11,Completed,Initech Ltd - Phase 1 Implementation,PHS-00225,Test,Ingrid Sato,,2026-04-16,2026-04-26,13.23,,,,Audit permission set 10,,,,,2026-04-16,2026-05-08,0.00,,false,Discovery
PRJ-0072,TSK-001142,Audit report 12,Completed,Initech Ltd - Phase 1 Implementation,PHS-00224,Configure & Build,,,2026-04-17,2026-05-16,26.12,,,,Train integration 11,,,,,2026-04-17,2026-05-13,0.00,,true,Project Setup
PRJ-0072,TSK-001143,Configure permission set 13,Completed,Initech Ltd - Phase 1 Implementation,PHS-00222,Initiate,Ingrid Sato,,2026-04-18,2026-04-20,13.60,,,,Deploy template 6,,,,,2026-04-18,2026-05-13,0.00,,false,Test Execution
PRJ-0072,TSK-001144,Configure playbook 14,Completed,Initech Ltd - Phase 1 Implementation,PHS-00222,Initiate,,,2026-04-19,2026-05-12,7.59,,,,,,,,,2026-04-19,2026-04-25,0.00,,true,Project Setup
PRJ-0072,TSK-001145,Review data model 15,Completed,Initech Ltd - Phase 1 Implementation,PHS-00222,Initiate,Ingrid Sato,,2026-04-20,2026-05-07,0.00,,,,,,,,,2026-04-20,2026-05-04,0.00,,true,Discovery
PRJ-0072,TSK-001146,Audit integration 16,Completed,Initech Ltd - Phase 1 Implementation,PHS-00225,Test,,,2026-04-21,2026-05-18,0.00,,,,Audit permission set 10,,,,,2026-04-21,2026-04-23,0.00,,true,Program Management
PRJ-0072,TSK-001147,Document environment 17,Completed,Initech Ltd - Phase 1 Implementation,PHS-00221,Getting Started,Ingrid Sato,,2026-04-22,2026-05-03,0.00,,,,"Train playbook 1, Review data model 5, Migrate playbook 7, Audit permission set 10",,,,,2026-04-22,2026-04-26,0.00,,true,Test Execution
PRJ-0072,TSK-001148,Configure data model 18,Completed,Initech Ltd - Phase 1 Implementation,PHS-00225,Test,Ingrid Sato,,2026-04-23,2026-05-01,14.58,,,,"Review playbook 3, Migrate data model 4, Train environment 8, Configure playbook 14, Document environment 17",,,,,2026-04-23,2026-05-17,0.00,,true,Transition
PRJ-0072,TSK-001149,Review report 19,Completed,Initech Ltd - Phase 1 Implementation,PHS-00226,Transfer,Ingrid Sato,,2026-04-24,2026-05-07,6.38,,,,"Train playbook 1, Audit permission set 10",,,,,2026-04-24,2026-04-27,0.00,,true,Transition
PRJ-0072,TSK-001150,Audit workflow 20,Completed,Initech Ltd - Phase 1 Implementation,PHS-00226,Transfer,,,2026-04-25,2026-05-23,25.54,,,,,,,,,2026-04-25,2026-05-02,0.00,,true,Discovery
PRJ-0072,TSK-001151,Document playbook 21,Completed,Initech Ltd - Phase 1 Implementation,PHS-00222,Initiate,Ingrid Sato,,2026-04-26,2026-05-07,13.69,,,,"Audit integration 16, Audit workflow 20",,,,,2026-04-26,2026-05-25,0.00,,true,Program Management
PRJ-0072,TSK-001152,Review template 22,Completed,Initech Ltd - Phase 1 Implementation,PHS-00223,Discover & Design,,,2026-04-27,2026-05-14,0.00,,,,,,,,,2026-04-27,2026-05-07,0.00,,true,Discovery
PRJ-0072,TSK-001153,Document template 23,Completed,Initech Ltd - Phase 1 Implementation,PHS-00226,Transfer,Ingrid Sato,,2026-04-28,2026-05-08,26.80,,,,"Train environment 8, Train integration 11",,,,,2026-04-28,2026-05-09,0.00,,true,Discovery
PRJ-0072,TSK-001154,Document report 24,Completed,Initech Ltd - Phase 1 Implementation,PHS-00221,Getting Started,Ingrid Sato,,2026-04-29,2026-05-24,8.05,true,,,"Train template 2, Deploy template 6, Train integration 11, Document environment 17",,,,,2026-04-29,2026-05-14,0.00,,true,Build and Deployment
PRJ-0072,TSK-001155,Deploy environment 25,Completed,Initech Ltd - Phase 1 Implementation,PHS-00224,Configure & Build,Ingrid Sato,,2026-04-30,2026-05-03,18.35,true,,,,,,,,2026-04-30,2026-05-09,0.00,,true,Project Setup
PRJ-0073,TSK-001156,Configure permission set 1,In progress,Acme LLC - Enterprise Rollout,PHS-00228,Initiate,Sofia Rossi,,2026-02-13,2026-02-22,8.55,,,,,,,,,2026-02-13,,0.00,,false,Build and Deployment
PRJ-0073,TSK-001157,Deploy data model 2,Completed,Acme LLC - Enterprise Rollout,PHS-00230,Configure & Build,Sofia Rossi,,2026-02-14,2026-03-07,17.37,,,,Configure permission set 1,,,,,2026-02-14,2026-03-13,0.00,,true,Discovery
PRJ-0073,TSK-001158,Document integration 3,To do,Acme LLC - Enterprise Rollout,PHS-00230,Configure & Build,,,2026-02-15,2026-03-07,0.00,,,,Deploy data model 2,,,,,,,0.00,,true,Transition
PRJ-0073,TSK-001159,Validate playbook 4,To do,Acme LLC - Enterprise Rollout,PHS-00232,Transfer,Yusuf Rossi,,2026-02-16,2026-03-17,8.07,,,,Document integration 3,,,,,,,0.00,,true,Discovery
PRJ-0073,TSK-001160,Train permission set 5,Completed,Acme LLC - Enterprise Rollout,PHS-00229,Discover & Design,Marco Sato,,2026-02-17,2026-02-24,0.00,,,,Validate playbook 4,,,,,2026-02-17,2026-03-05,0.00,,false,Discovery
PRJ-0073,TSK-001161,Migrate playbook 6,Completed,Acme LLC - Enterprise Rollout,PHS-00232,Transfer,Marco Sato,,2026-02-18,2026-02-28,0.00,,,,Train permission set 5,,,,,2026-02-18,2026-02-24,0.00,,true,
PRJ-0073,TSK-001162,Configure environment 7,To do,Acme LLC - Enterprise Rollout,PHS-00228,Initiate,Yusuf Rossi,,2026-02-19,2026-03-13,13.52,,,,Migrate playbook 6,,,,,,,0.00,,true,
PRJ-0073,TSK-001163,Validate environment 8,NA,Acme LLC - Enterprise Rollout,PHS-00232,Transfer,,,2026-02-20,2026-02-27,0.00,,,,Configure environment 7,,,,,,,0.00,,true,Program Management
PRJ-0073,TSK-001164,Configure permission set 9,Completed,Acme LLC - Enterprise Rollout,PHS-00228,Initiate,Sofia Rossi,,2026-02-21,2026-02-25,0.00,,,,Validate environment 8,,,,,2026-02-21,2026-02-28,0.00,,true,
PRJ-0073,TSK-001165,Deploy workflow 10,To do,Acme LLC - Enterprise Rollout,PHS-00232,Transfer,Marco Sato,,2026-02-22,2026-03-11,32.22,,,,Configure permission set 9,,,,,,,0.00,,true,Project Setup
PRJ-0073,TSK-001166,Document report 11,In progress,Acme LLC - Enterprise Rollout,PHS-00227,Getting Started,Yusuf Rossi,,2026-02-23,2026-03-25,0.00,,,,Deploy workflow 10,,,,,2026-02-23,,0.00,,true,Test Execution
PRJ-0073,TSK-001167,Train permission set 12,In progress,Acme LLC - Enterprise Rollout,PHS-00231,Test,Marco Sato,,2026-02-24,2026-03-11,0.00,,,,Document report 11,,,,,2026-02-24,,0.00,,true,Transition
PRJ-0073,TSK-001168,Validate template 13,NA,Acme LLC - Enterprise Rollout,PHS-00227,Getting Started,Yusuf Rossi,,2026-02-25,2026-03-22,0.00,,,,,,,,,,,0.00,,true,
PRJ-0073,TSK-001169,Review template 14,Completed,Acme LLC - Enterprise Rollout,PHS-00229,Discover & Design,Sofia Rossi,,2026-02-26,2026-03-05,7.62,,,,,,,,,2026-02-26,2026-03-20,0.00,,true,Discovery
PRJ-0073,TSK-001170,Deploy playbook 15,In progress,Acme LLC - Enterprise Rollout,PHS-00232,Transfer,Yusuf Rossi,,2026-02-27,2026-03-17,0.00,,,,,TSK-001157,Deploy data model 2,,,2026-02-27,,0.00,,true,
PRJ-0073,TSK-001171,Validate environment 16,Completed,Acme LLC - Enterprise Rollout,PHS-00231,Test,,,2026-02-28,2026-03-17,7.43,,,,"Document integration 3, Validate playbook 4, Configure environment 7, Validate template 13",,,,,2026-02-28,2026-03-10,0.00,,true,Project Setup
PRJ-0073,TSK-001172,Train report 17,Completed,Acme LLC - Enterprise Rollout,PHS-00227,Getting Started,Marco Sato,,2026-03-01,2026-03-21,0.00,true,,,"Train permission set 5, Validate environment 8, Configure permission set 9",,,,,2026-03-01,2026-03-20,0.00,,true,Transition
PRJ-0074,TSK-001173,Configure report 1,Completed,Stark LLC - CLM Implementation,PHS-00233,Getting Started,Kwame Rossi,,2026-07-12,2026-07-14,8.92,,,,,,,,,2026-07-12,2026-07-25,0.00,,true,
PRJ-0074,TSK-001174,Validate data model 2,To do,Stark LLC - CLM Implementation,PHS-00233,Getting Started,Hana Rossi,,2026-07-13,2026-08-12,3.50,,,,Configure report 1,,,,,,,0.00,,false,Build and Deployment
PRJ-0074,TSK-001175,Document data model 3,Completed,Stark LLC - CLM Implementation,PHS-00234,Initiate,,,2026-07-14,2026-07-29,16.42,,,,Validate data model 2,,,,,2026-07-14,2026-08-10,0.00,,true,Transition
PRJ-0074,TSK-001176,Configure template 4,To do,Stark LLC - CLM Implementation,PHS-00233,Getting Started,Hana Rossi,,2026-07-15,2026-08-11,0.00,,,,Document data model 3,,,,,,,0.00,,true,Build and Deployment
PRJ-0074,TSK-001177,Configure data model 5,Completed,Stark LLC - CLM Implementation,PHS-00234,Initiate,Kwame Rossi,,2026-07-16,2026-07-20,20.89,,,,Configure template 4,,,,,2026-07-16,2026-07-27,0.00,,true,Test Execution
PRJ-0074,TSK-001178,Deploy playbook 6,Completed,Stark LLC - CLM Implementation,PHS-00235,Discover & Design,Kwame Rossi,,2026-07-17,2026-07-30,12.15,,,,Configure data model 5,,,,,2026-07-17,2026-08-10,0.00,,false,Build and Deployment
PRJ-0074,TSK-001179,Deploy permission set 7,Completed,Stark LLC - CLM Implementation,PHS-00235,Discover & Design,Tomas Sato,,2026-07-18,2026-08-05,4.75,,,,Deploy playbook 6,,,,,2026-07-18,2026-08-13,0.00,,true,Build and Deployment
PRJ-0074,TSK-001180,Document workflow 8,NA,Stark LLC - CLM Implementation,PHS-00233,Getting Started,Kwame Rossi,,2026-07-19,2026-08-09,0.00,,,,Deploy permission set 7,,,,,,,0.00,,true,Transition
PRJ-0074,TSK-001181,Configure permission set 9,Completed,Stark LLC - CLM Implementation,PHS-00233,Getting Started,Hana Rossi,,2026-07-20,2026-08-13,20.52,,,,Document workflow 8,,,,,2026-07-20,2026-08-04,0.00,,false,Transition
PRJ-0074,TSK-001182,Configure workflow 10,Completed,Stark LLC - CLM Implementation,PHS-00233,Getting Started,,,2026-07-21,2026-08-03,27.65,,,,Configure permission set 9,,,,,2026-07-21,2026-08-05,0.00,,true,
PRJ-0074,TSK-001183,Validate data model 11,NA,Stark LLC - CLM Implementation,PHS-00234,Initiate,Hana Rossi,,2026-07-22,2026-08-19,0.00,,,,Configure workflow 10,,,,,,,0.00,,true,Project Setup
PRJ-0074,TSK-001184,Deploy permission set 12,In progress,Stark LLC - CLM Implementation,PHS-00234,Initiate,Hana Rossi,,2026-07-23,2026-07-28,0.00,,,,Validate data model 11,,,,,2026-07-23,,0.00,,true,Project Setup
PRJ-0074,TSK-001185,Audit template 13,To do,Stark LLC - CLM Implementation,PHS-00233,Getting Started,Tomas Sato,,2026-07-24,2026-08-15,0.00,,,,,,,,,,,0.00,,true,
PRJ-0074,TSK-001186,Document integration 14,Blocked,Stark LLC - CLM Implementation,PHS-00235,Discover & Design,,,2026-07-25,2026-08-19,39.54,,,,"Configure report 1, Document data model 3, Configure data model 5",,,,,,,0.00,,true,Test Execution
PRJ-0074,TSK-001187,Review template 15,Blocked,Stark LLC - CLM Implementation,PHS-00233,Getting Started,Tomas Sato,,2026-07-26,2026-08-09,3.94,,,,,,,,,,,0.00,,true,Transition
PRJ-0074,TSK-001188,Audit playbook 16,Completed,Stark LLC - CLM Implementation,PHS-00235,Discover & Design,Hana Rossi,,2026-07-27,2026-08-02,0.00,,,,,,,,,2026-07-27,2026-08-20,0.00,,false,Test Execution
PRJ-0074,TSK-001189,Review report 17,In progress,Stark LLC - CLM Implementation,PHS-00233,Getting Started,Tomas Sato,,2026-07-28,2026-08-04,0.00,,,,"Document data model 3, Document integration 14",,,,,2026-07-28,,0.00,,false,
PRJ-0074,TSK-001190,Train report 18,Completed,Stark LLC - CLM Implementation,PHS-00234,Initiate,Kwame Rossi,,2026-07-29,2026-07-30,3.44,,,,"Configure template 4, Deploy permission set 7, Document workflow 8, Document integration 14",,,,,2026-07-29,2026-08-02,0.00,,true,Project Setup
PRJ-0074,TSK-001191,Review data model 19,To do,Stark LLC - CLM Implementation,PHS-00233,Getting Started,Hana Rossi,,2026-07-30,2026-08-21,0.00,,,,,,,,,,,0.00,,true,Discovery
PRJ-0074,TSK-001192,Document integration 20,To do,Stark LLC - CLM Implementation,PHS-00233,Getting Started,Tomas Sato,,2026-07-31,2026-08-07,0.00,true,,,"Document workflow 8, Configure permission set 9, Configure workflow 10, Audit template 13, Review report 17",,,,,,,0.00,,true,Test Execution
PRJ-0074,TSK-001193,Validate permission set 21,To do,Stark LLC - CLM Implementation,PHS-00233,Getting Started,,,2026-08-01,2026-08-06,29.78,true,,,"Deploy playbook 6, Deploy permission set 7, Validate data model 11, Document integration 20",,,,,,,0.00,,true,Test Execution
PRJ-0075,TSK-001194,Train workflow 1,Completed,Vandelay Inc - CLM Implementation,PHS-00238,Discover & Design,Zara Kaya,,2026-04-23,2026-05-06,19.81,,,,,,,,,2026-04-23,2026-05-14,0.00,,true,Test Execution
PRJ-0075,TSK-001195,Audit environment 2,To do,Vandelay Inc - CLM Implementation,PHS-00240,Test,Yusuf Rossi,,2026-04-24,2026-05-11,0.00,,,,Train workflow 1,,,,,,,0.00,,true,Program Management
PRJ-0075,TSK-001196,Document template 3,To do,Vandelay Inc - CLM Implementation,PHS-00236,Getting Started,,,2026-04-25,2026-05-18,0.00,,,,Audit environment 2,,,,,,,0.00,,true,Program Management
PRJ-0075,TSK-001197,Deploy report 4,Completed,Vandelay Inc - CLM Implementation,PHS-00237,Initiate,Yusuf Rossi,,2026-04-26,2026-04-28,30.64,,,,Document template 3,,,,,2026-04-26,2026-05-17,0.00,,false,Test Execution
PRJ-0075,TSK-001198,Validate workflow 5,In progress,Vandelay Inc - CLM Implementation,PHS-00240,Test,Yusuf Diallo,,2026-04-27,2026-05-14,0.00,,,,Deploy report 4,,,,,2026-04-27,,0.00,,true,Build and Deployment
PRJ-0075,TSK-001199,Review integration 6,Completed,Vandelay Inc - CLM Implementation,PHS-00240,Test,Yusuf Diallo,,2026-04-28,2026-05-27,8.37,,,,Validate workflow 5,,,,,2026-04-28,2026-05-08,0.00,,false,Program Management
PRJ-0075,TSK-001200,Validate template 7,Completed,Vandelay Inc - CLM Implementation,PHS-00239,Configure & Build,Yusuf Diallo,,2026-04-29,2026-05-24,9.74,,,,Review integration 6,,,,,2026-04-29,2026-04-30,0.00,,true,Test Execution
PRJ-0075,TSK-001201,Validate report 8,To do,Vandelay Inc - CLM Implementation,PHS-00236,Getting Started,Yusuf Diallo,,2026-04-30,2026-05-25,38.30,,,,Validate template 7,,,,,,,0.00,,true,Project Setup
PRJ-0075,TSK-001202,Train permission set 9,To do,Vandelay Inc - CLM Implementation,PHS-00240,Test,Yusuf Diallo,,2026-05-01,2026-05-23,0.00,,,,Validate report 8,,,,,,,0.00,,true,Project Setup
PRJ-0075,TSK-001203,Deploy integration 10,Completed,Vandelay Inc - CLM Implementation,PHS-00239,Configure & Build,Zara Kaya,,2026-05-02,2026-05-05,1.01,,,,Train permission set 9,,,,,2026-05-02,2026-05-21,0.00,,true,Build and Deployment
PRJ-0075,TSK-001204,Audit data model 11,To do,Vandelay Inc - CLM Implementation,PHS-00240,Test,Zara Kaya,,2026-05-03,2026-05-30,0.00,,,,Deploy integration 10,,,,,,,0.00,,false,Discovery
PRJ-0075,TSK-001205,Review integration 12,Completed,Vandelay Inc - CLM Implementation,PHS-00237,Initiate,Zara Kaya,,2026-05-04,2026-05-16,4.64,,,,Audit data model 11,,,,,2026-05-04,2026-05-09,0.00,,false,
PRJ-0075,TSK-001206,Migrate permission set 13,To do,Vandelay Inc - CLM Implementation,PHS-00236,Getting Started,Zara Kaya,,2026-05-05,2026-05-10,0.00,,,,"Train workflow 1, Review integration 6, Validate template 7, Validate report 8",,,,,,,0.00,,true,Test Execution
PRJ-0075,TSK-001207,Configure playbook 14,To do,Vandelay Inc - CLM Implementation,PHS-00239,Configure & Build,Yusuf Diallo,,2026-05-06,2026-06-04,16.88,,,,"Train workflow 1, Review integration 6, Validate report 8, Audit data model 11, Migrate permission set 13",,,,,,,0.00,,true,Transition
PRJ-0075,TSK-001208,Configure report 15,Completed,Vandelay Inc - CLM Implementation,PHS-00238,Discover & Design,,,2026-05-07,2026-05-26,0.00,,,,,,,,,2026-05-07,2026-06-04,0.00,,true,Build and Deployment
PRJ-0075,TSK-001209,Configure report 16,Completed,Vandelay Inc - CLM Implementation,PHS-00238,Discover & Design,Yusuf Diallo,,2026-05-08,2026-05-29,22.64,,,,"Validate workflow 5, Review integration 6, Validate report 8, Deploy integration 10",,,,,2026-05-08,2026-05-17,0.00,,true,Program Management
PRJ-0075,TSK-001210,Train template 17,Completed,Vandelay Inc - CLM Implementation,PHS-00239,Configure & Build,Yusuf Diallo,,2026-05-09,2026-05-23,25.86,,,,"Deploy integration 10, Configure report 16",,,,,2026-05-09,2026-05-12,0.00,,true,
PRJ-0075,TSK-001211,Deploy template 18,Completed,Vandelay Inc - CLM Implementation,PHS-00238,Discover & Design,Zara Kaya,,2026-05-10,2026-05-24,1.20,,,,"Validate template 7, Validate report 8, Deploy integration 10, Audit data model 11, Configure report 15",,,,,2026-05-10,2026-06-06,0.00,,true,Project Setup
PRJ-0075,TSK-001212,Configure template 19,Completed,Vandelay Inc - CLM Implementation,PHS-00238,Discover & Design,Yusuf Diallo,,2026-05-11,2026-05-23,18.34,,,,"Deploy report 4, Validate workflow 5, Validate report 8",,,,,2026-05-11,2026-05-20,0.00,,false,Discovery
PRJ-0075,TSK-001213,Configure workflow 20,Completed,Vandelay Inc - CLM Implementation,PHS-00239,Configure & Build,Yusuf Diallo,,2026-05-12,2026-06-11,21.57,,,,,,,,,2026-05-12,2026-05-20,0.00,,true,Test Execution
PRJ-0075,TSK-001214,Train environment 21,Completed,Vandelay Inc - CLM Implementation,PHS-00240,Test,,,2026-05-13,2026-06-09,4.07,,,,"Audit environment 2, Deploy report 4, Train permission set 9, Deploy integration 10, Audit data model 11",,,,,2026-05-13,2026-06-04,0.00,,true,Build and Deployment
PRJ-0075,TSK-001215,Review permission set 22,Blocked,Vandelay Inc - CLM Implementation,PHS-00240,Test,Zara Kaya,,2026-05-14,2026-05-28,0.00,,,,"Train workflow 1, Validate template 7, Deploy integration 10, Configure report 16, Configure template 19",,,,,,,0.00,,true,Test Execution
PRJ-0075,TSK-001216,Deploy integration 23,Completed,Vandelay Inc - CLM Implementation,PHS-00237,Initiate,,,2026-05-15,2026-06-05,0.00,,,,,,,,,2026-05-15,2026-05-16,0.00,,false,Discovery
PRJ-0075,TSK-001217,Audit environment 24,NA,Vandelay Inc - CLM Implementation,PHS-00240,Test,Yusuf Diallo,,2026-05-16,2026-06-10,28.17,true,,,"Deploy report 4, Configure template 19",,,,,,,0.00,,true,
PRJ-0075,TSK-001218,Document playbook 25,To do,Vandelay Inc - CLM Implementation,PHS-00236,Getting Started,Zara Kaya,,2026-05-17,2026-06-13,29.18,true,,,,,,,,,,0.00,,true,Program Management
PRJ-0076,TSK-001219,Migrate template 1,NA,Acme Group - Enterprise Rollout,PHS-00242,Getting Started,Yusuf Diallo,,2026-04-18,2026-05-18,32.77,,,,,,,,,,,0.00,,true,Program Management
PRJ-0076,TSK-001220,Configure permission set 2,To do,Acme Group - Enterprise Rollout,PHS-00242,Getting Started,Mei Kaya,,2026-04-19,2026-04-29,0.00,,,,Migrate template 1,,,,,,,0.00,,true,Project Setup
PRJ-0076,TSK-001221,Validate template 3,To do,Acme Group - Enterprise Rollout,PHS-00242,Getting Started,Mei Kaya,,2026-04-20,2026-04-28,4.62,,,,Configure permission set 2,,,,,,,0.00,,true,Test Execution
PRJ-0076,TSK-001222,Validate permission set 4,To do,Acme Group - Enterprise Rollout,PHS-00243,Initiate,Yusuf Diallo,,2026-04-21,2026-05-12,26.83,,,,Validate template 3,,,,,,,0.00,,false,Transition
PRJ-0076,TSK-001223,Audit playbook 5,To do,Acme Group - Enterprise Rollout,PHS-00243,Initiate,Mei Kaya,,2026-04-22,2026-05-13,0.00,,,,Validate permission set 4,,,,,,,0.00,,false,
PRJ-0076,TSK-001224,Validate data model 6,To do,Acme Group - Enterprise Rollout,PHS-00243,Initiate,Yusuf Diallo,,2026-04-23,2026-05-10,0.00,,,,Audit playbook 5,,,,,,,0.00,,true,Test Execution
PRJ-0076,TSK-001225,Review workflow 7,In progress,Acme Group - Enterprise Rollout,PHS-00242,Getting Started,,,2026-04-24,2026-05-08,23.47,,,,Validate data model 6,,,,,2026-04-24,,0.00,,true,Discovery
PRJ-0076,TSK-001226,Audit playbook 8,To do,Acme Group - Enterprise Rollout,PHS-00242,Getting Started,,,2026-04-25,2026-05-18,0.00,,,,Review workflow 7,,,,,,,0.00,,true,Test Execution
PRJ-0076,TSK-001227,Review integration 9,Completed,Acme Group - Enterprise Rollout,PHS-00242,Getting Started,Yusuf Rossi,,2026-04-26,2026-04-29,27.64,,,,Audit playbook 8,,,,,2026-04-26,2026-05-01,0.00,,false,Build and Deployment
PRJ-0076,TSK-001228,Validate report 10,To do,Acme Group - Enterprise Rollout,PHS-00242,Getting Started,,,2026-04-27,2026-05-06,38.10,,,,Review integration 9,,,,,,,0.00,,true,Transition
PRJ-0076,TSK-001229,Document data model 11,To do,Acme Group - Enterprise Rollout,PHS-00242,Getting Started,Yusuf Rossi,,2026-04-28,2026-05-09,0.00,,,,Validate report 10,,,,,,,0.00,,true,Project Setup
PRJ-0076,TSK-001230,Train report 12,In progress,Acme Group - Enterprise Rollout,PHS-00242,Getting Started,Mei Kaya,,2026-04-29,2026-05-10,0.00,,,,Document data model 11,,,,,2026-04-29,,0.00,,true,
PRJ-0076,TSK-001231,Migrate data model 13,To do,Acme Group - Enterprise Rollout,PHS-00243,Initiate,,,2026-04-30,2026-05-05,11.84,,,,"Validate data model 6, Document data model 11",,,,,,,0.00,,true,Build and Deployment
PRJ-0076,TSK-001232,Migrate data model 14,Completed,Acme Group - Enterprise Rollout,PHS-00242,Getting Started,Yusuf Diallo,,2026-05-01,2026-05-18,6.08,,,,,,,,,2026-05-01,2026-05-12,0.00,,false,
PRJ-0076,TSK-001233,Audit template 15,Completed,Acme Group - Enterprise Rollout,PHS-00243,Initiate,Mei Kaya,,2026-05-02,2026-05-04,11.37,,,,"Validate data model 6, Audit playbook 8, Review integration 9",,,,,2026-05-02,2026-05-27,0.00,,true,Project Setup
PRJ-0076,TSK-001234,Migrate playbook 16,In progress,Acme Group - Enterprise Rollout,PHS-00242,Getting Started,,,2026-05-03,2026-05-05,5.02,,,,"Migrate template 1, Audit playbook 8",,,,,2026-05-03,,0.00,,true,Build and Deployment
PRJ-0076,TSK-001235,Deploy data model 17,In progress,Acme Group - Enterprise Rollout,PHS-00242,Getting Started,Yusuf Rossi,,2026-05-04,2026-05-12,0.00,,,,,TSK-001231,Migrate data model 13,,,2026-05-04,,0.00,,true,Test Execution
PRJ-0076,TSK-001236,Configure permission set 18,In progress,Acme Group - Enterprise Rollout,PHS-00243,Initiate,Yusuf Rossi,,2026-05-05,2026-05-13,18.57,,,,,,,,,2026-05-05,,0.00,,true,Project Setup
PRJ-0076,TSK-001237,Review template 19,Completed,Acme Group - Enterprise Rollout,PHS-00242,Getting Started,Yusuf Diallo,,2026-05-06,2026-05-28,39.78,,,,,,,,,2026-05-06,2026-06-03,0.00,,true,Test Execution
PRJ-0076,TSK-001238,Configure workflow 20,In progress,Acme Group - Enterprise Rollout,PHS-00242,Getting Started,,,2026-05-07,2026-05-31,22.63,true,,,,,,,,2026-05-07,,0.00,,true,Discovery
PRJ-0076,TSK-001239,Migrate data model 21,Completed,Acme Group - Enterprise Rollout,PHS-00242,Getting Started,,,2026-05-08,2026-05-11,27.74,true,,,"Review workflow 7, Review integration 9, Migrate data model 14, Audit template 15",,,,,2026-05-08,2026-05-13,0.00,,false,Project Setup
PRJ-0077,TSK-001240,Validate playbook 1,Completed,Contoso GmbH - Phase 1 Implementation,PHS-00245,Initiate,,,2026-01-15,2026-01-24,0.00,,,,,,,,,2026-01-15,2026-02-07,0.00,,true,
PRJ-0077,TSK-001241,Train permission set 2,Blocked,Contoso GmbH - Phase 1 Implementation,PHS-00244,Getting Started,Amara Diallo,,2026-01-16,2026-02-01,0.00,,,,Validate playbook 1,,,,,,,0.00,,false,Project Setup
PRJ-0077,TSK-001242,Train report 3,In progress,Contoso GmbH - Phase 1 Implementation,PHS-00245,Initiate,Elena Sato,,2026-01-17,2026-02-11,0.00,,,,Train permission set 2,,,,,2026-01-17,,0.00,,true,
PRJ-0077,TSK-001243,Audit environment 4,Completed,Contoso GmbH - Phase 1 Implementation,PHS-00244,Getting Started,,,2026-01-18,2026-02-04,18.71,,,,Train report 3,,,,,2026-01-18,2026-02-08,0.00,,true,Build and Deployment
PRJ-0077,TSK-001244,Review report 5,Completed,Contoso GmbH - Phase 1 Implementation,PHS-00246,Discover & Design,Yusuf Rossi,,2026-01-19,2026-02-09,24.51,,,,Audit environment 4,,,,,2026-01-19,2026-02-01,0.00,,true,Program Management
PRJ-0077,TSK-001245,Deploy playbook 6,Completed,Contoso GmbH - Phase 1 Implementation,PHS-00245,Initiate,,,2026-01-20,2026-02-17,32.77,,,,Review report 5,,,,,2026-01-20,2026-02-03,0.00,,true,Discovery
PRJ-0077,TSK-001246,Migrate integration 7,To do,Contoso GmbH - Phase 1 Implementation,PHS-00244,Getting Started,,,2026-01-21,2026-02-02,26.08,,,,Deploy playbook 6,,,,,,,0.00,,true,
PRJ-0077,TSK-001247,Audit template 8,In progress,Contoso GmbH - Phase 1 Implementation,PHS-00246,Discover & Design,Tomas Sato,,2026-01-22,2026-01-26,0.00,,,,Migrate integration 7,,,,,2026-01-22,,0.00,,false,
PRJ-0077,TSK-001248,Migrate data model 9,To do,Contoso GmbH - Phase 1 Implementation,PHS-00246,Discover & Design,Elena Sato,,2026-01-23,2026-02-12,0.00,,,,Audit template 8,,,,,,,0.00,,true,Build and Deployment
PRJ-0077,TSK-001249,Document integration 10,To do,Contoso GmbH - Phase 1 Implementation,PHS-00244,Getting Started,Mei Kaya,,2026-01-24,2026-01-31,0.00,,,,Migrate data model 9,,,,,,,0.00,,true,Build and Deployment
PRJ-0077,TSK-001250,Review playbook 11,To do,Contoso GmbH - Phase 1 Implementation,PHS-00245,Initiate,Yusuf Rossi,,2026-01-25,2026-02-01,23.29,,,,Document integration 10,,,,,,,0.00,,false,Project Setup
PRJ-0077,TSK-001251,Validate report 12,In progress,Contoso GmbH - Phase 1 Implementation,PHS-00244,Getting Started,Mei Kaya,,2026-01-26,2026-02-20,14.25,,,,Review playbook 11,,,,,2026-01-26,,0.00,,true,Transition
PRJ-0077,TSK-001252,Validate data model 13,To do,Contoso GmbH - Phase 1 Implementation,PHS-00245,Initiate,Mei Kaya,,2026-01-27,2026-02-16,23.46,,,,,,,,,,,0.00,,true,Build and Deployment
PRJ-0077,TSK-001253,Train permission set 14,To do,Contoso GmbH - Phase 1 Implementation,PHS-00244,Getting Started,Tomas Sato,,2026-01-28,2026-02-20,35.89,,,,Audit template 8,,,,,,,0.00,,false,Transition
PRJ-0077,TSK-001254,Train permission set 15,Completed,Contoso GmbH - Phase 1 Implementation,PHS-00244,Getting Started,Mei Kaya,,2026-01-29,2026-02-18,25.39,,,,,,,,,2026-01-29,2026-02-21,0.00,,true,Discovery
PRJ-0077,TSK-001255,Migrate permission set 16,Blocked,Contoso GmbH - Phase 1 Implementation,PHS-00245,Initiate,Yusuf Rossi,,2026-01-30,2026-02-19,0.00,,,,"Train report 3, Review report 5, Deploy playbook 6, Validate data model 13",,,,,,,0.00,,true,
PRJ-0077,TSK-001256,Review playbook 17,In progress,Contoso GmbH - Phase 1 Implementation,PHS-00246,Discover & Design,,,2026-01-31,2026-02-18,0.00,,,,"Deploy playbook 6, Migrate integration 7, Validate data model 13, Train permission set 14, Migrate permission set 16",,,,,2026-01-31,,0.00,,true,Program Management
PRJ-0077,TSK-001257,Configure integration 18,Completed,Contoso GmbH - Phase 1 Implementation,PHS-00244,Getting Started,,,2026-02-01,2026-02-19,32.78,,,,"Review report 5, Migrate data model 9, Validate data model 13, Train permission set 14",,,,,2026-02-01,2026-02-06,0.00,,false,Build and Deployment
PRJ-0077,TSK-001258,Validate template 19,Completed,Contoso GmbH - Phase 1 Implementation,PHS-00244,Getting Started,,,2026-02-02,2026-02-08,17.29,,,,"Review report 5, Migrate integration 7, Document integration 10, Review playbook 17",,,,,2026-02-02,2026-03-01,0.00,,true,Test Execution
PRJ-0077,TSK-001259,Audit environment 20,Completed,Contoso GmbH - Phase 1 Implementation,PHS-00246,Discover & Design,,,2026-02-03,2026-02-20,3.87,,,,"Document integration 10, Validate data model 13",,,,,2026-02-03,2026-02-21,0.00,,true,
PRJ-0077,TSK-001260,Migrate environment 21,In progress,Contoso GmbH - Phase 1 Implementation,PHS-00244,Getting Started,Tomas Novak,,2026-02-04,2026-02-18,0.00,,,,"Train permission set 2, Train report 3, Train permission set 15, Migrate permission set 16, Configure integration 18",,,,,2026-02-04,,0.00,,true,Build and Deployment
PRJ-0077,TSK-001261,Configure playbook 22,To do,Contoso GmbH - Phase 1 Implementation,PHS-00246,Discover & Design,,,2026-02-05,2026-02-24,0.00,,,,,,,,,,,0.00,,true,Program Management
PRJ-0077,TSK-001262,Train integration 23,Completed,Contoso GmbH - Phase 1 Implementation,PHS-00244,Getting Started,Tomas Sato,,2026-02-06,2026-03-03,0.41,,,,,,,,,2026-02-06,2026-02-08,0.00,,true,Test Execution
PRJ-0077,TSK-001263,Deploy template 24,Completed,Contoso GmbH - Phase 1 Implementation,PHS-00244,Getting Started,,,2026-02-07,2026-02-08,35.82,true,,,"Validate playbook 1, Train report 3, Audit environment 4, Train permission set 15",,,,,2026-02-07,2026-03-07,0.00,,true,Test Execution
PRJ-0077,TSK-001264,Review workflow 25,Completed,Contoso GmbH - Phase 1 Implementation,PHS-00245,Initiate,Tomas Novak,,2026-02-08,2026-02-13,2.39,true,,,,,,,,2026-02-08,2026-02-15,0.00,,false,Build and Deployment
PRJ-0078,TSK-001265,Migrate permission set 1,In progress,Acme LLC - CLM Implementation,PHS-00247,Getting Started,,,2026-02-17,2026-02-20,9.15,,,,,,,,,2026-02-17,,0.00,,true,Discovery
PRJ-0078,TSK-001266,Document integration 2,Completed,Acme LLC - CLM Implementation,PHS-00249,Discover & Design,Sofia Berg,,2026-02-18,2026-03-01,4.11,,,,Migrate permission set 1,,,,,2026-02-18,2026-03-12,0.00,,true,Project Setup
PRJ-0078,TSK-001267,Validate data model 3,To do,Acme LLC - CLM Implementation,PHS-00249,Discover & Design,Yusuf Sato,,2026-02-19,2026-03-09,0.39,,,,Document integration 2,,,,,,,0.00,,true,Project Setup
PRJ-0078,TSK-001268,Review permission set 4,Completed,Acme LLC - CLM Implementation,PHS-00249,Discover & Design,Yusuf Sato,,2026-02-20,2026-03-19,0.00,,,,Validate data model 3,,,,,2026-02-20,2026-03-11,0.00,,true,Test Execution
PRJ-0078,TSK-001269,Configure data model 5,Completed,Acme LLC - CLM Implementation,PHS-00249,Discover & Design,,,2026-02-21,2026-02-25,0.00,,,,Review permission set 4,,,,,2026-02-21,2026-03-03,0.00,,false,Discovery
PRJ-0078,TSK-001270,Validate report 6,Completed,Acme LLC - CLM Implementation,PHS-00249,Discover & Design,,,2026-02-22,2026-02-28,29.16,,,,Configure data model 5,,,,,2026-02-22,2026-03-23,0.00,,true,Program Management
PRJ-0078,TSK-001271,Audit template 7,In progress,Acme LLC - CLM Implementation,PHS-00247,Getting Started,Yusuf Sato,,2026-02-23,2026-03-02,11.61,,,,Validate report 6,,,,,2026-02-23,,0.00,,false,Program Management
PRJ-0078,TSK-001272,Document template 8,Blocked,Acme LLC - CLM Implementation,PHS-00248,Initiate,,,2026-02-24,2026-02-25,14.17,,,,Audit template 7,,,,,,,0.00,,true,
PRJ-0078,TSK-001273,Train integration 9,NA,Acme LLC - CLM Implementation,PHS-00247,Getting Started,Sofia Berg,,2026-02-25,2026-03-08,21.01,,,,Document template 8,,,,,,,0.00,,false,Project Setup
PRJ-0078,TSK-001274,Review template 10,To do,Acme LLC - CLM Implementation,PHS-00247,Getting Started,Yusuf Sato,,2026-02-26,2026-03-17,0.00,,,,Train integration 9,,,,,,,0.00,,true,Build and Deployment
PRJ-0078,TSK-001275,Review template 11,In progress,Acme LLC - CLM Implementation,PHS-00249,Discover & Design,Sofia Berg,,2026-02-27,2026-03-21,0.00,,,,Review template 10,,,,,2026-02-27,,0.00,,true,Discovery
PRJ-0078,TSK-001276,Review template 12,Completed,Acme LLC - CLM Implementation,PHS-00249,Discover & Design,,,2026-02-28,2026-03-17,16.24,,,,Review template 11,,,,,2026-02-28,2026-03-11,0.00,,true,Discovery
PRJ-0078,TSK-001277,Validate report 13,To do,Acme LLC - CLM Implementation,PHS-00249,Discover & Design,,,2026-03-01,2026-03-26,0.00,,,,"Migrate permission set 1, Validate report 6, Document template 8, Review template 10",,,,,,,0.00,,true,Transition
PRJ-0078,TSK-001278,Audit playbook 14,Completed,Acme LLC - CLM Implementation,PHS-00248,Initiate,,,2026-03-02,2026-03-05,6.46,,,,,,,,,2026-03-02,2026-03-30,0.00,,true,Project Setup
PRJ-0078,TSK-001279,Validate integration 15,To do,Acme LLC - CLM Implementation,PHS-00248,Initiate,Sofia Berg,,2026-03-03,2026-03-04,9.82,,,,,TSK-001272,Document template 8,,,,,0.00,,true,Build and Deployment
PRJ-0078,TSK-001280,Migrate workflow 16,Completed,Acme LLC - CLM Implementation,PHS-00249,Discover & Design,,,2026-03-04,2026-03-22,23.81,,,,"Migrate permission set 1, Review permission set 4, Audit template 7, Review template 11",,,,,2026-03-04,2026-03-31,0.00,,false,Transition
PRJ-0078,TSK-001281,Document playbook 17,To do,Acme LLC - CLM Implementation,PHS-00249,Discover & Design,Sofia Berg,,2026-03-05,2026-03-18,0.00,true,,,,,,,,,,0.00,,true,Build and Deployment
PRJ-0079,TSK-001282,Audit integration 1,Completed,Umbrella Ltd - CLM Implementation,PHS-00251,Initiate,Noah Diallo,,2026-06-30,2026-07-16,0.00,,,,,,,,,2026-06-30,2026-07-03,0.00,,true,Test Execution
PRJ-0079,TSK-001283,Train permission set 2,NA,Umbrella Ltd - CLM Implementation,PHS-00250,Getting Started,Kwame Rossi,,2026-07-01,2026-07-17,25.88,,,,Audit integration 1,,,,,,,0.00,,true,Test Execution
PRJ-0079,TSK-001284,Configure report 3,To do,Umbrella Ltd - CLM Implementation,PHS-00252,Discover & Design,Kwame Rossi,,2026-07-02,2026-07-21,25.78,,,,Train permission set 2,,,,,,,0.00,,true,Discovery
PRJ-0079,TSK-001285,Train permission set 4,In progress,Umbrella Ltd - CLM Implementation,PHS-00251,Initiate,Kwame Rossi,,2026-07-03,2026-07-17,0.00,,,,Configure report 3,,,,,2026-07-03,,0.00,,true,Build and Deployment
PRJ-0079,TSK-001286,Deploy template 5,Completed,Umbrella Ltd - CLM Implementation,PHS-00255,Transfer,,,2026-07-04,2026-07-09,33.29,,,,Train permission set 4,,,,,2026-07-04,2026-07-30,0.00,,true,Program Management
PRJ-0079,TSK-001287,Validate playbook 6,To do,Umbrella Ltd - CLM Implementation,PHS-00253,Configure & Build,Kwame Rossi,,2026-07-05,2026-07-09,0.00,,,,Deploy template 5,,,,,,,0.00,,true,Transition
PRJ-0079,TSK-001288,Validate report 7,Completed,Umbrella Ltd - CLM Implementation,PHS-00252,Discover & Design,,,2026-07-06,2026-07-10,30.83,,,,Validate playbook 6,,,,,2026-07-06,2026-07-17,0.00,,true,Test Execution
PRJ-0079,TSK-001289,Migrate workflow 8,To do,Umbrella Ltd - CLM Implementation,PHS-00250,Getting Started,Kwame Rossi,,2026-07-07,2026-07-16,0.00,,,,Validate report 7,,,,,,,0.00,,false,Transition
PRJ-0079,TSK-001290,Migrate workflow 9,To do,Umbrella Ltd - CLM Implementation,PHS-00251,Initiate,,,2026-07-08,2026-08-04,35.54,,,,Migrate workflow 8,,,,,,,0.00,,true,Transition
PRJ-0079,TSK-001291,Validate permission set 10,To do,Umbrella Ltd - CLM Implementation,PHS-00250,Getting Started,Noah Diallo,,2026-07-09,2026-08-04,0.00,,,,Migrate workflow 9,,,,,,,0.00,,true,Build and Deployment
PRJ-0079,TSK-001292,Configure environment 11,Completed,Umbrella Ltd - CLM Implementation,PHS-00251,Initiate,Noah Diallo,,2026-07-10,2026-08-08,0.00,,,,Validate permission set 10,,,,,2026-07-10,2026-08-09,0.00,,false,Program Management
PRJ-0079,TSK-001293,Train data model 12,Completed,Umbrella Ltd - CLM Implementation,PHS-00250,Getting Started,Kwame Rossi,,2026-07-11,2026-07-15,6.54,,,,Configure environment 11,,,,,2026-07-11,2026-08-01,0.00,,false,Build and Deployment
PRJ-0079,TSK-001294,Audit integration 13,NA,Umbrella Ltd - CLM Implementation,PHS-00255,Transfer,Noah Diallo,,2026-07-12,2026-08-09,30.25,,,,"Audit integration 1, Migrate workflow 9",,,,,,,0.00,,true,Program Management
PRJ-0079,TSK-001295,Document permission set 14,Completed,Umbrella Ltd - CLM Implementation,PHS-00252,Discover & Design,,,2026-07-13,2026-08-11,39.47,,,,"Validate playbook 6, Validate report 7, Validate permission set 10",,,,,2026-07-13,2026-07-14,0.00,,true,Test Execution
PRJ-0079,TSK-001296,Document environment 15,Completed,Umbrella Ltd - CLM Implementation,PHS-00251,Initiate,Noah Diallo,,2026-07-14,2026-08-07,26.77,,,,"Deploy template 5, Validate playbook 6, Validate report 7, Validate permission set 10",,,,,2026-07-14,2026-08-11,0.00,,true,Project Setup
PRJ-0079,TSK-001297,Configure workflow 16,Completed,Umbrella Ltd - CLM Implementation,PHS-00254,Test,,,2026-07-15,2026-07-24,20.29,,,,"Configure report 3, Validate permission set 10, Configure environment 11, Document environment 15",,,,,2026-07-15,2026-07-19,0.00,,true,Build and Deployment
PRJ-0079,TSK-001298,Configure workflow 17,Completed,Umbrella Ltd - CLM Implementation,PHS-00251,Initiate,Noah Diallo,,2026-07-16,2026-08-13,1.07,,,,"Audit integration 1, Migrate workflow 8, Validate permission set 10",,,,,2026-07-16,2026-07-24,0.00,,false,Project Setup
PRJ-0079,TSK-001299,Train playbook 18,Blocked,Umbrella Ltd - CLM Implementation,PHS-00253,Configure & Build,Noah Diallo,,2026-07-17,2026-07-19,0.00,,,,"Audit integration 1, Migrate workflow 9, Audit integration 13, Document environment 15",,,,,,,0.00,,true,Project Setup
PRJ-0079,TSK-001300,Deploy environment 19,To do,Umbrella Ltd - CLM Implementation,PHS-00252,Discover & Design,Noah Diallo,,2026-07-18,2026-08-14,0.00,,,,,TSK-001282,Audit integration 1,,,,,0.00,,true,Program Management
PRJ-0079,TSK-001301,Configure playbook 20,To do,Umbrella Ltd - CLM Implementation,PHS-00252,Discover & Design,Noah Diallo,,2026-07-19,2026-08-06,0.00,,,,"Validate playbook 6, Validate report 7, Document permission set 14, Deploy environment 19",,,,,,,0.00,,true,Build and Deployment
PRJ-0079,TSK-001302,Audit workflow 21,In progress,Umbrella Ltd - CLM Implementation,PHS-00250,Getting Started,Noah Diallo,,2026-07-20,2026-08-05,1.45,,,,,,,,,2026-07-20,,0.00,,true,Discovery
PRJ-0079,TSK-001303,Deploy workflow 22,In progress,Umbrella Ltd - CLM Implementation,PHS-00253,Configure & Build,Noah Diallo,,2026-07-21,2026-07-22,0.00,,,,,TSK-001283,Train permission set 2,,,2026-07-21,,0.00,,true,
PRJ-0079,TSK-001304,Review permission set 23,To do,Umbrella Ltd - CLM Implementation,PHS-00254,Test,Kwame Rossi,,2026-07-22,2026-07-28,0.00,,,,Train permission set 4,,,,,,,0.00,,false,Test Execution
PRJ-0079,TSK-001305,Review integration 24,Completed,Umbrella Ltd - CLM Implementation,PHS-00250,Getting Started,Kwame Rossi,,2026-07-23,2026-08-01,27.99,true,,,"Train permission set 4, Configure environment 11, Document permission set 14, Deploy environment 19, Audit workflow 21",,,,,2026-07-23,2026-08-13,0.00,,true,Program Management
PRJ-0079,TSK-001306,Validate data model 25,To do,Umbrella Ltd - CLM Implementation,PHS-00251,Initiate,,,2026-07-24,2026-08-18,0.00,true,,,"Deploy template 5, Document environment 15",,,,,,,0.00,,true,Discovery
PRJ-0080,TSK-001307,Document permission set 1,NA,Tyrell GmbH - CLM Implementation,PHS-00260,Test,,,2026-02-08,2026-02-10,0.00,,,,,,,,,,,0.00,,false,
PRJ-0080,TSK-001308,Review permission set 2,Blocked,Tyrell GmbH - CLM Implementation,PHS-00257,Initiate,,,2026-02-09,2026-02-20,0.00,,,,Document permission set 1,,,,,,,0.00,,false,Build and Deployment
PRJ-0080,TSK-001309,Review environment 3,To do,Tyrell GmbH - CLM Implementation,PHS-00258,Discover & Design,Mei Sato,,2026-02-10,2026-03-02,0.00,,,,Review permission set 2,,,,,,,0.00,,true,Transition
PRJ-0080,TSK-001310,Validate playbook 4,In progress,Tyrell GmbH - CLM Implementation,PHS-00258,Discover & Design,Mei Sato,,2026-02-11,2026-03-05,37.72,,,,Review environment 3,,,,,2026-02-11,,0.00,,true,Discovery
PRJ-0080,TSK-001311,Audit playbook 5,To do,Tyrell GmbH - CLM Implementation,PHS-00256,Getting Started,Mei Sato,,2026-02-12,2026-02-25,11.45,,,,Validate playbook 4,,,,,,,0.00,,true,Test Execution
PRJ-0080,TSK-001312,Deploy report 6,In progress,Tyrell GmbH - CLM Implementation,PHS-00259,Configure & Build,Mei Sato,,2026-02-13,2026-03-05,0.00,,,,Audit playbook 5,,,,,2026-02-13,,0.00,,true,Program Management
PRJ-0080,TSK-001313,Train template 7,Blocked,Tyrell GmbH - CLM Implementation,PHS-00257,Initiate,,,2026-02-14,2026-03-02,26.97,,,,Deploy report 6,,,,,,,0.00,,true,Test Execution
PRJ-0080,TSK-001314,Deploy permission set 8,To do,Tyrell GmbH - CLM Implementation,PHS-00258,Discover & Design,Mei Sato,,2026-02-15,2026-03-07,34.98,,,,Train template 7,,,,,,,0.00,,true,Program Management
PRJ-0080,TSK-001315,Audit playbook 9,Completed,Tyrell GmbH - CLM Implementation,PHS-00257,Initiate,,,2026-02-16,2026-03-08,0.00,,,,Deploy permission set 8,,,,,2026-02-16,2026-03-13,0.00,,false,Project Setup
PRJ-0080,TSK-001316,Configure environment 10,Completed,Tyrell GmbH - CLM Implementation,PHS-00259,Configure & Build,Mei Sato,,2026-02-17,2026-02-28,33.41,,,,Audit playbook 9,,,,,2026-02-17,2026-03-11,0.00,,true,Program Management
PRJ-0080,TSK-001317,Validate template 11,To do,Tyrell GmbH - CLM Implementation,PHS-00258,Discover & Design,Mei Sato,,2026-02-18,2026-03-18,25.22,,,,Configure environment 10,,,,,,,0.00,,true,Build and Deployment
PRJ-0080,TSK-001318,Deploy environment 12,Completed,Tyrell GmbH - CLM Implementation,PHS-00256,Getting Started,Mei Sato,,2026-02-19,2026-03-01,36.40,,,,Validate template 11,,,,,2026-02-19,2026-03-06,0.00,,false,
PRJ-0080,TSK-001319,Validate environment 13,In progress,Tyrell GmbH - CLM Implementation,PHS-00256,Getting Started,,,2026-02-20,2026-03-06,5.96,,,,,,,,,2026-02-20,,0.00,,true,Project Setup
PRJ-0080,TSK-001320,Train playbook 14,Completed,Tyrell GmbH - CLM Implementation,PHS-00260,Test,Mei Sato,,2026-02-21,2026-03-09,17.31,,,,"Review permission set 2, Review environment 3, Configure environment 10",,,,,2026-02-21,2026-02-28,0.00,,true,
PRJ-0080,TSK-001321,Migrate data model 15,To do,Tyrell GmbH - CLM Implementation,PHS-00260,Test,Mei Sato,,2026-02-22,2026-03-23,31.16,,,,Train template 7,,,,,,,0.00,,true,Transition
PRJ-0080,TSK-001322,Audit environment 16,To do,Tyrell GmbH - CLM Implementation,PHS-00259,Configure & Build,Mei Sato,,2026-02-23,2026-02-26,0.00,,,,"Validate playbook 4, Train playbook 14, Migrate data model 15",,,,,,,0.00,,true,Program Management
PRJ-0080,TSK-001323,Document template 17,To do,Tyrell GmbH - CLM Implementation,PHS-00257,Initiate,Mei Sato,,2026-02-24,2026-03-13,0.00,,,,"Document permission set 1, Review permission set 2, Deploy report 6, Validate template 11, Train playbook 14, Migrate data model 15",,,,,,,0.00,,true,Program Management
PRJ-0080,TSK-001324,Train report 18,To do,Tyrell GmbH - CLM Implementation,PHS-00260,Test,Mei Sato,,2026-02-25,2026-03-25,0.00,,,,"Deploy report 6, Train template 7, Migrate data model 15",,,,,,,0.00,,true,Test Execution
PRJ-0080,TSK-001325,Audit report 19,In progress,Tyrell GmbH - CLM Implementation,PHS-00258,Discover & Design,,,2026-02-26,2026-03-13,21.35,true,,,,,,,,2026-02-26,,0.00,,true,Transition
PRJ-0081,TSK-001326,Configure integration 1,Completed,Umbrella Inc - Phase 2 Rollout,PHS-00262,Initiate,,,2026-02-27,2026-02-28,15.46,,,,,,,,,2026-02-27,2026-03-23,0.00,,false,Build and Deployment
PRJ-0081,TSK-001327,Deploy permission set 2,In progress,Umbrella Inc - Phase 2 Rollout,PHS-00261,Getting Started,Kwame Rossi,,2026-02-28,2026-03-30,19.01,,,,Configure integration 1,,,,,2026-02-28,,0.00,,true,Project Setup
PRJ-0081,TSK-001328,Train integration 3,Blocked,Umbrella Inc - Phase 2 Rollout,PHS-00262,Initiate,,,2026-03-01,2026-03-25,31.31,,,,Deploy permission set 2,,,,,,,0.00,,false,Test Execution
PRJ-0081,TSK-001329,Validate template 4,NA,Umbrella Inc - Phase 2 Rollout,PHS-00262,Initiate,,,2026-03-02,2026-03-26,18.21,,,,Train integration 3,,,,,,,0.00,,true,Project Setup
PRJ-0081,TSK-001330,Review workflow 5,To do,Umbrella Inc - Phase 2 Rollout,PHS-00261,Getting Started,Hana Kaya,,2026-03-03,2026-03-28,19.38,,,,Validate template 4,,,,,,,0.00,,true,Build and Deployment
PRJ-0081,TSK-001331,Deploy template 6,Completed,Umbrella Inc - Phase 2 Rollout,PHS-00261,Getting Started,Lena Kaya,,2026-03-04,2026-04-03,35.72,,,,Review workflow 5,,,,,2026-03-04,2026-03-28,0.00,,true,Project Setup
PRJ-0081,TSK-001332,Document report 7,Completed,Umbrella Inc - Phase 2 Rollout,PHS-00261,Getting Started,Noah Novak,,2026-03-05,2026-03-20,0.00,,,,Deploy template 6,,,,,2026-03-05,2026-03-19,0.00,,true,Project Setup
PRJ-0081,TSK-001333,Migrate integration 8,Blocked,Umbrella Inc - Phase 2 Rollout,PHS-00261,Getting Started,Lena Kaya,,2026-03-06,2026-03-18,33.42,,,,Document report 7,,,,,,,0.00,,true,Build and Deployment
PRJ-0081,TSK-001334,Migrate playbook 9,Blocked,Umbrella Inc - Phase 2 Rollout,PHS-00262,Initiate,,,2026-03-07,2026-03-20,0.00,,,,Migrate integration 8,,,,,,,0.00,,true,Program Management
PRJ-0081,TSK-001335,Document workflow 10,Completed,Umbrella Inc - Phase 2 Rollout,PHS-00262,Initiate,Kwame Rossi,,2026-03-08,2026-03-20,10.95,,,,Migrate playbook 9,,,,,2026-03-08,2026-04-07,0.00,,true,
PRJ-0081,TSK-001336,Validate permission set 11,Completed,Umbrella Inc - Phase 2 Rollout,PHS-00262,Initiate,Noah Novak,,2026-03-09,2026-03-17,0.00,,,,Document workflow 10,,,,,2026-03-09,2026-04-04,0.00,,false,Build and Deployment
PRJ-0081,TSK-001337,Document integration 12,To do,Umbrella Inc - Phase 2 Rollout,PHS-00262,Initiate,,,2026-03-10,2026-03-27,0.00,,,,Validate permission set 11,,,,,,,0.00,,false,Program Management
PRJ-0081,TSK-001338,Configure environment 13,To do,Umbrella Inc - Phase 2 Rollout,PHS-00262,Initiate,Noah Novak,,2026-03-11,2026-03-16,0.00,,,,"Deploy permission set 2, Train integration 3, Document workflow 10",,,,,,,0.00,,true,Program Management
PRJ-0081,TSK-001339,Review template 14,To do,Umbrella Inc - Phase 2 Rollout,PHS-00262,Initiate,,,2026-03-12,2026-04-06,25.87,,,,,,,,,,,0.00,,true,
PRJ-0081,TSK-001340,Audit playbook 15,Completed,Umbrella Inc - Phase 2 Rollout,PHS-00262,Initiate,Hana Kaya,,2026-03-13,2026-03-15,15.62,,,,,,,,,2026-03-13,2026-04-01,0.00,,true,Transition
PRJ-0081,TSK-001341,Validate integration 16,Completed,Umbrella Inc - Phase 2 Rollout,PHS-00261,Getting Started,Kwame Rossi,,2026-03-14,2026-04-06,20.47,,,,,,,,,2026-03-14,2026-03-28,0.00,,true,Project Setup
PRJ-0081,TSK-001342,Configure environment 17,To do,Umbrella Inc - Phase 2 Rollout,PHS-00262,Initiate,Kwame Rossi,,2026-03-15,2026-03-24,0.00,,,,"Configure integration 1, Deploy template 6, Document report 7, Document workflow 10, Review template 14",,,,,,,0.00,,true,Transition
PRJ-0081,TSK-001343,Validate data model 18,Completed,Umbrella Inc - Phase 2 Rollout,PHS-00261,Getting Started,Noah Novak,,2026-03-16,2026-04-10,13.93,,,,"Deploy permission set 2, Deploy template 6, Validate integration 16",,,,,2026-03-16,2026-03-27,0.00,,true,Test Execution
PRJ-0081,TSK-001344,Migrate playbook 19,Blocked,Umbrella Inc - Phase 2 Rollout,PHS-00261,Getting Started,Hana Kaya,,2026-03-17,2026-04-08,0.00,,,,"Configure integration 1, Train integration 3, Migrate playbook 9, Validate permission set 11",,,,,,,0.00,,true,Discovery
PRJ-0081,TSK-001345,Train data model 20,Completed,Umbrella Inc - Phase 2 Rollout,PHS-00262,Initiate,,,2026-03-18,2026-03-31,16.76,,,,"Validate template 4, Audit playbook 15, Validate integration 16",,,,,2026-03-18,2026-04-03,0.00,,true,Test Execution
PRJ-0081,TSK-001346,Document playbook 21,In progress,Umbrella Inc - Phase 2 Rollout,PHS-00262,Initiate,,,2026-03-19,2026-04-13,0.00,,,,"Configure integration 1, Deploy permission set 2, Train integration 3, Deploy template 6, Migrate integration 8, Migrate playbook 9",,,,,2026-03-19,,0.00,,true,Discovery
PRJ-0081,TSK-001347,Document template 22,To do,Umbrella Inc - Phase 2 Rollout,PHS-00262,Initiate,Kwame Rossi,,2026-03-20,2026-04-02,0.00,,,,,,,,,,,0.00,,true,Program Management
PRJ-0081,TSK-001348,Train integration 23,To do,Umbrella Inc - Phase 2 Rollout,PHS-00261,Getting Started,Lena Kaya,,2026-03-21,2026-04-03,31.69,,,,"Deploy permission set 2, Review workflow 5, Review template 14, Validate integration 16, Document playbook 21, Document template 22",,,,,,,0.00,,true,Transition
PRJ-0081,TSK-001349,Document template 24,Completed,Umbrella Inc - Phase 2 Rollout,PHS-00262,Initiate,Kwame Rossi,,2026-03-22,2026-04-18,9.11,,,,,,,,,2026-03-22,2026-04-15,0.00,,true,Build and Deployment
PRJ-0081,TSK-001350,Deploy integration 25,To do,Umbrella Inc - Phase 2 Rollout,PHS-00261,Getting Started,,,2026-03-23,2026-04-13,0.00,,,,Document workflow 10,,,,,,,0.00,,true,Transition
PRJ-0081,TSK-001351,Audit template 26,Completed,Umbrella Inc - Phase 2 Rollout,PHS-00262,Initiate,,,2026-03-24,2026-04-03,10.77,,,,,,,,,2026-03-24,2026-04-02,0.00,,true,Program Management
PRJ-0081,TSK-001352,Deploy template 27,Completed,Umbrella Inc - Phase 2 Rollout,PHS-00261,Getting Started,Lena Kaya,,2026-03-25,2026-04-13,36.38,,,,"Validate template 4, Review workflow 5, Migrate integration 8, Configure environment 13, Train integration 23",,,,,2026-03-25,2026-04-02,0.00,,true,
PRJ-0081,TSK-001353,Review template 28,Completed,Umbrella Inc - Phase 2 Rollout,PHS-00262,Initiate,Lena Kaya,,2026-03-26,2026-04-19,0.00,,,,"Migrate integration 8, Configure environment 13, Train integration 23, Audit template 26",,,,,2026-03-26,2026-03-31,0.00,,true,Transition
PRJ-0081,TSK-001354,Validate integration 29,Completed,Umbrella Inc - Phase 2 Rollout,PHS-00262,Initiate,Noah Novak,,2026-03-27,2026-04-24,18.11,,,,Deploy permission set 2,,,,,2026-03-27,2026-04-10,0.00,,true,Transition
PRJ-0081,TSK-001355,Deploy environment 30,In progress,Umbrella Inc - Phase 2 Rollout,PHS-00261,Getting Started,Kwame Rossi,,2026-03-28,2026-04-08,8.61,,,,"Review template 14, Audit playbook 15, Configure environment 17, Validate data model 18, Deploy integration 25",,,,,2026-03-28,,0.00,,true,Project Setup
PRJ-0081,TSK-001356,Train playbook 31,Completed,Umbrella Inc - Phase 2 Rollout,PHS-00262,Initiate,Hana Kaya,,2026-03-29,2026-04-25,15.81,,,,Validate integration 16,,,,,2026-03-29,2026-04-20,0.00,,true,Build and Deployment
PRJ-0081,TSK-001357,Deploy workflow 32,Completed,Umbrella Inc - Phase 2 Rollout,PHS-00261,Getting Started,Lena Kaya,,2026-03-30,2026-04-06,6.08,true,,,"Deploy permission set 2, Train integration 3, Review workflow 5, Configure environment 17, Validate integration 29",,,,,2026-03-30,2026-04-15,0.00,,true,Program Management
PRJ-0081,TSK-001358,Migrate playbook 33,Completed,Umbrella Inc - Phase 2 Rollout,PHS-00262,Initiate,Noah Novak,,2026-03-31,2026-04-08,34.70,true,,,,,,,,2026-03-31,2026-04-01,0.00,,true,Transition
PRJ-0081,TSK-001359,Validate workflow 34,Blocked,Umbrella Inc - Phase 2 Rollout,PHS-00261,Getting Started,Hana Kaya,,2026-04-01,2026-04-20,19.39,true,,,"Migrate playbook 9, Validate permission set 11, Review template 14, Validate data model 18",,,,,,,0.00,,true,Transition
PRJ-0082,TSK-001360,Deploy report 1,Completed,Acme LLC - Migration,PHS-00263,Getting Started,Marco Diallo,,2026-05-12,2026-05-24,0.00,,,,,,,,,2026-05-12,2026-05-15,0.00,,true,Program Management
PRJ-0082,TSK-001361,Migrate report 2,Completed,Acme LLC - Migration,PHS-00264,Initiate,Daniel Kaya,,2026-05-13,2026-05-16,36.11,,,,Deploy report 1,,,,,2026-05-13,2026-05-18,0.00,,true,Program Management
PRJ-0082,TSK-001362,Review playbook 3,Completed,Acme LLC - Migration,PHS-00263,Getting Started,Tomas Sato,,2026-05-14,2026-05-18,18.21,,,,Migrate report 2,,,,,2026-05-14,2026-06-05,0.00,,true,Discovery
PRJ-0082,TSK-001363,Review report 4,Completed,Acme LLC - Migration,PHS-00264,Initiate,,,2026-05-15,2026-06-13,6.75,,,,Review playbook 3,,,,,2026-05-15,2026-05-17,0.00,,true,
PRJ-0082,TSK-001364,Audit data model 5,Completed,Acme LLC - Migration,PHS-00263,Getting Started,Marco Diallo,,2026-05-16,2026-06-15,0.00,,,,Review report 4,,,,,2026-05-16,2026-06-04,0.00,,true,Build and Deployment
PRJ-0082,TSK-001365,Configure integration 6,Completed,Acme LLC - Migration,PHS-00263,Getting Started,Kwame Novak,,2026-05-17,2026-05-31,20.58,,,,Audit data model 5,,,,,2026-05-17,2026-06-06,0.00,,true,Project Setup
PRJ-0082,TSK-001366,Document environment 7,Completed,Acme LLC - Migration,PHS-00264,Initiate,Marco Diallo,,2026-05-18,2026-06-13,0.00,,,,Configure integration 6,,,,,2026-05-18,2026-06-12,0.00,,true,Discovery
PRJ-0082,TSK-001367,Review data model 8,Completed,Acme LLC - Migration,PHS-00264,Initiate,,,2026-05-19,2026-05-27,0.00,,,,Document environment 7,,,,,2026-05-19,2026-05-20,0.00,,true,Test Execution
PRJ-0082,TSK-001368,Document workflow 9,Completed,Acme LLC - Migration,PHS-00264,Initiate,Tomas Sato,,2026-05-20,2026-06-15,0.00,,,,Review data model 8,,,,,2026-05-20,2026-06-19,0.00,,true,Transition
PRJ-0082,TSK-001369,Configure template 10,Completed,Acme LLC - Migration,PHS-00264,Initiate,Tomas Sato,,2026-05-21,2026-05-24,1.46,,,,Document workflow 9,,,,,2026-05-21,2026-06-19,0.00,,false,Transition
PRJ-0082,TSK-001370,Configure workflow 11,Completed,Acme LLC - Migration,PHS-00264,Initiate,Daniel Kaya,,2026-05-22,2026-06-17,15.48,,,,Configure template 10,,,,,2026-05-22,2026-06-19,0.00,,true,
PRJ-0082,TSK-001371,Train report 12,Completed,Acme LLC - Migration,PHS-00264,Initiate,Daniel Kaya,,2026-05-23,2026-06-11,21.45,,,,Configure workflow 11,,,,,2026-05-23,2026-06-16,0.00,,true,Transition
PRJ-0082,TSK-001372,Deploy data model 13,Completed,Acme LLC - Migration,PHS-00263,Getting Started,Marco Diallo,,2026-05-24,2026-06-19,38.83,,,,"Review data model 8, Document workflow 9",,,,,2026-05-24,2026-06-04,0.00,,false,Discovery
PRJ-0082,TSK-001373,Validate data model 14,Completed,Acme LLC - Migration,PHS-00263,Getting Started,Kwame Novak,,2026-05-25,2026-06-16,0.00,,,,,,,,,2026-05-25,2026-06-16,0.00,,false,Test Execution
PRJ-0082,TSK-001374,Train environment 15,Completed,Acme LLC - Migration,PHS-00264,Initiate,Kwame Novak,,2026-05-26,2026-06-08,14.10,,,,,,,,,2026-05-26,2026-06-15,0.00,,false,Build and Deployment
PRJ-0082,TSK-001375,Validate data model 16,Completed,Acme LLC - Migration,PHS-00263,Getting Started,Tomas Sato,,2026-05-27,2026-06-22,13.11,,,,"Review report 4, Configure template 10, Configure workflow 11, Validate data model 14",,,,,2026-05-27,2026-06-26,0.00,,true,Build and Deployment
PRJ-0082,TSK-001376,Deploy workflow 17,Completed,Acme LLC - Migration,PHS-00264,Initiate,,,2026-05-28,2026-06-03,6.04,,,,,,,,,2026-05-28,2026-05-30,0.00,,true,Test Execution
PRJ-0082,TSK-001377,Train report 18,Completed,Acme LLC - Migration,PHS-00264,Initiate,Tomas Sato,,2026-05-29,2026-06-01,10.92,true,,,,,,,,2026-05-29,2026-06-11,0.00,,true,Transition
PRJ-0083,TSK-001378,Audit permission set 1,Completed,Vandelay Ltd - Migration,PHS-00266,Initiate,,,2026-07-24,2026-07-28,19.93,,,,,,,,,2026-07-24,2026-08-12,0.00,,true,Discovery
PRJ-0083,TSK-001379,Document report 2,Completed,Vandelay Ltd - Migration,PHS-00266,Initiate,Yusuf Sato,,2026-07-25,2026-08-14,0.57,,,,Audit permission set 1,,,,,2026-07-25,2026-08-15,0.00,,false,
PRJ-0083,TSK-001380,Configure template 3,Completed,Vandelay Ltd - Migration,PHS-00267,Discover & Design,Zara Kaya,,2026-07-26,2026-08-14,18.94,,,,Document report 2,,,,,2026-07-26,2026-08-04,0.00,,true,Program Management
PRJ-0083,TSK-001381,Audit integration 4,In progress,Vandelay Ltd - Migration,PHS-00265,Getting Started,,,2026-07-27,2026-08-03,0.00,,,,Configure template 3,,,,,2026-07-27,,0.00,,true,Transition
PRJ-0083,TSK-001382,Audit template 5,To do,Vandelay Ltd - Migration,PHS-00267,Discover & Design,Yusuf Sato,,2026-07-28,2026-08-06,27.56,,,,Audit integration 4,,,,,,,0.00,,true,Project Setup
PRJ-0083,TSK-001383,Document integration 6,Completed,Vandelay Ltd - Migration,PHS-00265,Getting Started,Yusuf Sato,,2026-07-29,2026-08-19,1.96,,,,Audit template 5,,,,,2026-07-29,2026-08-21,0.00,,true,Test Execution
PRJ-0083,TSK-001384,Validate template 7,Completed,Vandelay Ltd - Migration,PHS-00267,Discover & Design,Yusuf Sato,,2026-07-30,2026-08-13,0.88,,,,Document integration 6,,,,,2026-07-30,2026-08-11,0.00,,false,
PRJ-0083,TSK-001385,Review integration 8,Completed,Vandelay Ltd - Migration,PHS-00267,Discover & Design,,,2026-07-31,2026-08-18,0.00,,,,Validate template 7,,,,,2026-07-31,2026-08-07,0.00,,true,Build and Deployment
PRJ-0083,TSK-001386,Document permission set 9,To do,Vandelay Ltd - Migration,PHS-00266,Initiate,Yusuf Sato,,2026-08-01,2026-08-31,0.00,,,,Review integration 8,,,,,,,0.00,,true,Build and Deployment
PRJ-0083,TSK-001387,Train environment 10,To do,Vandelay Ltd - Migration,PHS-00266,Initiate,Yusuf Sato,,2026-08-02,2026-08-06,24.46,,,,Document permission set 9,,,,,,,0.00,,true,Program Management
PRJ-0083,TSK-001388,Train report 11,To do,Vandelay Ltd - Migration,PHS-00265,Getting Started,,,2026-08-03,2026-08-20,0.00,,,,Train environment 10,,,,,,,0.00,,true,Discovery
PRJ-0083,TSK-001389,Review workflow 12,Completed,Vandelay Ltd - Migration,PHS-00265,Getting Started,Zara Kaya,,2026-08-04,2026-08-28,27.45,,,,Train report 11,,,,,2026-08-04,2026-08-24,0.00,,true,
PRJ-0083,TSK-001390,Document data model 13,Completed,Vandelay Ltd - Migration,PHS-00266,Initiate,Yusuf Sato,,2026-08-05,2026-08-20,5.02,,,,,,,,,2026-08-05,2026-09-02,0.00,,true,Test Execution
PRJ-0083,TSK-001391,Validate playbook 14,In progress,Vandelay Ltd - Migration,PHS-00267,Discover & Design,Zara Kaya,,2026-08-06,2026-08-16,24.38,,,,"Train environment 10, Train report 11, Document data model 13",,,,,2026-08-06,,0.00,,false,Discovery
PRJ-0083,TSK-001392,Migrate playbook 15,Completed,Vandelay Ltd - Migration,PHS-00267,Discover & Design,Zara Kaya,,2026-08-07,2026-08-23,7.91,,,,"Audit template 5, Document permission set 9, Train report 11, Document data model 13",,,,,2026-08-07,2026-08-24,0.00,,true,Discovery
PRJ-0083,TSK-001393,Configure playbook 16,In progress,Vandelay Ltd - Migration,PHS-00267,Discover & Design,,,2026-08-08,2026-09-01,38.29,,,,,,,,,2026-08-08,,0.00,,true,Project Setup
PRJ-0083,TSK-001394,Review permission set 17,Completed,Vandelay Ltd - Migration,PHS-00266,Initiate,,,2026-08-09,2026-08-23,17.70,,,,,,,,,2026-08-09,2026-08-28,0.00,,true,Test Execution
PRJ-0083,TSK-001395,Review integration 18,Completed,Vandelay Ltd - Migration,PHS-00265,Getting Started,Zara Kaya,,2026-08-10,2026-08-27,17.05,,,,,,,,,2026-08-10,2026-08-29,0.00,,true,
PRJ-0083,TSK-001396,Migrate workflow 19,Completed,Vandelay Ltd - Migration,PHS-00266,Initiate,Zara Kaya,,2026-08-11,2026-08-24,21.50,,,,,,,,,2026-08-11,2026-09-10,0.00,,true,Transition
PRJ-0083,TSK-001397,Deploy environment 20,Completed,Vandelay Ltd - Migration,PHS-00265,Getting Started,Zara Kaya,,2026-08-12,2026-09-03,31.01,,,,"Configure template 3, Validate template 7, Review integration 8, Migrate workflow 19",,,,,2026-08-12,2026-09-04,0.00,,true,Build and Deployment
PRJ-0083,TSK-001398,Train data model 21,Completed,Vandelay Ltd - Migration,PHS-00266,Initiate,Yusuf Sato,,2026-08-13,2026-08-14,36.02,,,,"Document report 2, Review integration 8, Document permission set 9, Configure playbook 16",,,,,2026-08-13,2026-08-29,0.00,,true,Test Execution
PRJ-0083,TSK-001399,Validate permission set 22,Completed,Vandelay Ltd - Migration,PHS-00267,Discover & Design,,,2026-08-14,2026-09-12,8.89,,,,,,,,,2026-08-14,2026-08-17,0.00,,true,Build and Deployment
PRJ-0083,TSK-001400,Configure workflow 23,NA,Vandelay Ltd - Migration,PHS-00266,Initiate,Yusuf Sato,,2026-08-15,2026-08-24,1.97,,,,,,,,,,,0.00,,true,Project Setup
PRJ-0083,TSK-001401,Audit data model 24,Completed,Vandelay Ltd - Migration,PHS-00266,Initiate,,,2026-08-16,2026-08-17,25.59,true,,,"Configure template 3, Audit integration 4",,,,,2026-08-16,2026-09-11,0.00,,true,Project Setup
PRJ-0083,TSK-001402,Review data model 25,Blocked,Vandelay Ltd - Migration,PHS-00267,Discover & Design,Yusuf Sato,,2026-08-17,2026-08-26,5.25,true,,,,,,,,,,0.00,,true,Project Setup
PRJ-0084,TSK-001403,Train workflow 1,In progress,Acme LLC - Phase 2 Rollout,PHS-00268,Getting Started,,,2026-02-22,2026-02-25,17.30,,,,,,,,,2026-02-22,,0.00,,true,Transition
PRJ-0084,TSK-001404,Document template 2,Completed,Acme LLC - Phase 2 Rollout,PHS-00269,Initiate,Amara Berg,,2026-02-23,2026-03-11,0.00,,,,Train workflow 1,,,,,2026-02-23,2026-03-21,0.00,,true,Discovery
PRJ-0084,TSK-001405,Train data model 3,To do,Acme LLC - Phase 2 Rollout,PHS-00269,Initiate,Arjun Diallo,,2026-02-24,2026-03-07,8.49,,,,Document template 2,,,,,,,0.00,,true,
PRJ-0084,TSK-001406,Configure integration 4,Completed,Acme LLC - Phase 2 Rollout,PHS-00269,Initiate,,,2026-02-25,2026-03-22,17.29,,,,Train data model 3,,,,,2026-02-25,2026-02-26,0.00,,true,Transition
PRJ-0084,TSK-001407,Review report 5,To do,Acme LLC - Phase 2 Rollout,PHS-00269,Initiate,Arjun Diallo,,2026-02-26,2026-03-01,36.05,,,,Configure integration 4,,,,,,,0.00,,false,Project Setup
PRJ-0084,TSK-001408,Validate integration 6,Completed,Acme LLC - Phase 2 Rollout,PHS-00269,Initiate,Arjun Diallo,,2026-02-27,2026-03-24,20.33,,,,Review report 5,,,,,2026-02-27,2026-03-09,0.00,,true,Discovery
PRJ-0084,TSK-001409,Train environment 7,In progress,Acme LLC - Phase 2 Rollout,PHS-00268,Getting Started,Arjun Diallo,,2026-02-28,2026-03-20,0.00,,,,Validate integration 6,,,,,2026-02-28,,0.00,,true,Program Management
PRJ-0084,TSK-001410,Migrate data model 8,Completed,Acme LLC - Phase 2 Rollout,PHS-00269,Initiate,Arjun Diallo,,2026-03-01,2026-03-08,12.68,,,,Train environment 7,,,,,2026-03-01,2026-03-08,0.00,,true,Discovery
PRJ-0084,TSK-001411,Validate integration 9,Completed,Acme LLC - Phase 2 Rollout,PHS-00269,Initiate,Arjun Diallo,,2026-03-02,2026-03-03,6.45,,,,Migrate data model 8,,,,,2026-03-02,2026-03-10,0.00,,true,Build and Deployment
PRJ-0084,TSK-001412,Train report 10,To do,Acme LLC - Phase 2 Rollout,PHS-00269,Initiate,Arjun Diallo,,2026-03-03,2026-03-24,0.00,,,,Validate integration 9,,,,,,,0.00,,false,Project Setup
PRJ-0084,TSK-001413,Train integration 11,To do,Acme LLC - Phase 2 Rollout,PHS-00268,Getting Started,Arjun Diallo,,2026-03-04,2026-04-02,0.00,,,,Train report 10,,,,,,,0.00,,true,Transition
PRJ-0084,TSK-001414,Document report 12,Completed,Acme LLC - Phase 2 Rollout,PHS-00268,Getting Started,Amara Berg,,2026-03-05,2026-03-15,38.59,,,,Train integration 11,,,,,2026-03-05,2026-03-26,0.00,,true,Build and Deployment
PRJ-0084,TSK-001415,Configure playbook 13,Completed,Acme LLC - Phase 2 Rollout,PHS-00268,Getting Started,,,2026-03-06,2026-03-25,0.00,,,,"Train workflow 1, Review report 5",,,,,2026-03-06,2026-03-13,0.00,,true,
PRJ-0084,TSK-001416,Review permission set 14,Completed,Acme LLC - Phase 2 Rollout,PHS-00269,Initiate,Amara Berg,,2026-03-07,2026-04-05,0.00,,,,,,,,,2026-03-07,2026-04-04,0.00,,true,Transition
PRJ-0084,TSK-001417,Audit playbook 15,To do,Acme LLC - Phase 2 Rollout,PHS-00269,Initiate,Amara Berg,,2026-03-08,2026-03-30,0.00,,,,,,,,,,,0.00,,true,
PRJ-0084,TSK-001418,Audit permission set 16,Completed,Acme LLC - Phase 2 Rollout,PHS-00268,Getting Started,,,2026-03-09,2026-03-19,0.00,,,,"Train workflow 1, Validate integration 6, Train report 10, Audit playbook 15",,,,,2026-03-09,2026-03-11,0.00,,true,Project Setup
PRJ-0084,TSK-001419,Deploy integration 17,Completed,Acme LLC - Phase 2 Rollout,PHS-00268,Getting Started,Arjun Diallo,,2026-03-10,2026-04-02,0.00,,,,"Train workflow 1, Train environment 7, Validate integration 9, Train integration 11, Configure playbook 13, Audit playbook 15",,,,,2026-03-10,2026-03-15,0.00,,true,Project Setup
PRJ-0084,TSK-001420,Audit workflow 18,Completed,Acme LLC - Phase 2 Rollout,PHS-00268,Getting Started,,,2026-03-11,2026-03-21,26.33,,,,,,,,,2026-03-11,2026-03-18,0.00,,true,Program Management
PRJ-0084,TSK-001421,Validate integration 19,To do,Acme LLC - Phase 2 Rollout,PHS-00268,Getting Started,,,2026-03-12,2026-03-28,0.00,,,,"Review report 5, Validate integration 6, Review permission set 14, Audit permission set 16, Audit workflow 18",,,,,,,0.00,,true,Build and Deployment
PRJ-0084,TSK-001422,Configure integration 20,NA,Acme LLC - Phase 2 Rollout,PHS-00269,Initiate,Arjun Diallo,,2026-03-13,2026-04-10,1.42,,,,"Train workflow 1, Validate integration 9, Audit playbook 15",,,,,,,0.00,,true,Transition
PRJ-0084,TSK-001423,Validate playbook 21,In progress,Acme LLC - Phase 2 Rollout,PHS-00269,Initiate,Amara Berg,,2026-03-14,2026-03-24,0.00,,,,"Train data model 3, Review report 5, Configure playbook 13, Audit workflow 18",,,,,2026-03-14,,0.00,,false,Test Execution
PRJ-0084,TSK-001424,Configure report 22,In progress,Acme LLC - Phase 2 Rollout,PHS-00269,Initiate,,,2026-03-15,2026-03-31,21.85,,,,Audit playbook 15,,,,,2026-03-15,,0.00,,true,Discovery
PRJ-0084,TSK-001425,Configure permission set 23,To do,Acme LLC - Phase 2 Rollout,PHS-00268,Getting Started,Amara Berg,,2026-03-16,2026-03-30,31.44,,,,,,,,,,,0.00,,true,Project Setup
PRJ-0084,TSK-001426,Review report 24,Completed,Acme LLC - Phase 2 Rollout,PHS-00268,Getting Started,,,2026-03-17,2026-04-13,0.00,,,,"Configure playbook 13, Audit workflow 18, Configure report 22, Configure permission set 23",,,,,2026-03-17,2026-03-27,0.00,,false,Project Setup
PRJ-0084,TSK-001427,Document permission set 25,Completed,Acme LLC - Phase 2 Rollout,PHS-00268,Getting Started,Arjun Diallo,,2026-03-18,2026-03-29,32.80,,,,"Document template 2, Train integration 11, Review permission set 14",,,,,2026-03-18,2026-04-06,0.00,,true,Discovery
PRJ-0084,TSK-001428,Configure workflow 26,Completed,Acme LLC - Phase 2 Rollout,PHS-00268,Getting Started,Arjun Diallo,,2026-03-19,2026-03-25,3.21,true,,,"Train environment 7, Train integration 11, Audit permission set 16",,,,,2026-03-19,2026-03-26,0.00,,true,Discovery
PRJ-0084,TSK-001429,Review workflow 27,NA,Acme LLC - Phase 2 Rollout,PHS-00268,Getting Started,Amara Berg,,2026-03-20,2026-03-28,0.00,true,,,Validate playbook 21,,,,,,,0.00,,true,Transition
PRJ-0085,TSK-001430,Audit template 1,Completed,Massive Dynamic GmbH - CLM Implementation,PHS-00270,Getting Started,,,2026-05-27,2026-06-05,8.65,,,,,,,,,2026-05-27,2026-06-23,0.00,,false,Transition
PRJ-0085,TSK-001431,Validate workflow 2,To do,Massive Dynamic GmbH - CLM Implementation,PHS-00271,Initiate,Daniel Kaya,,2026-05-28,2026-06-06,11.65,,,,Audit template 1,,,,,,,0.00,,true,Program Management
PRJ-0085,TSK-001432,Migrate playbook 3,To do,Massive Dynamic GmbH - CLM Implementation,PHS-00271,Initiate,,,2026-05-29,2026-06-07,4.24,,,,Validate workflow 2,,,,,,,0.00,,true,Transition
PRJ-0085,TSK-001433,Deploy template 4,Completed,Massive Dynamic GmbH - CLM Implementation,PHS-00270,Getting Started,Daniel Kaya,,2026-05-30,2026-06-27,24.46,,,,Migrate playbook 3,,,,,2026-05-30,2026-06-07,0.00,,true,Build and Deployment
PRJ-0085,TSK-001434,Deploy template 5,Blocked,Massive Dynamic GmbH - CLM Implementation,PHS-00272,Discover & Design,,,2026-05-31,2026-06-05,0.00,,,,Deploy template 4,,,,,,,0.00,,false,Program Management
PRJ-0085,TSK-001435,Train template 6,To do,Massive Dynamic GmbH - CLM Implementation,PHS-00272,Discover & Design,Kwame Novak,,2026-06-01,2026-06-02,0.00,,,,Deploy template 5,,,,,,,0.00,,true,Transition
PRJ-0085,TSK-001436,Review workflow 7,In progress,Massive Dynamic GmbH - CLM Implementation,PHS-00270,Getting Started,Marco Sato,,2026-06-02,2026-06-06,8.35,,,,Train template 6,,,,,2026-06-02,,0.00,,true,Test Execution
PRJ-0085,TSK-001437,Deploy permission set 8,In progress,Massive Dynamic GmbH - CLM Implementation,PHS-00272,Discover & Design,Daniel Kaya,,2026-06-03,2026-06-23,1.39,,,,Review workflow 7,,,,,2026-06-03,,0.00,,true,Program Management
PRJ-0085,TSK-001438,Train data model 9,To do,Massive Dynamic GmbH - CLM Implementation,PHS-00271,Initiate,,,2026-06-04,2026-06-14,9.24,,,,Deploy permission set 8,,,,,,,0.00,,true,Build and Deployment
PRJ-0085,TSK-001439,Deploy environment 10,To do,Massive Dynamic GmbH - CLM Implementation,PHS-00272,Discover & Design,Marco Sato,,2026-06-05,2026-06-23,0.00,,,,Train data model 9,,,,,,,0.00,,false,Project Setup
PRJ-0085,TSK-001440,Migrate permission set 11,In progress,Massive Dynamic GmbH - CLM Implementation,PHS-00270,Getting Started,,,2026-06-06,2026-06-28,0.00,,,,Deploy environment 10,,,,,2026-06-06,,0.00,,true,Discovery
PRJ-0085,TSK-001441,Document integration 12,Completed,Massive Dynamic GmbH - CLM Implementation,PHS-00272,Discover & Design,Kwame Novak,,2026-06-07,2026-06-29,27.13,,,,Migrate permission set 11,,,,,2026-06-07,2026-07-06,0.00,,true,Project Setup
PRJ-0085,TSK-001442,Audit integration 13,Completed,Massive Dynamic GmbH - CLM Implementation,PHS-00272,Discover & Design,,,2026-06-08,2026-06-25,0.00,,,,"Audit template 1, Migrate playbook 3, Review workflow 7, Deploy permission set 8, Deploy environment 10",,,,,2026-06-08,2026-06-23,0.00,,true,Test Execution
PRJ-0085,TSK-001443,Document workflow 14,Completed,Massive Dynamic GmbH - CLM Implementation,PHS-00272,Discover & Design,Daniel Kaya,,2026-06-09,2026-07-06,7.18,,,,,,,,,2026-06-09,2026-06-25,0.00,,false,Discovery
PRJ-0085,TSK-001444,Validate data model 15,To do,Massive Dynamic GmbH - CLM Implementation,PHS-00272,Discover & Design,Daniel Kaya,,2026-06-10,2026-06-14,2.32,,,,"Audit template 1, Deploy template 5",,,,,,,0.00,,false,Transition
PRJ-0085,TSK-001445,Deploy report 16,To do,Massive Dynamic GmbH - CLM Implementation,PHS-00270,Getting Started,Kwame Novak,,2026-06-11,2026-06-24,0.00,,,,,,,,,,,0.00,,true,Test Execution
PRJ-0085,TSK-001446,Configure environment 17,To do,Massive Dynamic GmbH - CLM Implementation,PHS-00271,Initiate,Marco Sato,,2026-06-12,2026-07-03,4.42,,,,,,,,,,,0.00,,true,Program Management
PRJ-0085,TSK-001447,Audit data model 18,To do,Massive Dynamic GmbH - CLM Implementation,PHS-00270,Getting Started,Hana Kaya,,2026-06-13,2026-07-04,11.95,,,,,,,,,,,0.00,,true,Project Setup
PRJ-0085,TSK-001448,Validate environment 19,Completed,Massive Dynamic GmbH - CLM Implementation,PHS-00271,Initiate,Marco Sato,,2026-06-14,2026-06-27,33.45,,,,Deploy report 16,,,,,2026-06-14,2026-07-12,0.00,,true,Transition
PRJ-0085,TSK-001449,Configure workflow 20,To do,Massive Dynamic GmbH - CLM Implementation,PHS-00270,Getting Started,Marco Sato,,2026-06-15,2026-06-25,0.00,,,,,,,,,,,0.00,,true,
PRJ-0085,TSK-001450,Deploy integration 21,In progress,Massive Dynamic GmbH - CLM Implementation,PHS-00272,Discover & Design,Kwame Novak,,2026-06-16,2026-07-01,28.88,,,,"Audit template 1, Deploy report 16, Validate environment 19",,,,,2026-06-16,,0.00,,true,
PRJ-0085,TSK-001451,Document integration 22,NA,Massive Dynamic GmbH - CLM Implementation,PHS-00270,Getting Started,Mei Kaya,,2026-06-17,2026-07-08,12.34,,,,"Deploy template 4, Deploy template 5, Train template 6, Configure environment 17, Validate environment 19",,,,,,,0.00,,true,Build and Deployment
PRJ-0085,TSK-001452,Configure report 23,To do,Massive Dynamic GmbH - CLM Implementation,PHS-00272,Discover & Design,,,2026-06-18,2026-07-02,16.44,,,,,,,,,,,0.00,,true,Program Management
PRJ-0085,TSK-001453,Configure integration 24,NA,Massive Dynamic GmbH - CLM Implementation,PHS-00271,Initiate,Daniel Kaya,,2026-06-19,2026-06-24,17.28,,,,"Deploy environment 10, Audit integration 13, Configure environment 17",,,,,,,0.00,,true,Transition
PRJ-0085,TSK-001454,Migrate workflow 25,Completed,Massive Dynamic GmbH - CLM Implementation,PHS-00272,Discover & Design,,,2026-06-20,2026-07-20,23.10,true,,,"Validate workflow 2, Train template 6, Deploy permission set 8, Migrate permission set 11",,,,,2026-06-20,2026-07-17,0.00,,false,Program Management
PRJ-0085,TSK-001455,Audit environment 26,To do,Massive Dynamic GmbH - CLM Implementation,PHS-00270,Getting Started,,,2026-06-21,2026-06-30,38.40,true,,,"Validate workflow 2, Review workflow 7, Deploy permission set 8, Train data model 9, Deploy report 16, Configure workflow 20",,,,,,,0.00,,true,Program Management
PRJ-0086,TSK-001456,Train integration 1,To do,Northwind Group - Phase 2 Rollout,PHS-00273,Getting Started,,,2026-05-24,2026-06-08,0.00,,,,,,,,,,,0.00,,true,
PRJ-0086,TSK-001457,Validate workflow 2,To do,Northwind Group - Phase 2 Rollout,PHS-00274,Initiate,Zara Novak,,2026-05-25,2026-06-21,0.00,,,,Train integration 1,,,,,,,0.00,,false,Transition
PRJ-0086,TSK-001458,Review workflow 3,In progress,Northwind Group - Phase 2 Rollout,PHS-00274,Initiate,,,2026-05-26,2026-06-12,0.00,,,,Validate workflow 2,,,,,2026-05-26,,0.00,,true,Test Execution
PRJ-0086,TSK-001459,Review template 4,Completed,Northwind Group - Phase 2 Rollout,PHS-00273,Getting Started,,,2026-05-27,2026-06-23,9.66,,,,Review workflow 3,,,,,2026-05-27,2026-06-06,0.00,,true,
PRJ-0086,TSK-001460,Audit report 5,Completed,Northwind Group - Phase 2 Rollout,PHS-00273,Getting Started,Zara Novak,,2026-05-28,2026-06-16,26.30,,,,Review template 4,,,,,2026-05-28,2026-06-02,0.00,,true,Test Execution
PRJ-0086,TSK-001461,Train workflow 6,In progress,Northwind Group - Phase 2 Rollout,PHS-00273,Getting Started,Elena Diallo,,2026-05-29,2026-06-16,0.00,,,,Audit report 5,,,,,2026-05-29,,0.00,,true,
PRJ-0086,TSK-001462,Review permission set 7,Completed,Northwind Group - Phase 2 Rollout,PHS-00273,Getting Started,,,2026-05-30,2026-06-10,34.19,,,,Train workflow 6,,,,,2026-05-30,2026-06-12,0.00,,true,Project Setup
PRJ-0086,TSK-001463,Migrate report 8,To do,Northwind Group - Phase 2 Rollout,PHS-00273,Getting Started,Elena Diallo,,2026-05-31,2026-06-11,20.09,,,,Review permission set 7,,,,,,,0.00,,true,Project Setup
PRJ-0086,TSK-001464,Deploy integration 9,To do,Northwind Group - Phase 2 Rollout,PHS-00274,Initiate,,,2026-06-01,2026-06-30,12.94,,,,Migrate report 8,,,,,,,0.00,,true,Project Setup
PRJ-0086,TSK-001465,Configure environment 10,Blocked,Northwind Group - Phase 2 Rollout,PHS-00273,Getting Started,,,2026-06-02,2026-06-03,36.69,,,,Deploy integration 9,,,,,,,0.00,,true,Test Execution
PRJ-0086,TSK-001466,Review data model 11,To do,Northwind Group - Phase 2 Rollout,PHS-00273,Getting Started,Elena Diallo,,2026-06-03,2026-06-11,3.60,,,,Configure environment 10,,,,,,,0.00,,true,Project Setup
PRJ-0086,TSK-001467,Train workflow 12,Blocked,Northwind Group - Phase 2 Rollout,PHS-00274,Initiate,,,2026-06-04,2026-06-29,38.74,,,,Review data model 11,,,,,,,0.00,,true,Program Management
PRJ-0086,TSK-001468,Migrate template 13,Completed,Northwind Group - Phase 2 Rollout,PHS-00273,Getting Started,,,2026-06-05,2026-06-20,0.00,,,,"Validate workflow 2, Review workflow 3, Train workflow 6, Configure environment 10",,,,,2026-06-05,2026-07-01,0.00,,true,Project Setup
PRJ-0086,TSK-001469,Audit template 14,To do,Northwind Group - Phase 2 Rollout,PHS-00273,Getting Started,,,2026-06-06,2026-06-09,14.28,,,,"Train workflow 6, Review data model 11",,,,,,,0.00,,true,Discovery
PRJ-0086,TSK-001470,Train permission set 15,Completed,Northwind Group - Phase 2 Rollout,PHS-00274,Initiate,Zara Novak,,2026-06-07,2026-06-17,38.15,,,,"Audit report 5, Train workflow 6, Review permission set 7, Review data model 11",,,,,2026-06-07,2026-06-26,0.00,,false,Program Management
PRJ-0086,TSK-001471,Train environment 16,Completed,Northwind Group - Phase 2 Rollout,PHS-00274,Initiate,Hana Kaya,,2026-06-08,2026-06-12,0.00,,,,"Review workflow 3, Review permission set 7, Deploy integration 9",,,,,2026-06-08,2026-06-09,0.00,,true,Build and Deployment
PRJ-0086,TSK-001472,Review workflow 17,To do,Northwind Group - Phase 2 Rollout,PHS-00273,Getting Started,,,2026-06-09,2026-07-03,0.00,,,,"Train workflow 6, Deploy integration 9, Migrate template 13",,,,,,,0.00,,true,Build and Deployment
PRJ-0086,TSK-001473,Deploy report 18,In progress,Northwind Group - Phase 2 Rollout,PHS-00274,Initiate,Hana Kaya,,2026-06-10,2026-07-10,0.00,,,,"Train integration 1, Audit report 5, Train workflow 6, Deploy integration 9, Train environment 16",,,,,2026-06-10,,0.00,,true,Test Execution
PRJ-0086,TSK-001474,Document workflow 19,Completed,Northwind Group - Phase 2 Rollout,PHS-00274,Initiate,Hana Kaya,,2026-06-11,2026-06-28,0.00,true,,,"Train workflow 6, Configure environment 10",,,,,2026-06-11,2026-06-16,0.00,,true,Build and Deployment
PRJ-0087,TSK-001475,Document environment 1,Completed,Contoso Group - Migration,PHS-00277,Discover & Design,Tomas Novak,,2026-05-01,2026-05-06,0.00,,,,,,,,,2026-05-01,2026-05-25,0.00,,true,
PRJ-0087,TSK-001476,Configure permission set 2,Completed,Contoso Group - Migration,PHS-00277,Discover & Design,Ingrid Sato,,2026-05-02,2026-05-13,27.49,,,,Document environment 1,,,,,2026-05-02,2026-05-12,0.00,,true,Test Execution
PRJ-0087,TSK-001477,Migrate environment 3,Completed,Contoso Group - Migration,PHS-00275,Getting Started,,,2026-05-03,2026-05-20,0.00,,,,Configure permission set 2,,,,,2026-05-03,2026-05-09,0.00,,false,Discovery
PRJ-0087,TSK-001478,Audit integration 4,To do,Contoso Group - Migration,PHS-00275,Getting Started,Ingrid Sato,,2026-05-04,2026-05-11,0.00,,,,Migrate environment 3,,,,,,,0.00,,true,Discovery
PRJ-0087,TSK-001479,Deploy workflow 5,To do,Contoso Group - Migration,PHS-00275,Getting Started,Kwame Rossi,,2026-05-05,2026-06-02,0.00,,,,Audit integration 4,,,,,,,0.00,,true,Project Setup
PRJ-0087,TSK-001480,Train data model 6,In progress,Contoso Group - Migration,PHS-00276,Initiate,Daniel Kaya,,2026-05-06,2026-05-07,0.00,,,,Deploy workflow 5,,,,,2026-05-06,,0.00,,true,Build and Deployment
PRJ-0087,TSK-001481,Review template 7,NA,Contoso Group - Migration,PHS-00275,Getting Started,,,2026-05-07,2026-06-05,9.05,,,,Train data model 6,,,,,,,0.00,,false,Transition
PRJ-0087,TSK-001482,Audit data model 8,In progress,Contoso Group - Migration,PHS-00276,Initiate,,,2026-05-08,2026-05-14,0.00,,,,Review template 7,,,,,2026-05-08,,0.00,,true,Project Setup
PRJ-0087,TSK-001483,Document permission set 9,In progress,Contoso Group - Migration,PHS-00277,Discover & Design,,,2026-05-09,2026-05-30,0.00,,,,Audit data model 8,,,,,2026-05-09,,0.00,,true,Project Setup
PRJ-0087,TSK-001484,Audit data model 10,Completed,Contoso Group - Migration,PHS-00275,Getting Started,Tomas Sato,,2026-05-10,2026-05-27,9.50,,,,Document permission set 9,,,,,2026-05-10,2026-05-17,0.00,,true,Discovery
PRJ-0087,TSK-001485,Configure playbook 11,Completed,Contoso Group - Migration,PHS-00276,Initiate,Daniel Kaya,,2026-05-11,2026-05-31,14.61,,,,Audit data model 10,,,,,2026-05-11,2026-05-26,0.00,,true,Program Management
PRJ-0087,TSK-001486,Audit playbook 12,Completed,Contoso Group - Migration,PHS-00277,Discover & Design,Tomas Novak,,2026-05-12,2026-06-08,11.25,,,,Configure playbook 11,,,,,2026-05-12,2026-05-19,0.00,,true,Program Management
PRJ-0087,TSK-001487,Document template 13,Completed,Contoso Group - Migration,PHS-00277,Discover & Design,,,2026-05-13,2026-05-31,0.00,,,,"Train data model 6, Document permission set 9, Configure playbook 11",,,,,2026-05-13,2026-06-12,0.00,,true,Discovery
PRJ-0087,TSK-001488,Configure workflow 14,Completed,Contoso Group - Migration,PHS-00275,Getting Started,Daniel Kaya,,2026-05-14,2026-06-06,21.34,,,,"Train data model 6, Review template 7, Document permission set 9",,,,,2026-05-14,2026-06-07,0.00,,true,
PRJ-0087,TSK-001489,Validate integration 15,NA,Contoso Group - Migration,PHS-00275,Getting Started,,,2026-05-15,2026-05-24,0.00,,,,"Document environment 1, Train data model 6, Document permission set 9, Audit data model 10, Configure workflow 14",,,,,,,0.00,,true,
PRJ-0087,TSK-001490,Deploy permission set 16,In progress,Contoso Group - Migration,PHS-00277,Discover & Design,Ingrid Sato,,2026-05-16,2026-05-26,36.04,,,,,,,,,2026-05-16,,0.00,,true,Transition
PRJ-0087,TSK-001491,Validate playbook 17,Completed,Contoso Group - Migration,PHS-00276,Initiate,,,2026-05-17,2026-06-05,0.00,,,,"Document environment 1, Deploy workflow 5, Audit data model 8, Document permission set 9, Audit data model 10, Validate integration 15",,,,,2026-05-17,2026-06-03,0.00,,true,Transition
PRJ-0087,TSK-001492,Deploy environment 18,Completed,Contoso Group - Migration,PHS-00275,Getting Started,,,2026-05-18,2026-06-11,33.23,,,,"Document environment 1, Train data model 6, Review template 7, Document permission set 9, Configure workflow 14",,,,,2026-05-18,2026-06-06,0.00,,true,Transition
PRJ-0087,TSK-001493,Deploy playbook 19,To do,Contoso Group - Migration,PHS-00275,Getting Started,,,2026-05-19,2026-06-14,36.14,,,,"Configure permission set 2, Migrate environment 3, Train data model 6, Configure playbook 11, Validate integration 15",,,,,,,0.00,,true,
PRJ-0087,TSK-001494,Review permission set 20,To do,Contoso Group - Migration,PHS-00276,Initiate,Tomas Sato,,2026-05-20,2026-05-27,0.00,true,,,"Configure permission set 2, Migrate environment 3, Audit integration 4, Audit data model 10, Validate integration 15",,,,,,,0.00,,true,Program Management
PRJ-0087,TSK-001495,Audit template 21,Blocked,Contoso Group - Migration,PHS-00275,Getting Started,,,2026-05-21,2026-05-24,10.16,true,,,"Configure permission set 2, Audit integration 4, Validate integration 15, Deploy permission set 16",,,,,,,0.00,,true,Project Setup
PRJ-0088,TSK-001496,Document playbook 1,Completed,Stark LLC - CLM Implementation,PHS-00278,Getting Started,,,2026-05-19,2026-05-28,2.09,,,,,,,,,2026-05-19,2026-06-02,0.00,,true,Project Setup
PRJ-0088,TSK-001497,Document template 2,Completed,Stark LLC - CLM Implementation,PHS-00278,Getting Started,Tomas Sato,,2026-05-20,2026-06-10,12.32,,,,Document playbook 1,,,,,2026-05-20,2026-06-11,0.00,,true,Program Management
PRJ-0088,TSK-001498,Train report 3,Completed,Stark LLC - CLM Implementation,PHS-00279,Initiate,Marco Diallo,,2026-05-21,2026-06-06,37.48,,,,Document template 2,,,,,2026-05-21,2026-06-12,0.00,,true,Discovery
PRJ-0088,TSK-001499,Review workflow 4,Completed,Stark LLC - CLM Implementation,PHS-00278,Getting Started,Marco Sato,,2026-05-22,2026-05-29,0.00,,,,Train report 3,,,,,2026-05-22,2026-06-13,0.00,,false,Program Management
PRJ-0088,TSK-001500,Train template 5,Completed,Stark LLC - CLM Implementation,PHS-00278,Getting Started,Elena Sato,,2026-05-23,2026-05-29,33.28,,,,Review workflow 4,,,,,2026-05-23,2026-06-14,0.00,,false,Build and Deployment
PRJ-0088,TSK-001501,Migrate report 6,Completed,Stark LLC - CLM Implementation,PHS-00278,Getting Started,Marco Diallo,,2026-05-24,2026-06-22,0.00,,,,Train template 5,,,,,2026-05-24,2026-05-28,0.00,,true,Project Setup
PRJ-0088,TSK-001502,Audit template 7,Completed,Stark LLC - CLM Implementation,PHS-00278,Getting Started,Marco Diallo,,2026-05-25,2026-06-15,16.50,,,,Migrate report 6,,,,,2026-05-25,2026-06-23,0.00,,true,Build and Deployment
PRJ-0088,TSK-001503,Deploy template 8,Completed,Stark LLC - CLM Implementation,PHS-00279,Initiate,,,2026-05-26,2026-06-10,8.31,,,,Audit template 7,,,,,2026-05-26,2026-06-02,0.00,,true,Project Setup
PRJ-0088,TSK-001504,Train template 9,In progress,Stark LLC - CLM Implementation,PHS-00279,Initiate,Marco Sato,,2026-05-27,2026-05-29,8.38,,,,Deploy template 8,,,,,2026-05-27,,0.00,,true,Project Setup
PRJ-0088,TSK-001505,Configure report 10,Completed,Stark LLC - CLM Implementation,PHS-00279,Initiate,Tomas Sato,,2026-05-28,2026-06-26,1.56,,,,Train template 9,,,,,2026-05-28,2026-06-10,0.00,,true,Discovery
PRJ-0088,TSK-001506,Audit template 11,In progress,Stark LLC - CLM Implementation,PHS-00280,Discover & Design,Marco Diallo,,2026-05-29,2026-06-26,0.00,,,,Configure report 10,,,,,2026-05-29,,0.00,,true,Transition
PRJ-0088,TSK-001507,Train integration 12,Completed,Stark LLC - CLM Implementation,PHS-00279,Initiate,Marco Sato,,2026-05-30,2026-06-27,24.28,,,,Audit template 11,,,,,2026-05-30,2026-06-21,0.00,,true,Build and Deployment
PRJ-0088,TSK-001508,Review permission set 13,Completed,Stark LLC - CLM Implementation,PHS-00280,Discover & Design,Tomas Sato,,2026-05-31,2026-06-02,15.60,,,,,,,,,2026-05-31,2026-06-08,0.00,,false,Project Setup
PRJ-0088,TSK-001509,Review data model 14,To do,Stark LLC - CLM Implementation,PHS-00279,Initiate,Marco Diallo,,2026-06-01,2026-06-02,11.17,,,,"Document template 2, Review workflow 4, Migrate report 6",,,,,,,0.00,,false,Transition
PRJ-0088,TSK-001510,Review permission set 15,In progress,Stark LLC - CLM Implementation,PHS-00280,Discover & Design,Marco Sato,,2026-06-02,2026-06-19,0.00,true,,,"Document template 2, Review workflow 4, Train template 9, Audit template 11, Review permission set 13",,,,,2026-06-02,,0.00,,true,Test Execution
PRJ-0089,TSK-001511,Deploy environment 1,Completed,Wonka Inc - CLM Implementation,PHS-00283,Discover & Design,Kwame Novak,,2026-06-14,2026-06-18,6.19,,,,,,,,,2026-06-14,2026-06-20,0.00,,true,Program Management
PRJ-0089,TSK-001512,Migrate environment 2,Completed,Wonka Inc - CLM Implementation,PHS-00283,Discover & Design,Sofia Berg,,2026-06-15,2026-07-03,0.00,,,,Deploy environment 1,,,,,2026-06-15,2026-06-16,0.00,,false,Test Execution
PRJ-0089,TSK-001513,Train report 3,To do,Wonka Inc - CLM Implementation,PHS-00281,Getting Started,Lena Rossi,,2026-06-16,2026-06-28,0.00,,,,Migrate environment 2,,,,,,,0.00,,true,
PRJ-0089,TSK-001514,Audit integration 4,To do,Wonka Inc - CLM Implementation,PHS-00281,Getting Started,,,2026-06-17,2026-07-05,34.06,,,,Train report 3,,,,,,,0.00,,true,
PRJ-0089,TSK-001515,Configure data model 5,Completed,Wonka Inc - CLM Implementation,PHS-00282,Initiate,Sofia Berg,,2026-06-18,2026-07-03,37.57,,,,Audit integration 4,,,,,2026-06-18,2026-07-09,0.00,,true,Discovery
PRJ-0089,TSK-001516,Train integration 6,In progress,Wonka Inc - CLM Implementation,PHS-00282,Initiate,Amara Sato,,2026-06-19,2026-07-11,20.76,,,,Configure data model 5,,,,,2026-06-19,,0.00,,false,Program Management
PRJ-0089,TSK-001517,Deploy report 7,Completed,Wonka Inc - CLM Implementation,PHS-00283,Discover & Design,Kwame Novak,,2026-06-20,2026-07-03,39.31,,,,Train integration 6,,,,,2026-06-20,2026-07-02,0.00,,true,Transition
PRJ-0089,TSK-001518,Audit permission set 8,Completed,Wonka Inc - CLM Implementation,PHS-00281,Getting Started,,,2026-06-21,2026-07-10,26.17,,,,Deploy report 7,,,,,2026-06-21,2026-07-08,0.00,,false,Transition
PRJ-0089,TSK-001519,Document playbook 9,Completed,Wonka Inc - CLM Implementation,PHS-00281,Getting Started,Lena Rossi,,2026-06-22,2026-07-13,37.51,,,,Audit permission set 8,,,,,2026-06-22,2026-07-14,0.00,,true,Build and Deployment
PRJ-0089,TSK-001520,Document data model 10,Completed,Wonka Inc - CLM Implementation,PHS-00281,Getting Started,,,2026-06-23,2026-07-23,32.09,,,,Document playbook 9,,,,,2026-06-23,2026-07-15,0.00,,true,Test Execution
PRJ-0089,TSK-001521,Configure integration 11,Completed,Wonka Inc - CLM Implementation,PHS-00283,Discover & Design,,,2026-06-24,2026-06-30,22.80,,,,Document data model 10,,,,,2026-06-24,2026-07-19,0.00,,true,
PRJ-0089,TSK-001522,Migrate environment 12,NA,Wonka Inc - CLM Implementation,PHS-00283,Discover & Design,,,2026-06-25,2026-07-10,37.82,,,,Configure integration 11,,,,,,,0.00,,true,Project Setup
PRJ-0089,TSK-001523,Document report 13,Completed,Wonka Inc - CLM Implementation,PHS-00282,Initiate,Sofia Berg,,2026-06-26,2026-06-29,29.44,,,,"Configure data model 5, Train integration 6, Document playbook 9, Document data model 10",,,,,2026-06-26,2026-07-26,0.00,,true,
PRJ-0089,TSK-001524,Deploy permission set 14,Completed,Wonka Inc - CLM Implementation,PHS-00282,Initiate,,,2026-06-27,2026-07-08,0.90,,,,"Deploy environment 1, Audit integration 4, Configure data model 5, Document data model 10, Document report 13",,,,,2026-06-27,2026-07-08,0.00,,false,Program Management
PRJ-0089,TSK-001525,Deploy workflow 15,To do,Wonka Inc - CLM Implementation,PHS-00282,Initiate,Kwame Novak,,2026-06-28,2026-07-04,0.00,,,,"Deploy environment 1, Deploy report 7, Document playbook 9",,,,,,,0.00,,true,Project Setup
PRJ-0089,TSK-001526,Migrate report 16,Completed,Wonka Inc - CLM Implementation,PHS-00282,Initiate,Lena Rossi,,2026-06-29,2026-07-07,30.70,,,,,,,,,2026-06-29,2026-07-04,0.00,,true,Program Management
PRJ-0089,TSK-001527,Configure integration 17,Completed,Wonka Inc - CLM Implementation,PHS-00281,Getting Started,Amara Sato,,2026-06-30,2026-07-19,11.51,true,,,,,,,,2026-06-30,2026-07-10,0.00,,true,Test Execution
PRJ-0090,TSK-001528,Migrate environment 1,Completed,Aperture Ltd - Enterprise Rollout,PHS-00288,Test,Hana Kaya,,2026-06-04,2026-06-29,0.00,,,,,,,,,2026-06-04,2026-07-02,0.00,,true,Program Management
PRJ-0090,TSK-001529,Document permission set 2,Completed,Aperture Ltd - Enterprise Rollout,PHS-00284,Getting Started,Zara Kaya,,2026-06-05,2026-06-07,8.01,,,,Migrate environment 1,,,,,2026-06-05,2026-06-20,0.00,,true,Test Execution
PRJ-0090,TSK-001530,Migrate template 3,To do,Aperture Ltd - Enterprise Rollout,PHS-00288,Test,Hana Kaya,,2026-06-06,2026-07-06,0.00,,,,Document permission set 2,,,,,,,0.00,,true,
PRJ-0090,TSK-001531,Document data model 4,Completed,Aperture Ltd - Enterprise Rollout,PHS-00286,Discover & Design,Hana Kaya,,2026-06-07,2026-06-15,34.12,,,,Migrate template 3,,,,,2026-06-07,2026-07-04,0.00,,true,Transition
PRJ-0090,TSK-001532,Validate workflow 5,Completed,Aperture Ltd - Enterprise Rollout,PHS-00289,Transfer,Hana Kaya,,2026-06-08,2026-06-17,10.94,,,,Document data model 4,,,,,2026-06-08,2026-06-16,0.00,,true,Project Setup
PRJ-0090,TSK-001533,Deploy environment 6,To do,Aperture Ltd - Enterprise Rollout,PHS-00285,Initiate,Hana Kaya,,2026-06-09,2026-07-08,10.84,,,,Validate workflow 5,,,,,,,0.00,,true,Project Setup
PRJ-0090,TSK-001534,Train report 7,To do,Aperture Ltd - Enterprise Rollout,PHS-00289,Transfer,,,2026-06-10,2026-06-29,0.00,,,,Deploy environment 6,,,,,,,0.00,,true,
PRJ-0090,TSK-001535,Train integration 8,To do,Aperture Ltd - Enterprise Rollout,PHS-00286,Discover & Design,Hana Kaya,,2026-06-11,2026-06-22,0.00,,,,Train report 7,,,,,,,0.00,,true,Test Execution
PRJ-0090,TSK-001536,Review report 9,To do,Aperture Ltd - Enterprise Rollout,PHS-00284,Getting Started,,,2026-06-12,2026-06-15,0.00,,,,Train integration 8,,,,,,,0.00,,true,Project Setup
PRJ-0090,TSK-001537,Audit permission set 10,In progress,Aperture Ltd - Enterprise Rollout,PHS-00284,Getting Started,,,2026-06-13,2026-06-29,24.33,,,,Review report 9,,,,,2026-06-13,,0.00,,true,Program Management
PRJ-0090,TSK-001538,Train integration 11,Blocked,Aperture Ltd - Enterprise Rollout,PHS-00288,Test,,,2026-06-14,2026-06-18,0.00,,,,Audit permission set 10,,,,,,,0.00,,true,Build and Deployment
PRJ-0090,TSK-001539,Deploy data model 12,In progress,Aperture Ltd - Enterprise Rollout,PHS-00288,Test,Hana Kaya,,2026-06-15,2026-06-29,0.00,,,,Train integration 11,,,,,2026-06-15,,0.00,,true,Project Setup
PRJ-0090,TSK-001540,Audit integration 13,Completed,Aperture Ltd - Enterprise Rollout,PHS-00289,Transfer,Zara Kaya,,2026-06-16,2026-07-14,31.17,,,,,TSK-001529,Document permission set 2,,,2026-06-16,2026-06-28,0.00,,true,Project Setup
PRJ-0090,TSK-001541,Validate permission set 14,In progress,Aperture Ltd - Enterprise Rollout,PHS-00288,Test,,,2026-06-17,2026-07-16,39.01,,,,,,,,,2026-06-17,,0.00,,true,Project Setup
PRJ-0090,TSK-001542,Train environment 15,To do,Aperture Ltd - Enterprise Rollout,PHS-00284,Getting Started,Hana Kaya,,2026-06-18,2026-07-17,38.62,,,,,,,,,,,0.00,,true,Test Execution
PRJ-0090,TSK-001543,Migrate template 16,NA,Aperture Ltd - Enterprise Rollout,PHS-00285,Initiate,Zara Kaya,,2026-06-19,2026-06-24,10.64,,,,,,,,,,,0.00,,true,Project Setup
PRJ-0090,TSK-001544,Document data model 17,In progress,Aperture Ltd - Enterprise Rollout,PHS-00289,Transfer,Zara Kaya,,2026-06-20,2026-07-13,28.12,,,,"Migrate environment 1, Migrate template 16",,,,,2026-06-20,,0.00,,true,Project Setup
PRJ-0090,TSK-001545,Review playbook 18,Completed,Aperture Ltd - Enterprise Rollout,PHS-00284,Getting Started,,,2026-06-21,2026-07-03,30.53,true,,,Validate workflow 5,,,,,2026-06-21,2026-07-05,0.00,,false,Build and Deployment
PRJ-0091,TSK-001546,Validate permission set 1,NA,Stark GmbH - CLM Implementation,PHS-00293,Configure & Build,Yusuf Sato,,2026-04-18,2026-05-15,0.00,,,,,,,,,,,0.00,,true,Discovery
PRJ-0091,TSK-001547,Validate data model 2,NA,Stark GmbH - CLM Implementation,PHS-00293,Configure & Build,,,2026-04-19,2026-05-14,0.00,,,,Validate permission set 1,,,,,,,0.00,,false,
PRJ-0091,TSK-001548,Document integration 3,In progress,Stark GmbH - CLM Implementation,PHS-00292,Discover & Design,Yusuf Sato,,2026-04-20,2026-05-13,0.00,,,,Validate data model 2,,,,,2026-04-20,,0.00,,true,Test Execution
PRJ-0091,TSK-001549,Configure template 4,In progress,Stark GmbH - CLM Implementation,PHS-00292,Discover & Design,Zara Novak,,2026-04-21,2026-05-02,26.82,,,,Document integration 3,,,,,2026-04-21,,0.00,,true,
PRJ-0091,TSK-001550,Validate environment 5,Completed,Stark GmbH - CLM Implementation,PHS-00293,Configure & Build,Yusuf Sato,,2026-04-22,2026-05-12,38.65,,,,Configure template 4,,,,,2026-04-22,2026-05-02,0.00,,true,Transition
PRJ-0091,TSK-001551,Document integration 6,Completed,Stark GmbH - CLM Implementation,PHS-00290,Getting Started,Tomas Novak,,2026-04-23,2026-04-28,8.12,,,,Validate environment 5,,,,,2026-04-23,2026-04-30,0.00,,true,
PRJ-0091,TSK-001552,Configure integration 7,Completed,Stark GmbH - CLM Implementation,PHS-00291,Initiate,Zara Novak,,2026-04-24,2026-05-10,18.13,,,,Document integration 6,,,,,2026-04-24,2026-05-07,0.00,,true,Test Execution
PRJ-0091,TSK-001553,Review playbook 8,Completed,Stark GmbH - CLM Implementation,PHS-00291,Initiate,Arjun Diallo,,2026-04-25,2026-05-08,0.00,,,,Configure integration 7,,,,,2026-04-25,2026-05-13,0.00,,true,Transition
PRJ-0091,TSK-001554,Validate data model 9,Completed,Stark GmbH - CLM Implementation,PHS-00292,Discover & Design,,,2026-04-26,2026-05-02,36.06,,,,Review playbook 8,,,,,2026-04-26,2026-05-26,0.00,,false,Test Execution
PRJ-0091,TSK-001555,Configure data model 10,In progress,Stark GmbH - CLM Implementation,PHS-00292,Discover & Design,Arjun Sato,,2026-04-27,2026-05-18,39.94,,,,Validate data model 9,,,,,2026-04-27,,0.00,,false,Discovery
PRJ-0091,TSK-001556,Validate workflow 11,Completed,Stark GmbH - CLM Implementation,PHS-00292,Discover & Design,Yusuf Sato,,2026-04-28,2026-05-27,0.00,,,,Configure data model 10,,,,,2026-04-28,2026-05-11,0.00,,false,Transition
PRJ-0091,TSK-001557,Review data model 12,To do,Stark GmbH - CLM Implementation,PHS-00291,Initiate,,,2026-04-29,2026-05-04,0.00,,,,Validate workflow 11,,,,,,,0.00,,true,
PRJ-0091,TSK-001558,Review integration 13,Completed,Stark GmbH - CLM Implementation,PHS-00290,Getting Started,Arjun Sato,,2026-04-30,2026-05-11,38.97,,,,"Document integration 3, Validate environment 5, Validate data model 9, Validate workflow 11",,,,,2026-04-30,2026-05-18,0.00,,true,Program Management
PRJ-0091,TSK-001559,Validate report 14,Completed,Stark GmbH - CLM Implementation,PHS-00294,Test,Yusuf Sato,,2026-05-01,2026-05-09,9.25,,,,"Validate permission set 1, Validate data model 2, Configure template 4, Configure integration 7",,,,,2026-05-01,2026-05-31,0.00,,true,Project Setup
PRJ-0091,TSK-001560,Document integration 15,Completed,Stark GmbH - CLM Implementation,PHS-00295,Transfer,Zara Novak,,2026-05-02,2026-05-24,35.24,,,,,,,,,2026-05-02,2026-05-12,0.00,,true,Program Management
PRJ-0091,TSK-001561,Configure template 16,In progress,Stark GmbH - CLM Implementation,PHS-00290,Getting Started,,,2026-05-03,2026-06-02,0.00,,,,"Validate data model 2, Configure template 4, Validate environment 5, Configure integration 7, Validate report 14",,,,,2026-05-03,,0.00,,true,Project Setup
PRJ-0091,TSK-001562,Document template 17,In progress,Stark GmbH - CLM Implementation,PHS-00292,Discover & Design,,,2026-05-04,2026-05-22,17.48,,,,"Validate data model 2, Validate environment 5, Configure template 16",,,,,2026-05-04,,0.00,,true,
PRJ-0091,TSK-001563,Migrate playbook 18,Completed,Stark GmbH - CLM Implementation,PHS-00291,Initiate,Yusuf Sato,,2026-05-05,2026-05-06,0.00,,,,"Document integration 3, Document integration 6, Validate workflow 11",,,,,2026-05-05,2026-05-07,0.00,,true,
PRJ-0091,TSK-001564,Deploy playbook 19,To do,Stark GmbH - CLM Implementation,PHS-00290,Getting Started,Noah Diallo,,2026-05-06,2026-05-10,0.00,,,,,,,,,,,0.00,,true,Test Execution
PRJ-0091,TSK-001565,Migrate integration 20,Completed,Stark GmbH - CLM Implementation,PHS-00294,Test,,,2026-05-07,2026-06-02,0.09,,,,,,,,,2026-05-07,2026-05-21,0.00,,true,Transition
PRJ-0091,TSK-001566,Migrate report 21,Completed,Stark GmbH - CLM Implementation,PHS-00293,Configure & Build,Zara Novak,,2026-05-08,2026-05-12,4.82,true,,,"Configure template 4, Validate report 14, Document integration 15, Document template 17, Migrate integration 20",,,,,2026-05-08,2026-06-05,0.00,,true,Build and Deployment
PRJ-0091,TSK-001567,Document data model 22,Completed,Stark GmbH - CLM Implementation,PHS-00290,Getting Started,Arjun Sato,,2026-05-09,2026-05-11,0.00,true,,,,,,,,2026-05-09,2026-06-05,0.00,,true,Discovery
PRJ-0092,TSK-001568,Audit data model 1,In progress,Umbrella Inc - Phase 1 Implementation,PHS-00297,Initiate,Zara Kaya,,2026-05-19,2026-06-03,0.00,,,,,,,,,2026-05-19,,0.00,,true,Transition
PRJ-0092,TSK-001569,Validate report 2,In progress,Umbrella Inc - Phase 1 Implementation,PHS-00297,Initiate,Elena Diallo,,2026-05-20,2026-06-07,0.00,,,,Audit data model 1,,,,,2026-05-20,,0.00,,true,
PRJ-0092,TSK-001570,Audit playbook 3,In progress,Umbrella Inc - Phase 1 Implementation,PHS-00298,Discover & Design,Zara Kaya,,2026-05-21,2026-06-14,0.00,,,,Validate report 2,,,,,2026-05-21,,0.00,,true,Build and Deployment
PRJ-0092,TSK-001571,Deploy environment 4,In progress,Umbrella Inc - Phase 1 Implementation,PHS-00296,Getting Started,Zara Kaya,,2026-05-22,2026-06-02,4.34,,,,Audit playbook 3,,,,,2026-05-22,,0.00,,true,Test Execution
PRJ-0092,TSK-001572,Document playbook 5,To do,Umbrella Inc - Phase 1 Implementation,PHS-00296,Getting Started,Tomas Sato,,2026-05-23,2026-06-14,0.00,,,,Deploy environment 4,,,,,,,0.00,,true,Transition
PRJ-0092,TSK-001573,Validate playbook 6,To do,Umbrella Inc - Phase 1 Implementation,PHS-00298,Discover & Design,Yusuf Sato,,2026-05-24,2026-05-29,34.25,,,,Document playbook 5,,,,,,,0.00,,true,Project Setup
PRJ-0092,TSK-001574,Document playbook 7,In progress,Umbrella Inc - Phase 1 Implementation,PHS-00297,Initiate,,,2026-05-25,2026-06-01,0.00,,,,Validate playbook 6,,,,,2026-05-25,,0.00,,true,Build and Deployment
PRJ-0092,TSK-001575,Document permission set 8,In progress,Umbrella Inc - Phase 1 Implementation,PHS-00297,Initiate,Zara Kaya,,2026-05-26,2026-06-17,0.00,,,,Document playbook 7,,,,,2026-05-26,,0.00,,true,Test Execution
PRJ-0092,TSK-001576,Train template 9,To do,Umbrella Inc - Phase 1 Implementation,PHS-00297,Initiate,Tomas Sato,,2026-05-27,2026-06-04,0.00,,,,Document permission set 8,,,,,,,0.00,,false,Build and Deployment
PRJ-0092,TSK-001577,Validate report 10,In progress,Umbrella Inc - Phase 1 Implementation,PHS-00296,Getting Started,Yusuf Sato,,2026-05-28,2026-06-06,0.00,,,,Train template 9,,,,,2026-05-28,,0.00,,true,Project Setup
PRJ-0092,TSK-001578,Configure template 11,To do,Umbrella Inc - Phase 1 Implementation,PHS-00298,Discover & Design,,,2026-05-29,2026-06-28,0.00,,,,Validate report 10,,,,,,,0.00,,true,Transition
PRJ-0092,TSK-001579,Configure permission set 12,Blocked,Umbrella Inc - Phase 1 Implementation,PHS-00297,Initiate,Tomas Sato,,2026-05-30,2026-06-19,22.17,,,,Configure template 11,,,,,,,0.00,,true,Test Execution
PRJ-0092,TSK-001580,Migrate workflow 13,To do,Umbrella Inc - Phase 1 Implementation,PHS-00297,Initiate,Tomas Sato,,2026-05-31,2026-06-07,18.50,,,,"Audit data model 1, Audit playbook 3, Document permission set 8",,,,,,,0.00,,true,Test Execution
PRJ-0092,TSK-001581,Deploy playbook 14,Completed,Umbrella Inc - Phase 1 Implementation,PHS-00297,Initiate,Zara Kaya,,2026-06-01,2026-06-28,0.00,,,,"Audit data model 1, Document playbook 5, Validate playbook 6, Document permission set 8, Train template 9, Validate report 10",,,,,2026-06-01,2026-06-27,0.00,,true,Program Management
PRJ-0092,TSK-001582,Train report 15,Completed,Umbrella Inc - Phase 1 Implementation,PHS-00298,Discover & Design,,,2026-06-02,2026-06-11,13.23,,,,"Audit data model 1, Audit playbook 3, Deploy environment 4, Document playbook 7, Validate report 10, Configure template 11",,,,,2026-06-02,2026-07-02,0.00,,false,Discovery
PRJ-0092,TSK-001583,Train environment 16,In progress,Umbrella Inc - Phase 1 Implementation,PHS-00298,Discover & Design,Tomas Sato,,2026-06-03,2026-06-22,34.29,,,,,,,,,2026-06-03,,0.00,,false,Program Management
PRJ-0092,TSK-001584,Deploy workflow 17,In progress,Umbrella Inc - Phase 1 Implementation,PHS-00296,Getting Started,Elena Diallo,,2026-06-04,2026-07-03,0.00,,,,,,,,,2026-06-04,,0.00,,false,Program Management
PRJ-0092,TSK-001585,Audit environment 18,Completed,Umbrella Inc - Phase 1 Implementation,PHS-00297,Initiate,Yusuf Sato,,2026-06-05,2026-06-13,18.90,,,,"Audit playbook 3, Document playbook 5, Document playbook 7, Validate report 10",,,,,2026-06-05,2026-06-22,0.00,,false,Test Execution
PRJ-0092,TSK-001586,Migrate integration 19,To do,Umbrella Inc - Phase 1 Implementation,PHS-00298,Discover & Design,Zara Kaya,,2026-06-06,2026-06-15,0.00,,,,,,,,,,,0.00,,true,Test Execution
PRJ-0092,TSK-001587,Migrate permission set 20,Completed,Umbrella Inc - Phase 1 Implementation,PHS-00296,Getting Started,Tomas Sato,,2026-06-07,2026-06-10,34.56,,,,,,,,,2026-06-07,2026-06-19,0.00,,true,Program Management
PRJ-0092,TSK-001588,Train playbook 21,Completed,Umbrella Inc - Phase 1 Implementation,PHS-00298,Discover & Design,,,2026-06-08,2026-06-12,11.18,,,,"Configure template 11, Deploy workflow 17",,,,,2026-06-08,2026-06-18,0.00,,true,Test Execution
PRJ-0092,TSK-001589,Document report 22,In progress,Umbrella Inc - Phase 1 Implementation,PHS-00297,Initiate,Tomas Sato,,2026-06-09,2026-06-17,0.00,,,,,,,,,2026-06-09,,0.00,,true,Test Execution
PRJ-0092,TSK-001590,Configure data model 23,NA,Umbrella Inc - Phase 1 Implementation,PHS-00297,Initiate,Elena Diallo,,2026-06-10,2026-07-02,24.55,,,,"Validate playbook 6, Document playbook 7, Deploy workflow 17, Migrate permission set 20",,,,,,,0.00,,true,Program Management
PRJ-0092,TSK-001591,Audit permission set 24,Completed,Umbrella Inc - Phase 1 Implementation,PHS-00296,Getting Started,,,2026-06-11,2026-06-25,0.57,,,,"Validate report 2, Train template 9, Train environment 16, Migrate integration 19",,,,,2026-06-11,2026-07-06,0.00,,true,Build and Deployment
PRJ-0092,TSK-001592,Train playbook 25,Completed,Umbrella Inc - Phase 1 Implementation,PHS-00298,Discover & Design,Yusuf Sato,,2026-06-12,2026-06-27,0.00,true,,,"Audit playbook 3, Document permission set 8, Migrate workflow 13, Audit permission set 24",,,,,2026-06-12,2026-07-08,0.00,,true,Discovery
PRJ-0092,TSK-001593,Validate integration 26,NA,Umbrella Inc - Phase 1 Implementation,PHS-00298,Discover & Design,Tomas Sato,,2026-06-13,2026-07-01,0.00,true,,,,,,,,,,0.00,,false,
PRJ-0093,TSK-001594,Configure permission set 1,Completed,Northwind Ltd - CLM Implementation,PHS-00302,Configure & Build,Ingrid Sato,,2026-07-17,2026-07-28,16.25,,,,,,,,,2026-07-17,2026-07-23,0.00,,false,Project Setup
PRJ-0093,TSK-001595,Train playbook 2,Completed,Northwind Ltd - CLM Implementation,PHS-00299,Getting Started,Mei Kaya,,2026-07-18,2026-07-20,0.83,,,,Configure permission set 1,,,,,2026-07-18,2026-08-15,0.00,,true,Build and Deployment
PRJ-0093,TSK-001596,Document template 3,Completed,Northwind Ltd - CLM Implementation,PHS-00302,Configure & Build,Mei Kaya,,2026-07-19,2026-08-12,39.50,,,,Train playbook 2,,,,,2026-07-19,2026-07-23,0.00,,true,Discovery
PRJ-0093,TSK-001597,Migrate data model 4,Completed,Northwind Ltd - CLM Implementation,PHS-00299,Getting Started,Mei Kaya,,2026-07-20,2026-08-15,6.31,,,,Document template 3,,,,,2026-07-20,2026-07-25,0.00,,true,Discovery
PRJ-0093,TSK-001598,Configure integration 5,Completed,Northwind Ltd - CLM Implementation,PHS-00299,Getting Started,,,2026-07-21,2026-07-24,23.48,,,,Migrate data model 4,,,,,2026-07-21,2026-08-04,0.00,,false,Project Setup
PRJ-0093,TSK-001599,Migrate report 6,Completed,Northwind Ltd - CLM Implementation,PHS-00299,Getting Started,Mei Kaya,,2026-07-22,2026-08-08,0.00,,,,Configure integration 5,,,,,2026-07-22,2026-08-21,0.00,,true,Project Setup
PRJ-0093,TSK-001600,Migrate data model 7,Completed,Northwind Ltd - CLM Implementation,PHS-00299,Getting Started,Hana Kaya,,2026-07-23,2026-08-04,0.00,,,,Migrate report 6,,,,,2026-07-23,2026-08-14,0.00,,true,Build and Deployment
PRJ-0093,TSK-001601,Document playbook 8,Completed,Northwind Ltd - CLM Implementation,PHS-00302,Configure & Build,Mei Kaya,,2026-07-24,2026-08-19,35.42,,,,Migrate data model 7,,,,,2026-07-24,2026-08-19,0.00,,true,Discovery
PRJ-0093,TSK-001602,Validate template 9,Completed,Northwind Ltd - CLM Implementation,PHS-00302,Configure & Build,Ingrid Sato,,2026-07-25,2026-08-22,25.13,,,,Document playbook 8,,,,,2026-07-25,2026-07-28,0.00,,true,Build and Deployment
PRJ-0093,TSK-001603,Deploy integration 10,Completed,Northwind Ltd - CLM Implementation,PHS-00300,Initiate,Mei Kaya,,2026-07-26,2026-08-19,19.98,,,,Validate template 9,,,,,2026-07-26,2026-08-16,0.00,,true,Build and Deployment
PRJ-0093,TSK-001604,Deploy data model 11,Completed,Northwind Ltd - CLM Implementation,PHS-00302,Configure & Build,,,2026-07-27,2026-08-23,4.11,,,,Deploy integration 10,,,,,2026-07-27,2026-08-09,0.00,,true,
PRJ-0093,TSK-001605,Train playbook 12,Completed,Northwind Ltd - CLM Implementation,PHS-00302,Configure & Build,Mei Kaya,,2026-07-28,2026-08-25,0.81,,,,Deploy data model 11,,,,,2026-07-28,2026-08-01,0.00,,true,Program Management
PRJ-0093,TSK-001606,Configure data model 13,Completed,Northwind Ltd - CLM Implementation,PHS-00302,Configure & Build,Mei Kaya,,2026-07-29,2026-08-02,0.00,,,,"Migrate data model 4, Migrate report 6, Migrate data model 7, Deploy integration 10",,,,,2026-07-29,2026-08-27,0.00,,true,Program Management
PRJ-0093,TSK-001607,Deploy environment 14,Completed,Northwind Ltd - CLM Implementation,PHS-00299,Getting Started,,,2026-07-30,2026-08-02,0.00,,,,"Document template 3, Migrate data model 4, Deploy integration 10",,,,,2026-07-30,2026-08-08,0.00,,true,Build and Deployment
PRJ-0093,TSK-001608,Validate permission set 15,Completed,Northwind Ltd - CLM Implementation,PHS-00299,Getting Started,Daniel Kaya,,2026-07-31,2026-08-27,38.77,,,,"Train playbook 2, Migrate data model 4, Validate template 9",,,,,2026-07-31,2026-08-27,0.00,,true,Discovery
PRJ-0093,TSK-001609,Deploy template 16,Completed,Northwind Ltd - CLM Implementation,PHS-00299,Getting Started,Daniel Kaya,,2026-08-01,2026-08-30,9.92,,,,,,,,,2026-08-01,2026-08-30,0.00,,true,
PRJ-0093,TSK-001610,Document report 17,Completed,Northwind Ltd - CLM Implementation,PHS-00299,Getting Started,,,2026-08-02,2026-08-13,0.00,,,,,,,,,2026-08-02,2026-08-20,0.00,,false,Program Management
PRJ-0093,TSK-001611,Configure integration 18,Completed,Northwind Ltd - CLM Implementation,PHS-00302,Configure & Build,Hana Kaya,,2026-08-03,2026-08-27,30.15,,,,"Validate template 9, Configure data model 13, Validate permission set 15",,,,,2026-08-03,2026-08-28,0.00,,true,Build and Deployment
PRJ-0093,TSK-001612,Validate workflow 19,Completed,Northwind Ltd - CLM Implementation,PHS-00302,Configure & Build,Hana Kaya,,2026-08-04,2026-08-08,30.07,true,,,,,,,,2026-08-04,2026-08-06,0.00,,false,Project Setup
PRJ-0093,TSK-001613,Configure report 20,Completed,Northwind Ltd - CLM Implementation,PHS-00299,Getting Started,,,2026-08-05,2026-08-29,4.94,true,,,"Configure integration 5, Deploy integration 10, Configure data model 13",,,,,2026-08-05,2026-08-26,0.00,,false,Discovery
PRJ-0094,TSK-001614,Validate playbook 1,In progress,Wonka LLC - Integration Program,PHS-00304,Initiate,,,2026-04-03,2026-04-11,5.09,,,,,,,,,2026-04-03,,0.00,,true,Test Execution
PRJ-0094,TSK-001615,Configure report 2,To do,Wonka LLC - Integration Program,PHS-00303,Getting Started,Noah Novak,,2026-04-04,2026-04-23,22.15,,,,Validate playbook 1,,,,,,,0.00,,true,Program Management
PRJ-0094,TSK-001616,Migrate data model 3,To do,Wonka LLC - Integration Program,PHS-00304,Initiate,Noah Diallo,,2026-04-05,2026-04-16,0.00,,,,Configure report 2,,,,,,,0.00,,true,Program Management
PRJ-0094,TSK-001617,Configure data model 4,To do,Wonka LLC - Integration Program,PHS-00304,Initiate,Noah Novak,,2026-04-06,2026-04-14,0.00,,,,Migrate data model 3,,,,,,,0.00,,false,Program Management
PRJ-0094,TSK-001618,Document playbook 5,Completed,Wonka LLC - Integration Program,PHS-00303,Getting Started,Noah Novak,,2026-04-07,2026-04-27,19.58,,,,Configure data model 4,,,,,2026-04-07,2026-04-23,0.00,,true,Project Setup
PRJ-0094,TSK-001619,Document template 6,Completed,Wonka LLC - Integration Program,PHS-00304,Initiate,Amara Sato,,2026-04-08,2026-04-25,39.02,,,,Document playbook 5,,,,,2026-04-08,2026-04-24,0.00,,true,Discovery
PRJ-0094,TSK-001620,Audit template 7,Completed,Wonka LLC - Integration Program,PHS-00304,Initiate,,,2026-04-09,2026-05-09,33.11,,,,Document template 6,,,,,2026-04-09,2026-05-05,0.00,,true,
PRJ-0094,TSK-001621,Migrate permission set 8,Blocked,Wonka LLC - Integration Program,PHS-00303,Getting Started,Noah Diallo,,2026-04-10,2026-04-27,0.00,,,,Audit template 7,,,,,,,0.00,,false,Program Management
PRJ-0094,TSK-001622,Review permission set 9,NA,Wonka LLC - Integration Program,PHS-00303,Getting Started,Noah Novak,,2026-04-11,2026-04-16,0.00,,,,Migrate permission set 8,,,,,,,0.00,,true,Build and Deployment
PRJ-0094,TSK-001623,Migrate report 10,To do,Wonka LLC - Integration Program,PHS-00304,Initiate,Noah Novak,,2026-04-12,2026-05-07,7.15,,,,Review permission set 9,,,,,,,0.00,,true,Discovery
PRJ-0094,TSK-001624,Migrate playbook 11,Completed,Wonka LLC - Integration Program,PHS-00304,Initiate,,,2026-04-13,2026-04-22,5.35,,,,Migrate report 10,,,,,2026-04-13,2026-05-06,0.00,,true,Program Management
PRJ-0094,TSK-001625,Review data model 12,Completed,Wonka LLC - Integration Program,PHS-00303,Getting Started,Noah Novak,,2026-04-14,2026-04-16,2.75,,,,Migrate playbook 11,,,,,2026-04-14,2026-04-25,0.00,,true,Transition
PRJ-0094,TSK-001626,Validate environment 13,Completed,Wonka LLC - Integration Program,PHS-00304,Initiate,Noah Novak,,2026-04-15,2026-04-19,0.00,,,,,,,,,2026-04-15,2026-05-01,0.00,,true,Discovery
PRJ-0094,TSK-001627,Audit environment 14,Completed,Wonka LLC - Integration Program,PHS-00304,Initiate,Noah Novak,,2026-04-16,2026-05-07,0.00,,,,,,,,,2026-04-16,2026-05-16,0.00,,true,Build and Deployment
PRJ-0094,TSK-001628,Configure permission set 15,To do,Wonka LLC - Integration Program,PHS-00303,Getting Started,Noah Diallo,,2026-04-17,2026-04-19,22.22,,,,Validate environment 13,,,,,,,0.00,,true,Build and Deployment
PRJ-0094,TSK-001629,Review integration 16,Completed,Wonka LLC - Integration Program,PHS-00303,Getting Started,Noah Novak,,2026-04-18,2026-04-27,28.69,,,,"Validate playbook 1, Document template 6",,,,,2026-04-18,2026-05-10,0.00,,true,Discovery
PRJ-0094,TSK-001630,Train playbook 17,In progress,Wonka LLC - Integration Program,PHS-00303,Getting Started,Noah Novak,,2026-04-19,2026-05-15,0.00,,,,Migrate report 10,,,,,2026-04-19,,0.00,,true,Project Setup
PRJ-0094,TSK-001631,Train workflow 18,To do,Wonka LLC - Integration Program,PHS-00303,Getting Started,Noah Novak,,2026-04-20,2026-04-28,0.52,,,,Migrate data model 3,,,,,,,0.00,,false,Transition
PRJ-0094,TSK-001632,Validate permission set 19,To do,Wonka LLC - Integration Program,PHS-00303,Getting Started,,,2026-04-21,2026-04-22,0.00,,,,"Document template 6, Audit template 7, Migrate permission set 8",,,,,,,0.00,,true,Build and Deployment
PRJ-0094,TSK-001633,Configure playbook 20,Completed,Wonka LLC - Integration Program,PHS-00304,Initiate,,,2026-04-22,2026-04-29,31.38,,,,"Migrate permission set 8, Validate environment 13, Review integration 16, Train workflow 18",,,,,2026-04-22,2026-04-27,0.00,,false,Build and Deployment
PRJ-0094,TSK-001634,Document template 21,Completed,Wonka LLC - Integration Program,PHS-00303,Getting Started,Noah Novak,,2026-04-23,2026-05-05,14.16,,,,,TSK-001622,Review permission set 9,,,2026-04-23,2026-05-06,0.00,,false,Test Execution
PRJ-0094,TSK-001635,Migrate playbook 22,Completed,Wonka LLC - Integration Program,PHS-00303,Getting Started,Noah Novak,,2026-04-24,2026-04-29,38.97,true,,,Validate environment 13,,,,,2026-04-24,2026-04-30,0.00,,true,
PRJ-0094,TSK-001636,Validate integration 23,NA,Wonka LLC - Integration Program,PHS-00304,Initiate,Noah Diallo,,2026-04-25,2026-04-26,0.00,true,,,"Validate playbook 1, Configure permission set 15, Review integration 16, Train workflow 18",,,,,,,0.00,,true,Transition
PRJ-0095,TSK-001637,Configure workflow 1,To do,Tyrell Ltd - CLM Implementation,PHS-00305,Getting Started,Ingrid Sato,,2026-01-26,2026-02-12,0.00,,,,,,,,,,,0.00,,true,Discovery
PRJ-0095,TSK-001638,Deploy environment 2,Completed,Tyrell Ltd - CLM Implementation,PHS-00305,Getting Started,Ingrid Sato,,2026-01-27,2026-02-19,13.32,,,,Configure workflow 1,,,,,2026-01-27,2026-02-13,0.00,,true,Build and Deployment
PRJ-0095,TSK-001639,Migrate integration 3,In progress,Tyrell Ltd - CLM Implementation,PHS-00307,Discover & Design,,,2026-01-28,2026-01-31,0.00,,,,Deploy environment 2,,,,,2026-01-28,,0.00,,false,
PRJ-0095,TSK-001640,Review data model 4,Completed,Tyrell Ltd - CLM Implementation,PHS-00305,Getting Started,,,2026-01-29,2026-02-01,0.00,,,,Migrate integration 3,,,,,2026-01-29,2026-01-31,0.00,,true,Discovery
PRJ-0095,TSK-001641,Migrate data model 5,To do,Tyrell Ltd - CLM Implementation,PHS-00307,Discover & Design,Ingrid Sato,,2026-01-30,2026-02-02,32.03,,,,Review data model 4,,,,,,,0.00,,true,Project Setup
PRJ-0095,TSK-001642,Migrate data model 6,Completed,Tyrell Ltd - CLM Implementation,PHS-00305,Getting Started,Ingrid Sato,,2026-01-31,2026-02-05,36.47,,,,Migrate data model 5,,,,,2026-01-31,2026-02-11,0.00,,true,Discovery
PRJ-0095,TSK-001643,Deploy environment 7,To do,Tyrell Ltd - CLM Implementation,PHS-00308,Configure & Build,Ingrid Sato,,2026-02-01,2026-03-01,2.45,,,,Migrate data model 6,,,,,,,0.00,,true,Discovery
PRJ-0095,TSK-001644,Document playbook 8,In progress,Tyrell Ltd - CLM Implementation,PHS-00305,Getting Started,,,2026-02-02,2026-03-03,22.27,,,,Deploy environment 7,,,,,2026-02-02,,0.00,,false,Test Execution
PRJ-0095,TSK-001645,Document integration 9,To do,Tyrell Ltd - CLM Implementation,PHS-00305,Getting Started,Ingrid Sato,,2026-02-03,2026-02-20,16.41,,,,Document playbook 8,,,,,,,0.00,,false,Discovery
PRJ-0095,TSK-001646,Migrate template 10,Completed,Tyrell Ltd - CLM Implementation,PHS-00306,Initiate,Ingrid Sato,,2026-02-04,2026-02-19,12.61,,,,Document integration 9,,,,,2026-02-04,2026-02-09,0.00,,true,Project Setup
PRJ-0095,TSK-001647,Configure data model 11,To do,Tyrell Ltd - CLM Implementation,PHS-00305,Getting Started,Ingrid Sato,,2026-02-05,2026-02-10,0.00,,,,Migrate template 10,,,,,,,0.00,,false,Project Setup
PRJ-0095,TSK-001648,Audit data model 12,Completed,Tyrell Ltd - CLM Implementation,PHS-00308,Configure & Build,Ingrid Sato,,2026-02-06,2026-02-24,0.00,,,,Configure data model 11,,,,,2026-02-06,2026-02-14,0.00,,true,
PRJ-0095,TSK-001649,Document permission set 13,In progress,Tyrell Ltd - CLM Implementation,PHS-00308,Configure & Build,,,2026-02-07,2026-02-13,0.00,,,,"Configure workflow 1, Migrate integration 3, Migrate data model 5, Document integration 9, Migrate template 10",,,,,2026-02-07,,0.00,,true,Project Setup
PRJ-0095,TSK-001650,Validate workflow 14,Completed,Tyrell Ltd - CLM Implementation,PHS-00306,Initiate,Ingrid Sato,,2026-02-08,2026-02-24,17.98,,,,"Review data model 4, Migrate data model 6, Document playbook 8",,,,,2026-02-08,2026-02-26,0.00,,false,
PRJ-0095,TSK-001651,Document permission set 15,To do,Tyrell Ltd - CLM Implementation,PHS-00308,Configure & Build,Ingrid Sato,,2026-02-09,2026-02-25,10.46,,,,"Configure workflow 1, Migrate data model 5, Deploy environment 7, Document permission set 13",,,,,,,0.00,,true,Program Management
PRJ-0095,TSK-001652,Validate playbook 16,Completed,Tyrell Ltd - CLM Implementation,PHS-00305,Getting Started,Ingrid Sato,,2026-02-10,2026-03-12,37.46,,,,,TSK-001647,Configure data model 11,,,2026-02-10,2026-02-17,0.00,,false,Transition
PRJ-0095,TSK-001653,Validate environment 17,To do,Tyrell Ltd - CLM Implementation,PHS-00308,Configure & Build,,,2026-02-11,2026-02-22,37.02,true,,,,,,,,,,0.00,,true,Discovery
PRJ-0096,TSK-001654,Configure permission set 1,Completed,Aperture LLC - Enterprise Rollout,PHS-00309,Getting Started,Marco Sato,,2026-03-05,2026-03-30,6.19,,,,,,,,,2026-03-05,2026-03-26,0.00,,true,Project Setup
PRJ-0096,TSK-001655,Deploy report 2,Completed,Aperture LLC - Enterprise Rollout,PHS-00309,Getting Started,Ingrid Sato,,2026-03-06,2026-03-25,10.93,,,,Configure permission set 1,,,,,2026-03-06,2026-03-23,0.00,,false,Transition
PRJ-0096,TSK-001656,Document playbook 3,In progress,Aperture LLC - Enterprise Rollout,PHS-00309,Getting Started,Mei Kaya,,2026-03-07,2026-03-14,17.02,,,,Deploy report 2,,,,,2026-03-07,,0.00,,true,Program Management
PRJ-0096,TSK-001657,Document integration 4,To do,Aperture LLC - Enterprise Rollout,PHS-00311,Discover & Design,,,2026-03-08,2026-03-09,28.06,,,,Document playbook 3,,,,,,,0.00,,true,Discovery
PRJ-0096,TSK-001658,Deploy playbook 5,In progress,Aperture LLC - Enterprise Rollout,PHS-00310,Initiate,,,2026-03-09,2026-03-13,0.00,,,,Document integration 4,,,,,2026-03-09,,0.00,,true,
PRJ-0096,TSK-001659,Audit environment 6,To do,Aperture LLC - Enterprise Rollout,PHS-00310,Initiate,Marco Sato,,2026-03-10,2026-03-27,32.99,,,,Deploy playbook 5,,,,,,,0.00,,true,Project Setup
PRJ-0096,TSK-001660,Audit playbook 7,To do,Aperture LLC - Enterprise Rollout,PHS-00312,Configure & Build,,,2026-03-11,2026-03-30,0.00,,,,Audit environment 6,,,,,,,0.00,,true,Project Setup
PRJ-0096,TSK-001661,Audit permission set 8,Blocked,Aperture LLC - Enterprise Rollout,PHS-00309,Getting Started,Marco Diallo,,2026-03-12,2026-03-28,12.34,,,,Audit playbook 7,,,,,,,0.00,,true,
PRJ-0096,TSK-001662,Configure playbook 9,To do,Aperture LLC - Enterprise Rollout,PHS-00311,Discover & Design,Ingrid Sato,,2026-03-13,2026-03-17,0.00,,,,Audit permission set 8,,,,,,,0.00,,true,Program Management
PRJ-0096,TSK-001663,Validate playbook 10,NA,Aperture LLC - Enterprise Rollout,PHS-00310,Initiate,,,2026-03-14,2026-03-20,0.00,,,,Configure playbook 9,,,,,,,0.00,,false,Build and Deployment
PRJ-0096,TSK-001664,Configure playbook 11,To do,Aperture LLC - Enterprise Rollout,PHS-00312,Configure & Build,Ingrid Sato,,2026-03-15,2026-04-09,0.00,,,,Validate playbook 10,,,,,,,0.00,,true,Project Setup
PRJ-0096,TSK-001665,Validate workflow 12,Completed,Aperture LLC - Enterprise Rollout,PHS-00310,Initiate,Marco Sato,,2026-03-16,2026-03-18,0.00,,,,Configure playbook 11,,,,,2026-03-16,2026-03-17,0.00,,true,Program Management
PRJ-0096,TSK-001666,Configure playbook 13,To do,Aperture LLC - Enterprise Rollout,PHS-00312,Configure & Build,Mei Kaya,,2026-03-17,2026-04-03,0.00,,,,"Configure permission set 1, Document playbook 3, Deploy playbook 5, Configure playbook 9, Validate playbook 10",,,,,,,0.00,,true,Program Management
PRJ-0096,TSK-001667,Audit template 14,Completed,Aperture LLC - Enterprise Rollout,PHS-00310,Initiate,Marco Diallo,,2026-03-18,2026-04-12,0.00,,,,"Configure permission set 1, Document playbook 3, Document integration 4, Audit playbook 7, Validate playbook 10",,,,,2026-03-18,2026-03-22,0.00,,false,Test Execution
PRJ-0096,TSK-001668,Migrate template 15,Completed,Aperture LLC - Enterprise Rollout,PHS-00310,Initiate,,,2026-03-19,2026-03-24,15.52,,,,"Audit permission set 8, Configure playbook 9",,,,,2026-03-19,2026-04-04,0.00,,true,Discovery
PRJ-0096,TSK-001669,Audit report 16,NA,Aperture LLC - Enterprise Rollout,PHS-00310,Initiate,Priya Diallo,,2026-03-20,2026-04-05,35.34,,,,"Deploy report 2, Deploy playbook 5, Configure playbook 13, Migrate template 15",,,,,,,0.00,,true,Test Execution
PRJ-0096,TSK-001670,Deploy environment 17,Completed,Aperture LLC - Enterprise Rollout,PHS-00309,Getting Started,,,2026-03-21,2026-04-20,12.82,,,,"Configure permission set 1, Configure playbook 9, Configure playbook 13",,,,,2026-03-21,2026-04-14,0.00,,true,Test Execution
PRJ-0096,TSK-001671,Train environment 18,Completed,Aperture LLC - Enterprise Rollout,PHS-00312,Configure & Build,,,2026-03-22,2026-04-05,37.57,,,,,,,,,2026-03-22,2026-03-25,0.00,,true,Test Execution
PRJ-0096,TSK-001672,Configure permission set 19,To do,Aperture LLC - Enterprise Rollout,PHS-00311,Discover & Design,Priya Diallo,,2026-03-23,2026-04-20,0.00,,,,,,,,,,,0.00,,true,
PRJ-0096,TSK-001673,Configure permission set 20,In progress,Aperture LLC - Enterprise Rollout,PHS-00312,Configure & Build,,,2026-03-24,2026-04-03,0.00,,,,Audit template 14,,,,,2026-03-24,,0.00,,true,
PRJ-0096,TSK-001674,Document integration 21,In progress,Aperture LLC - Enterprise Rollout,PHS-00311,Discover & Design,Marco Sato,,2026-03-25,2026-04-13,0.00,,,,"Configure playbook 9, Validate playbook 10, Configure playbook 11, Train environment 18, Configure permission set 19",,,,,2026-03-25,,0.00,,true,
PRJ-0096,TSK-001675,Document data model 22,Completed,Aperture LLC - Enterprise Rollout,PHS-00311,Discover & Design,Marco Diallo,,2026-03-26,2026-04-23,16.97,,,,Audit template 14,,,,,2026-03-26,2026-04-14,0.00,,false,Discovery
PRJ-0096,TSK-001676,Train workflow 23,To do,Aperture LLC - Enterprise Rollout,PHS-00310,Initiate,Marco Sato,,2026-03-27,2026-04-14,32.54,,,,,,,,,,,0.00,,true,
PRJ-0096,TSK-001677,Migrate environment 24,Completed,Aperture LLC - Enterprise Rollout,PHS-00311,Discover & Design,Mei Kaya,,2026-03-28,2026-03-29,24.55,,,,,,,,,2026-03-28,2026-04-09,0.00,,true,Test Execution
PRJ-0096,TSK-001678,Review integration 25,Completed,Aperture LLC - Enterprise Rollout,PHS-00311,Discover & Design,Marco Sato,,2026-03-29,2026-04-21,2.15,,,,,,,,,2026-03-29,2026-04-20,0.00,,true,Discovery
PRJ-0096,TSK-001679,Validate environment 26,To do,Aperture LLC - Enterprise Rollout,PHS-00312,Configure & Build,Marco Sato,,2026-03-30,2026-04-18,0.00,,,,,,,,,,,0.00,,true,Project Setup
PRJ-0096,TSK-001680,Configure permission set 27,Completed,Aperture LLC - Enterprise Rollout,PHS-00311,Discover & Design,Marco Sato,,2026-03-31,2026-04-19,0.00,,,,,,,,,2026-03-31,2026-04-23,0.00,,true,Program Management
PRJ-0096,TSK-001681,Validate playbook 28,To do,Aperture LLC - Enterprise Rollout,PHS-00311,Discover & Design,Ingrid Sato,,2026-04-01,2026-04-16,34.80,true,,,"Document integration 4, Audit playbook 7, Validate playbook 10",,,,,,,0.00,,true,Discovery
PRJ-0096,TSK-001682,Document permission set 29,To do,Aperture LLC - Enterprise Rollout,PHS-00312,Configure & Build,Priya Diallo,,2026-04-02,2026-05-01,0.00,true,,,,,,,,,,0.00,,true,Test Execution
PRJ-0097,TSK-001683,Train permission set 1,To do,Globex GmbH - CLM Implementation,PHS-00313,Getting Started,Elena Sato,,2026-04-17,2026-04-26,19.61,,,,,,,,,,,0.00,,false,Transition
PRJ-0097,TSK-001684,Audit workflow 2,NA,Globex GmbH - CLM Implementation,PHS-00315,Discover & Design,Arjun Sato,,2026-04-18,2026-05-18,30.77,,,,Train permission set 1,,,,,,,0.00,,true,Build and Deployment
PRJ-0097,TSK-001685,Deploy permission set 3,To do,Globex GmbH - CLM Implementation,PHS-00315,Discover & Design,,,2026-04-19,2026-05-11,0.00,,,,Audit workflow 2,,,,,,,0.00,,true,Transition
PRJ-0097,TSK-001686,Validate permission set 4,Blocked,Globex GmbH - CLM Implementation,PHS-00313,Getting Started,,,2026-04-20,2026-04-21,6.32,,,,Deploy permission set 3,,,,,,,0.00,,true,Discovery
PRJ-0097,TSK-001687,Train report 5,In progress,Globex GmbH - CLM Implementation,PHS-00315,Discover & Design,,,2026-04-21,2026-04-23,9.77,,,,Validate permission set 4,,,,,2026-04-21,,0.00,,true,Transition
PRJ-0097,TSK-001688,Audit environment 6,To do,Globex GmbH - CLM Implementation,PHS-00315,Discover & Design,Elena Sato,,2026-04-22,2026-04-27,6.54,,,,Train report 5,,,,,,,0.00,,true,Program Management
PRJ-0097,TSK-001689,Deploy report 7,Completed,Globex GmbH - CLM Implementation,PHS-00315,Discover & Design,,,2026-04-23,2026-04-26,0.00,,,,Audit environment 6,,,,,2026-04-23,2026-05-14,0.00,,true,Transition
PRJ-0097,TSK-001690,Document environment 8,In progress,Globex GmbH - CLM Implementation,PHS-00313,Getting Started,Kwame Rossi,,2026-04-24,2026-05-23,0.00,,,,Deploy report 7,,,,,2026-04-24,,0.00,,true,Build and Deployment
PRJ-0097,TSK-001691,Validate template 9,Completed,Globex GmbH - CLM Implementation,PHS-00314,Initiate,,,2026-04-25,2026-05-15,8.69,,,,Document environment 8,,,,,2026-04-25,2026-05-10,0.00,,true,Build and Deployment
PRJ-0097,TSK-001692,Migrate environment 10,Blocked,Globex GmbH - CLM Implementation,PHS-00315,Discover & Design,,,2026-04-26,2026-05-13,0.00,,,,Validate template 9,,,,,,,0.00,,true,Build and Deployment
PRJ-0097,TSK-001693,Audit report 11,Completed,Globex GmbH - CLM Implementation,PHS-00314,Initiate,Arjun Sato,,2026-04-27,2026-05-24,0.01,,,,Migrate environment 10,,,,,2026-04-27,2026-05-24,0.00,,false,
PRJ-0097,TSK-001694,Deploy template 12,Completed,Globex GmbH - CLM Implementation,PHS-00313,Getting Started,Elena Sato,,2026-04-28,2026-05-10,0.00,,,,Audit report 11,,,,,2026-04-28,2026-05-28,0.00,,true,
PRJ-0097,TSK-001695,Configure template 13,Completed,Globex GmbH - CLM Implementation,PHS-00314,Initiate,Elena Sato,,2026-04-29,2026-05-22,13.93,,,,,,,,,2026-04-29,2026-05-11,0.00,,false,Project Setup
PRJ-0097,TSK-001696,Audit report 14,To do,Globex GmbH - CLM Implementation,PHS-00313,Getting Started,Kwame Rossi,,2026-04-30,2026-05-21,0.00,,,,"Train permission set 1, Deploy report 7",,,,,,,0.00,,true,Build and Deployment
PRJ-0097,TSK-001697,Configure playbook 15,To do,Globex GmbH - CLM Implementation,PHS-00314,Initiate,,,2026-05-01,2026-05-07,0.00,,,,,,,,,,,0.00,,true,Build and Deployment
PRJ-0097,TSK-001698,Audit template 16,To do,Globex GmbH - CLM Implementation,PHS-00315,Discover & Design,,,2026-05-02,2026-05-22,0.00,,,,"Deploy report 7, Migrate environment 10, Configure playbook 15",,,,,,,0.00,,true,Program Management
PRJ-0097,TSK-001699,Document integration 17,Completed,Globex GmbH - CLM Implementation,PHS-00315,Discover & Design,Kwame Rossi,,2026-05-03,2026-05-22,0.00,,,,"Audit environment 6, Validate template 9",,,,,2026-05-03,2026-05-21,0.00,,true,Project Setup
PRJ-0097,TSK-001700,Document template 18,In progress,Globex GmbH - CLM Implementation,PHS-00313,Getting Started,Kwame Rossi,,2026-05-04,2026-05-06,20.30,true,,,,,,,,2026-05-04,,0.00,,true,Project Setup
PRJ-0098,TSK-001701,Deploy template 1,To do,Tyrell GmbH - Integration Program,PHS-00317,Initiate,,,2026-03-28,2026-03-31,27.91,,,,,,,,,,,0.00,,true,Project Setup
PRJ-0098,TSK-001702,Document environment 2,To do,Tyrell GmbH - Integration Program,PHS-00316,Getting Started,,,2026-03-29,2026-04-28,0.00,,,,Deploy template 1,,,,,,,0.00,,true,Project Setup
PRJ-0098,TSK-001703,Configure permission set 3,To do,Tyrell GmbH - Integration Program,PHS-00316,Getting Started,Mei Sato,,2026-03-30,2026-04-25,36.99,,,,Document environment 2,,,,,,,0.00,,true,Project Setup
PRJ-0098,TSK-001704,Audit workflow 4,Completed,Tyrell GmbH - Integration Program,PHS-00317,Initiate,Mei Sato,,2026-03-31,2026-04-10,28.91,,,,Configure permission set 3,,,,,2026-03-31,2026-04-13,0.00,,true,Program Management
PRJ-0098,TSK-001705,Audit integration 5,In progress,Tyrell GmbH - Integration Program,PHS-00317,Initiate,,,2026-04-01,2026-04-05,10.17,,,,Audit workflow 4,,,,,2026-04-01,,0.00,,true,
PRJ-0098,TSK-001706,Migrate playbook 6,Completed,Tyrell GmbH - Integration Program,PHS-00316,Getting Started,Mei Kaya,,2026-04-02,2026-04-22,14.65,,,,Audit integration 5,,,,,2026-04-02,2026-04-21,0.00,,true,Build and Deployment
PRJ-0098,TSK-001707,Document permission set 7,Completed,Tyrell GmbH - Integration Program,PHS-00317,Initiate,Mei Kaya,,2026-04-03,2026-04-15,21.38,,,,Migrate playbook 6,,,,,2026-04-03,2026-04-12,0.00,,true,Test Execution
PRJ-0098,TSK-001708,Configure report 8,Completed,Tyrell GmbH - Integration Program,PHS-00317,Initiate,Mei Sato,,2026-04-04,2026-04-25,12.80,,,,Document permission set 7,,,,,2026-04-04,2026-04-10,0.00,,true,Test Execution
PRJ-0098,TSK-001709,Validate template 9,To do,Tyrell GmbH - Integration Program,PHS-00317,Initiate,,,2026-04-05,2026-04-20,27.88,,,,Configure report 8,,,,,,,0.00,,true,Discovery
PRJ-0098,TSK-001710,Validate template 10,Blocked,Tyrell GmbH - Integration Program,PHS-00318,Discover & Design,Mei Kaya,,2026-04-06,2026-04-29,0.00,,,,Validate template 9,,,,,,,0.00,,true,Transition
PRJ-0098,TSK-001711,Document playbook 11,Completed,Tyrell GmbH - Integration Program,PHS-00318,Discover & Design,Mei Sato,,2026-04-07,2026-04-23,0.00,,,,Validate template 10,,,,,2026-04-07,2026-04-29,0.00,,true,
PRJ-0098,TSK-001712,Train integration 12,Completed,Tyrell GmbH - Integration Program,PHS-00316,Getting Started,Yusuf Sato,,2026-04-08,2026-05-05,0.00,,,,Document playbook 11,,,,,2026-04-08,2026-05-06,0.00,,true,Transition
PRJ-0098,TSK-001713,Deploy workflow 13,Completed,Tyrell GmbH - Integration Program,PHS-00316,Getting Started,Yusuf Sato,,2026-04-09,2026-04-15,3.72,,,,,,,,,2026-04-09,2026-04-29,0.00,,true,Build and Deployment
PRJ-0098,TSK-001714,Audit integration 14,In progress,Tyrell GmbH - Integration Program,PHS-00318,Discover & Design,Mei Kaya,,2026-04-10,2026-04-24,12.90,,,,Document playbook 11,,,,,2026-04-10,,0.00,,true,Test Execution
PRJ-0098,TSK-001715,Train template 15,Completed,Tyrell GmbH - Integration Program,PHS-00318,Discover & Design,Mei Sato,,2026-04-11,2026-04-12,14.83,,,,,,,,,2026-04-11,2026-05-02,0.00,,true,Build and Deployment
PRJ-0098,TSK-001716,Audit environment 16,Completed,Tyrell GmbH - Integration Program,PHS-00316,Getting Started,Mei Sato,,2026-04-12,2026-05-07,39.87,,,,,,,,,2026-04-12,2026-05-10,0.00,,true,
PRJ-0098,TSK-001717,Review template 17,Completed,Tyrell GmbH - Integration Program,PHS-00317,Initiate,Mei Kaya,,2026-04-13,2026-05-13,35.68,,,,"Configure permission set 3, Validate template 9",,,,,2026-04-13,2026-04-17,0.00,,true,Build and Deployment
PRJ-0098,TSK-001718,Review data model 18,To do,Tyrell GmbH - Integration Program,PHS-00317,Initiate,Mei Sato,,2026-04-14,2026-05-01,0.00,,,,,,,,,,,0.00,,false,Program Management
PRJ-0098,TSK-001719,Document integration 19,In progress,Tyrell GmbH - Integration Program,PHS-00316,Getting Started,Yusuf Sato,,2026-04-15,2026-05-10,0.00,,,,Deploy workflow 13,,,,,2026-04-15,,0.00,,false,
PRJ-0098,TSK-001720,Document integration 20,To do,Tyrell GmbH - Integration Program,PHS-00317,Initiate,,,2026-04-16,2026-04-19,38.25,,,,"Deploy template 1, Audit workflow 4, Migrate playbook 6, Document playbook 11",,,,,,,0.00,,false,Project Setup
PRJ-0098,TSK-001721,Deploy integration 21,Completed,Tyrell GmbH - Integration Program,PHS-00316,Getting Started,Yusuf Sato,,2026-04-17,2026-04-18,13.19,,,,"Validate template 10, Audit environment 16",,,,,2026-04-17,2026-05-10,0.00,,true,Program Management
PRJ-0098,TSK-001722,Configure integration 22,NA,Tyrell GmbH - Integration Program,PHS-00317,Initiate,Mei Sato,,2026-04-18,2026-04-25,25.46,true,,,,,,,,,,0.00,,false,Build and Deployment
PRJ-0098,TSK-001723,Configure integration 23,NA,Tyrell GmbH - Integration Program,PHS-00317,Initiate,Mei Sato,,2026-04-19,2026-04-22,38.71,true,,,,,,,,,,0.00,,true,Program Management
PRJ-0099,TSK-001724,Review integration 1,In progress,Acme Inc - Phase 1 Implementation,PHS-00323,Test,Kwame Novak,,2026-04-30,2026-05-12,0.00,,,,,,,,,2026-04-30,,0.00,,true,Program Management
PRJ-0099,TSK-001725,Validate template 2,Completed,Acme Inc - Phase 1 Implementation,PHS-00323,Test,Hana Kaya,,2026-05-01,2026-05-19,20.79,,,,Review integration 1,,,,,2026-05-01,2026-05-05,0.00,,false,Program Management
PRJ-0099,TSK-001726,Validate environment 3,To do,Acme Inc - Phase 1 Implementation,PHS-00322,Configure & Build,,,2026-05-02,2026-05-15,0.00,,,,Validate template 2,,,,,,,0.00,,false,Discovery
PRJ-0099,TSK-001727,Train integration 4,In progress,Acme Inc - Phase 1 Implementation,PHS-00319,Getting Started,,,2026-05-03,2026-05-17,0.00,,,,Validate environment 3,,,,,2026-05-03,,0.00,,true,Project Setup
PRJ-0099,TSK-001728,Deploy permission set 5,Completed,Acme Inc - Phase 1 Implementation,PHS-00319,Getting Started,Zara Kaya,,2026-05-04,2026-05-15,7.93,,,,Train integration 4,,,,,2026-05-04,2026-05-27,0.00,,true,Program Management
PRJ-0099,TSK-001729,Document environment 6,To do,Acme Inc - Phase 1 Implementation,PHS-00319,Getting Started,,,2026-05-05,2026-05-31,32.08,,,,Deploy permission set 5,,,,,,,0.00,,false,
PRJ-0099,TSK-001730,Deploy template 7,Completed,Acme Inc - Phase 1 Implementation,PHS-00319,Getting Started,Kwame Novak,,2026-05-06,2026-05-27,30.93,,,,Document environment 6,,,,,2026-05-06,2026-05-07,0.00,,true,Discovery
PRJ-0099,TSK-001731,Train environment 8,To do,Acme Inc - Phase 1 Implementation,PHS-00323,Test,,,2026-05-07,2026-05-08,35.29,,,,Deploy template 7,,,,,,,0.00,,true,
PRJ-0099,TSK-001732,Deploy permission set 9,To do,Acme Inc - Phase 1 Implementation,PHS-00319,Getting Started,,,2026-05-08,2026-05-12,4.83,,,,Train environment 8,,,,,,,0.00,,true,Build and Deployment
PRJ-0099,TSK-001733,Document report 10,In progress,Acme Inc - Phase 1 Implementation,PHS-00319,Getting Started,,,2026-05-09,2026-05-18,15.80,,,,Deploy permission set 9,,,,,2026-05-09,,0.00,,true,Project Setup
PRJ-0099,TSK-001734,Audit workflow 11,In progress,Acme Inc - Phase 1 Implementation,PHS-00323,Test,Hana Kaya,,2026-05-10,2026-06-04,0.00,,,,Document report 10,,,,,2026-05-10,,0.00,,true,Discovery
PRJ-0099,TSK-001735,Migrate data model 12,To do,Acme Inc - Phase 1 Implementation,PHS-00323,Test,Hana Kaya,,2026-05-11,2026-05-14,4.72,,,,Audit workflow 11,,,,,,,0.00,,true,Test Execution
PRJ-0099,TSK-001736,Train integration 13,Completed,Acme Inc - Phase 1 Implementation,PHS-00320,Initiate,Hana Kaya,,2026-05-12,2026-05-15,36.95,,,,"Validate template 2, Validate environment 3",,,,,2026-05-12,2026-05-16,0.00,,true,Test Execution
PRJ-0099,TSK-001737,Review integration 14,Completed,Acme Inc - Phase 1 Implementation,PHS-00319,Getting Started,Zara Kaya,,2026-05-13,2026-05-24,23.49,,,,,,,,,2026-05-13,2026-05-16,0.00,,true,
PRJ-0099,TSK-001738,Validate data model 15,Completed,Acme Inc - Phase 1 Implementation,PHS-00319,Getting Started,Kwame Novak,,2026-05-14,2026-05-29,3.15,,,,,,,,,2026-05-14,2026-06-01,0.00,,true,Build and Deployment
PRJ-0099,TSK-001739,Migrate report 16,NA,Acme Inc - Phase 1 Implementation,PHS-00321,Discover & Design,Kwame Novak,,2026-05-15,2026-05-24,23.09,,,,,,,,,,,0.00,,true,Test Execution
PRJ-0099,TSK-001740,Validate data model 17,Blocked,Acme Inc - Phase 1 Implementation,PHS-00319,Getting Started,Hana Kaya,,2026-05-16,2026-06-12,10.49,,,,,,,,,,,0.00,,true,Test Execution
PRJ-0099,TSK-001741,Configure environment 18,In progress,Acme Inc - Phase 1 Implementation,PHS-00320,Initiate,Kwame Novak,,2026-05-17,2026-06-12,0.00,,,,,,,,,2026-05-17,,0.00,,false,Program Management
PRJ-0099,TSK-001742,Document playbook 19,Completed,Acme Inc - Phase 1 Implementation,PHS-00323,Test,Zara Kaya,,2026-05-18,2026-05-24,33.06,true,,,,,,,,2026-05-18,2026-06-03,0.00,,true,Test Execution
PRJ-0099,TSK-001743,Review integration 20,To do,Acme Inc - Phase 1 Implementation,PHS-00321,Discover & Design,,,2026-05-19,2026-06-14,0.00,true,,,Validate data model 15,,,,,,,0.00,,false,Transition
PRJ-0100,TSK-001744,Deploy template 1,Completed,Cyberdyne Inc - Integration Program,PHS-00324,Getting Started,Elena Diallo,,2026-03-24,2026-04-22,35.57,,,,,,,,,2026-03-24,2026-03-29,0.00,,true,Build and Deployment
PRJ-0100,TSK-001745,Document data model 2,To do,Cyberdyne Inc - Integration Program,PHS-00324,Getting Started,Elena Diallo,,2026-03-25,2026-04-12,15.74,,,,Deploy template 1,,,,,,,0.00,,false,Build and Deployment
PRJ-0100,TSK-001746,Validate environment 3,In progress,Cyberdyne Inc - Integration Program,PHS-00324,Getting Started,Sofia Berg,,2026-03-26,2026-04-05,0.00,,,,Document data model 2,,,,,2026-03-26,,0.00,,false,Program Management
PRJ-0100,TSK-001747,Document data model 4,In progress,Cyberdyne Inc - Integration Program,PHS-00325,Initiate,Sofia Berg,,2026-03-27,2026-04-13,0.00,,,,Validate environment 3,,,,,2026-03-27,,0.00,,true,Build and Deployment
PRJ-0100,TSK-001748,Review permission set 5,Completed,Cyberdyne Inc - Integration Program,PHS-00324,Getting Started,Sofia Berg,,2026-03-28,2026-04-17,24.60,,,,Document data model 4,,,,,2026-03-28,2026-04-04,0.00,,true,Program Management
PRJ-0100,TSK-001749,Audit template 6,To do,Cyberdyne Inc - Integration Program,PHS-00325,Initiate,,,2026-03-29,2026-04-26,0.00,,,,Review permission set 5,,,,,,,0.00,,true,
PRJ-0100,TSK-001750,Migrate workflow 7,To do,Cyberdyne Inc - Integration Program,PHS-00324,Getting Started,Sofia Berg,,2026-03-30,2026-04-05,0.00,,,,Audit template 6,,,,,,,0.00,,true,Transition
PRJ-0100,TSK-001751,Validate permission set 8,Completed,Cyberdyne Inc - Integration Program,PHS-00324,Getting Started,Zara Kaya,,2026-03-31,2026-04-09,0.00,,,,Migrate workflow 7,,,,,2026-03-31,2026-04-07,0.00,,true,Transition
PRJ-0100,TSK-001752,Validate data model 9,To do,Cyberdyne Inc - Integration Program,PHS-00325,Initiate,Arjun Diallo,,2026-04-01,2026-04-06,15.60,,,,Validate permission set 8,,,,,,,0.00,,true,
PRJ-0100,TSK-001753,Validate workflow 10,Completed,Cyberdyne Inc - Integration Program,PHS-00324,Getting Started,Elena Diallo,,2026-04-02,2026-05-02,27.01,,,,Validate data model 9,,,,,2026-04-02,2026-05-02,0.00,,true,Project Setup
PRJ-0100,TSK-001754,Review playbook 11,To do,Cyberdyne Inc - Integration Program,PHS-00325,Initiate,Elena Diallo,,2026-04-03,2026-04-24,15.23,,,,Validate workflow 10,,,,,,,0.00,,true,Test Execution
PRJ-0100,TSK-001755,Audit integration 12,Completed,Cyberdyne Inc - Integration Program,PHS-00324,Getting Started,,,2026-04-04,2026-04-05,26.66,,,,Review playbook 11,,,,,2026-04-04,2026-04-06,0.00,,false,Discovery
PRJ-0100,TSK-001756,Configure permission set 13,Completed,Cyberdyne Inc - Integration Program,PHS-00324,Getting Started,Arjun Diallo,,2026-04-05,2026-04-23,12.21,,,,,,,,,2026-04-05,2026-04-14,0.00,,true,Test Execution
PRJ-0100,TSK-001757,Train workflow 14,In progress,Cyberdyne Inc - Integration Program,PHS-00325,Initiate,,,2026-04-06,2026-05-02,0.00,,,,"Document data model 2, Validate environment 3, Migrate workflow 7, Validate data model 9, Configure permission set 13",,,,,2026-04-06,,0.00,,true,Transition
PRJ-0100,TSK-001758,Audit integration 15,Completed,Cyberdyne Inc - Integration Program,PHS-00325,Initiate,Sofia Berg,,2026-04-07,2026-05-06,10.05,,,,,,,,,2026-04-07,2026-04-20,0.00,,true,Project Setup
PRJ-0100,TSK-001759,Document workflow 16,Completed,Cyberdyne Inc - Integration Program,PHS-00324,Getting Started,Yusuf Rossi,,2026-04-08,2026-04-24,38.34,,,,"Validate environment 3, Audit template 6, Migrate workflow 7, Configure permission set 13, Train workflow 14",,,,,2026-04-08,2026-05-05,0.00,,true,Project Setup
PRJ-0100,TSK-001760,Review integration 17,To do,Cyberdyne Inc - Integration Program,PHS-00324,Getting Started,Yusuf Rossi,,2026-04-09,2026-04-14,24.55,,,,Document data model 4,,,,,,,0.00,,false,Program Management
PRJ-0100,TSK-001761,Audit template 18,Completed,Cyberdyne Inc - Integration Program,PHS-00325,Initiate,,,2026-04-10,2026-05-09,28.06,,,,"Deploy template 1, Document data model 2, Audit template 6, Validate permission set 8, Configure permission set 13, Train workflow 14",,,,,2026-04-10,2026-04-12,0.00,,true,Project Setup
PRJ-0100,TSK-001762,Document workflow 19,Completed,Cyberdyne Inc - Integration Program,PHS-00324,Getting Started,Elena Diallo,,2026-04-11,2026-04-19,24.65,,,,,,,,,2026-04-11,2026-05-08,0.00,,true,Build and Deployment
PRJ-0100,TSK-001763,Train report 20,Completed,Cyberdyne Inc - Integration Program,PHS-00325,Initiate,,,2026-04-12,2026-05-06,19.94,,,,,,,,,2026-04-12,2026-04-30,0.00,,true,Project Setup
PRJ-0100,TSK-001764,Review permission set 21,To do,Cyberdyne Inc - Integration Program,PHS-00325,Initiate,Yusuf Rossi,,2026-04-13,2026-04-19,33.46,,,,"Document data model 2, Validate environment 3, Migrate workflow 7, Review playbook 11",,,,,,,0.00,,false,Build and Deployment
PRJ-0100,TSK-001765,Configure integration 22,In progress,Cyberdyne Inc - Integration Program,PHS-00325,Initiate,Arjun Diallo,,2026-04-14,2026-04-15,0.00,,,,,,,,,2026-04-14,,0.00,,false,Build and Deployment
PRJ-0100,TSK-001766,Migrate data model 23,Completed,Cyberdyne Inc - Integration Program,PHS-00325,Initiate,Ingrid Sato,,2026-04-15,2026-04-16,36.23,,,,,,,,,2026-04-15,2026-04-23,0.00,,true,
PRJ-0100,TSK-001767,Document workflow 24,To do,Cyberdyne Inc - Integration Program,PHS-00324,Getting Started,Sofia Berg,,2026-04-16,2026-05-09,11.21,,,,,,,,,,,0.00,,true,Test Execution
PRJ-0100,TSK-001768,Configure environment 25,Completed,Cyberdyne Inc - Integration Program,PHS-00325,Initiate,Zara Kaya,,2026-04-17,2026-05-01,21.77,true,,,"Migrate workflow 7, Review playbook 11, Audit integration 15, Train report 20",,,,,2026-04-17,2026-05-16,0.00,,true,Transition
PRJ-0100,TSK-001769,Train template 26,To do,Cyberdyne Inc - Integration Program,PHS-00325,Initiate,Elena Diallo,,2026-04-18,2026-05-07,3.57,true,,,,,,,,,,0.00,,false,Test Execution
PRJ-0101,TSK-001770,Validate report 1,To do,Wayne Group - Phase 1 Implementation,PHS-00328,Discover & Design,Priya Diallo,,2026-05-05,2026-05-28,22.17,,,,,,,,,,,0.00,,true,Project Setup
PRJ-0101,TSK-001771,Deploy playbook 2,To do,Wayne Group - Phase 1 Implementation,PHS-00329,Configure & Build,,,2026-05-06,2026-05-21,35.82,,,,Validate report 1,,,,,,,0.00,,true,Program Management
PRJ-0101,TSK-001772,Train workflow 3,Completed,Wayne Group - Phase 1 Implementation,PHS-00330,Test,Tomas Sato,,2026-05-07,2026-05-31,25.33,,,,Deploy playbook 2,,,,,2026-05-07,2026-05-16,0.00,,true,Build and Deployment
PRJ-0101,TSK-001773,Deploy data model 4,Completed,Wayne Group - Phase 1 Implementation,PHS-00330,Test,Tomas Sato,,2026-05-08,2026-05-31,24.85,,,,Train workflow 3,,,,,2026-05-08,2026-05-24,0.00,,true,Build and Deployment
PRJ-0101,TSK-001774,Review workflow 5,Completed,Wayne Group - Phase 1 Implementation,PHS-00330,Test,Tomas Sato,,2026-05-09,2026-05-20,37.02,,,,Deploy data model 4,,,,,2026-05-09,2026-05-19,0.00,,false,Project Setup
PRJ-0101,TSK-001775,Document permission set 6,To do,Wayne Group - Phase 1 Implementation,PHS-00327,Initiate,Arjun Diallo,,2026-05-10,2026-06-07,26.13,,,,Review workflow 5,,,,,,,0.00,,true,Transition
PRJ-0101,TSK-001776,Audit template 7,Completed,Wayne Group - Phase 1 Implementation,PHS-00326,Getting Started,Daniel Kaya,,2026-05-11,2026-06-07,3.93,,,,Document permission set 6,,,,,2026-05-11,2026-05-19,0.00,,true,Discovery
PRJ-0101,TSK-001777,Migrate report 8,In progress,Wayne Group - Phase 1 Implementation,PHS-00326,Getting Started,Lena Rossi,,2026-05-12,2026-05-20,0.00,,,,Audit template 7,,,,,2026-05-12,,0.00,,false,Build and Deployment
PRJ-0101,TSK-001778,Document workflow 9,NA,Wayne Group - Phase 1 Implementation,PHS-00329,Configure & Build,Priya Diallo,,2026-05-13,2026-06-03,28.01,,,,Migrate report 8,,,,,,,0.00,,true,Transition
PRJ-0101,TSK-001779,Configure data model 10,To do,Wayne Group - Phase 1 Implementation,PHS-00327,Initiate,Tomas Sato,,2026-05-14,2026-06-05,28.00,,,,Document workflow 9,,,,,,,0.00,,true,Transition
PRJ-0101,TSK-001780,Configure workflow 11,Completed,Wayne Group - Phase 1 Implementation,PHS-00329,Configure & Build,Priya Diallo,,2026-05-15,2026-06-13,8.50,,,,Configure data model 10,,,,,2026-05-15,2026-05-24,0.00,,true,Program Management
PRJ-0101,TSK-001781,Review environment 12,Completed,Wayne Group - Phase 1 Implementation,PHS-00326,Getting Started,Lena Rossi,,2026-05-16,2026-06-02,0.00,,,,Configure workflow 11,,,,,2026-05-16,2026-05-28,0.00,,true,
PRJ-0101,TSK-001782,Migrate playbook 13,Completed,Wayne Group - Phase 1 Implementation,PHS-00330,Test,Lena Rossi,,2026-05-17,2026-06-03,22.59,,,,"Validate report 1, Review workflow 5, Document permission set 6, Audit template 7, Configure data model 10",,,,,2026-05-17,2026-06-16,0.00,,true,Test Execution
PRJ-0101,TSK-001783,Validate template 14,Completed,Wayne Group - Phase 1 Implementation,PHS-00327,Initiate,Priya Diallo,,2026-05-18,2026-05-19,28.65,,,,"Train workflow 3, Deploy data model 4, Migrate report 8, Configure data model 10, Migrate playbook 13",,,,,2026-05-18,2026-06-08,0.00,,true,
PRJ-0101,TSK-001784,Configure template 15,Completed,Wayne Group - Phase 1 Implementation,PHS-00329,Configure & Build,Daniel Kaya,,2026-05-19,2026-06-07,8.10,,,,"Deploy playbook 2, Migrate playbook 13",,,,,2026-05-19,2026-06-07,0.00,,true,
PRJ-0101,TSK-001785,Document workflow 16,To do,Wayne Group - Phase 1 Implementation,PHS-00326,Getting Started,,,2026-05-20,2026-06-01,35.86,,,,,,,,,,,0.00,,true,Program Management
PRJ-0101,TSK-001786,Document environment 17,Completed,Wayne Group - Phase 1 Implementation,PHS-00326,Getting Started,Daniel Kaya,,2026-05-21,2026-06-08,18.01,,,,,,,,,2026-05-21,2026-06-02,0.00,,true,Test Execution
PRJ-0101,TSK-001787,Audit playbook 18,Completed,Wayne Group - Phase 1 Implementation,PHS-00330,Test,,,2026-05-22,2026-06-15,27.30,,,,"Audit template 7, Document workflow 9, Configure workflow 11, Document workflow 16, Document environment 17",,,,,2026-05-22,2026-06-01,0.00,,true,Project Setup
PRJ-0101,TSK-001788,Train report 19,To do,Wayne Group - Phase 1 Implementation,PHS-00329,Configure & Build,Arjun Diallo,,2026-05-23,2026-06-11,0.00,,,,"Train workflow 3, Migrate report 8",,,,,,,0.00,,true,Test Execution
PRJ-0101,TSK-001789,Validate playbook 20,To do,Wayne Group - Phase 1 Implementation,PHS-00326,Getting Started,Daniel Kaya,,2026-05-24,2026-06-01,10.30,,,,"Validate report 1, Document permission set 6",,,,,,,0.00,,true,Transition
PRJ-0101,TSK-001790,Deploy template 21,Completed,Wayne Group - Phase 1 Implementation,PHS-00327,Initiate,Arjun Diallo,,2026-05-25,2026-06-01,22.01,,,,,,,,,2026-05-25,2026-06-05,0.00,,true,Build and Deployment
PRJ-0101,TSK-001791,Review report 22,To do,Wayne Group - Phase 1 Implementation,PHS-00330,Test,,,2026-05-26,2026-06-04,0.00,,,,"Configure workflow 11, Validate playbook 20, Deploy template 21",,,,,,,0.00,,true,Discovery
PRJ-0101,TSK-001792,Configure playbook 23,Completed,Wayne Group - Phase 1 Implementation,PHS-00329,Configure & Build,Tomas Sato,,2026-05-27,2026-06-15,2.73,true,,,Audit template 7,,,,,2026-05-27,2026-06-20,0.00,,true,Project Setup
PRJ-0101,TSK-001793,Migrate report 24,Completed,Wayne Group - Phase 1 Implementation,PHS-00326,Getting Started,Arjun Diallo,,2026-05-28,2026-06-16,6.75,true,,,"Deploy playbook 2, Audit template 7",,,,,2026-05-28,2026-05-30,0.00,,true,Test Execution
PRJ-0102,TSK-001794,Configure permission set 1,To do,Vandelay Group - Phase 1 Implementation,PHS-00333,Discover & Design,Ingrid Sato,,2026-04-09,2026-04-16,0.00,,,,,,,,,,,0.00,,true,Transition
PRJ-0102,TSK-001795,Audit environment 2,Completed,Vandelay Group - Phase 1 Implementation,PHS-00333,Discover & Design,,,2026-04-10,2026-04-30,0.39,,,,Configure permission set 1,,,,,2026-04-10,2026-04-26,0.00,,true,Project Setup
PRJ-0102,TSK-001796,Document permission set 3,In progress,Vandelay Group - Phase 1 Implementation,PHS-00331,Getting Started,Sofia Rossi,,2026-04-11,2026-05-04,25.41,,,,Audit environment 2,,,,,2026-04-11,,0.00,,true,Test Execution
PRJ-0102,TSK-001797,Configure playbook 4,Completed,Vandelay Group - Phase 1 Implementation,PHS-00332,Initiate,Lena Kaya,,2026-04-12,2026-04-13,24.29,,,,Document permission set 3,,,,,2026-04-12,2026-04-28,0.00,,true,
PRJ-0102,TSK-001798,Review integration 5,Completed,Vandelay Group - Phase 1 Implementation,PHS-00332,Initiate,,,2026-04-13,2026-04-24,6.75,,,,Configure playbook 4,,,,,2026-04-13,2026-04-21,0.00,,true,Test Execution
PRJ-0102,TSK-001799,Review integration 6,In progress,Vandelay Group - Phase 1 Implementation,PHS-00331,Getting Started,Zara Kaya,,2026-04-14,2026-04-27,30.12,,,,Review integration 5,,,,,2026-04-14,,0.00,,false,
PRJ-0102,TSK-001800,Migrate integration 7,Completed,Vandelay Group - Phase 1 Implementation,PHS-00331,Getting Started,Amara Sato,,2026-04-15,2026-04-25,17.07,,,,Review integration 6,,,,,2026-04-15,2026-05-09,0.00,,false,Build and Deployment
PRJ-0102,TSK-001801,Train data model 8,To do,Vandelay Group - Phase 1 Implementation,PHS-00331,Getting Started,Amara Sato,,2026-04-16,2026-05-11,0.00,,,,Migrate integration 7,,,,,,,0.00,,true,
PRJ-0102,TSK-001802,Review data model 9,Completed,Vandelay Group - Phase 1 Implementation,PHS-00334,Configure & Build,Lena Kaya,,2026-04-17,2026-05-09,2.38,,,,Train data model 8,,,,,2026-04-17,2026-04-24,0.00,,true,Project Setup
PRJ-0102,TSK-001803,Deploy integration 10,Completed,Vandelay Group - Phase 1 Implementation,PHS-00331,Getting Started,Amara Sato,,2026-04-18,2026-05-15,22.85,,,,Review data model 9,,,,,2026-04-18,2026-04-22,0.00,,true,Transition
PRJ-0102,TSK-001804,Train permission set 11,To do,Vandelay Group - Phase 1 Implementation,PHS-00333,Discover & Design,Ingrid Sato,,2026-04-19,2026-04-30,13.20,,,,Deploy integration 10,,,,,,,0.00,,false,Transition
PRJ-0102,TSK-001805,Validate workflow 12,Completed,Vandelay Group - Phase 1 Implementation,PHS-00333,Discover & Design,Sofia Rossi,,2026-04-20,2026-05-04,36.57,,,,Train permission set 11,,,,,2026-04-20,2026-04-26,0.00,,true,Discovery
PRJ-0102,TSK-001806,Train integration 13,Completed,Vandelay Group - Phase 1 Implementation,PHS-00332,Initiate,Lena Kaya,,2026-04-21,2026-05-11,0.00,,,,,,,,,2026-04-21,2026-05-20,0.00,,true,Build and Deployment
PRJ-0102,TSK-001807,Deploy report 14,Completed,Vandelay Group - Phase 1 Implementation,PHS-00332,Initiate,Ingrid Sato,,2026-04-22,2026-05-04,18.86,,,,"Audit environment 2, Review integration 6, Train permission set 11, Train integration 13",,,,,2026-04-22,2026-05-15,0.00,,true,Build and Deployment
PRJ-0102,TSK-001808,Configure workflow 15,Completed,Vandelay Group - Phase 1 Implementation,PHS-00333,Discover & Design,Sofia Rossi,,2026-04-23,2026-05-09,23.98,,,,"Configure permission set 1, Document permission set 3, Configure playbook 4, Review integration 6, Train integration 13",,,,,2026-04-23,2026-04-27,0.00,,false,Build and Deployment
PRJ-0102,TSK-001809,Train playbook 16,Completed,Vandelay Group - Phase 1 Implementation,PHS-00332,Initiate,Lena Kaya,,2026-04-24,2026-05-14,4.97,,,,,,,,,2026-04-24,2026-04-30,0.00,,true,Project Setup
PRJ-0102,TSK-001810,Validate workflow 17,Completed,Vandelay Group - Phase 1 Implementation,PHS-00331,Getting Started,Sofia Rossi,,2026-04-25,2026-05-10,10.82,,,,"Audit environment 2, Train permission set 11, Train integration 13, Configure workflow 15",,,,,2026-04-25,2026-05-07,0.00,,false,
PRJ-0102,TSK-001811,Validate data model 18,Completed,Vandelay Group - Phase 1 Implementation,PHS-00334,Configure & Build,,,2026-04-26,2026-05-26,33.42,,,,"Migrate integration 7, Deploy integration 10, Train integration 13",,,,,2026-04-26,2026-04-27,0.00,,false,Transition
PRJ-0102,TSK-001812,Validate integration 19,To do,Vandelay Group - Phase 1 Implementation,PHS-00334,Configure & Build,Ingrid Sato,,2026-04-27,2026-05-16,10.00,true,,,"Configure playbook 4, Migrate integration 7, Deploy integration 10",,,,,,,0.00,,false,Test Execution
PRJ-0102,TSK-001813,Deploy report 20,Blocked,Vandelay Group - Phase 1 Implementation,PHS-00333,Discover & Design,Sofia Rossi,,2026-04-28,2026-05-03,0.00,true,,,Review integration 6,,,,,,,0.00,,true,Project Setup
PRJ-0103,TSK-001814,Audit report 1,Completed,Stark Group - Migration,PHS-00335,Getting Started,Elena Diallo,,2026-01-24,2026-01-31,0.86,,,,,,,,,2026-01-24,2026-02-07,0.00,,true,Build and Deployment
PRJ-0103,TSK-001815,Train report 2,Blocked,Stark Group - Migration,PHS-00336,Initiate,,,2026-01-25,2026-02-05,39.04,,,,Audit report 1,,,,,,,0.00,,true,Program Management
PRJ-0103,TSK-001816,Train template 3,In progress,Stark Group - Migration,PHS-00336,Initiate,,,2026-01-26,2026-02-19,31.44,,,,Train report 2,,,,,2026-01-26,,0.00,,true,Test Execution
PRJ-0103,TSK-001817,Configure workflow 4,NA,Stark Group - Migration,PHS-00335,Getting Started,,,2026-01-27,2026-02-23,0.00,,,,Train template 3,,,,,,,0.00,,true,Discovery
PRJ-0103,TSK-001818,Deploy workflow 5,To do,Stark Group - Migration,PHS-00335,Getting Started,Elena Diallo,,2026-01-28,2026-02-04,0.00,,,,Configure workflow 4,,,,,,,0.00,,true,Project Setup
PRJ-0103,TSK-001819,Review permission set 6,Completed,Stark Group - Migration,PHS-00335,Getting Started,Yusuf Sato,,2026-01-29,2026-01-31,23.88,,,,Deploy workflow 5,,,,,2026-01-29,2026-02-09,0.00,,false,Transition
PRJ-0103,TSK-001820,Audit environment 7,To do,Stark Group - Migration,PHS-00336,Initiate,Elena Diallo,,2026-01-30,2026-02-24,33.05,,,,Review permission set 6,,,,,,,0.00,,true,Build and Deployment
PRJ-0103,TSK-001821,Configure report 8,In progress,Stark Group - Migration,PHS-00336,Initiate,Elena Diallo,,2026-01-31,2026-02-03,15.48,,,,Audit environment 7,,,,,2026-01-31,,0.00,,true,Discovery
PRJ-0103,TSK-001822,Migrate template 9,Completed,Stark Group - Migration,PHS-00336,Initiate,,,2026-02-01,2026-02-03,24.64,,,,Configure report 8,,,,,2026-02-01,2026-02-14,0.00,,true,Project Setup
PRJ-0103,TSK-001823,Review workflow 10,Completed,Stark Group - Migration,PHS-00335,Getting Started,Mei Kaya,,2026-02-02,2026-02-28,0.00,,,,Migrate template 9,,,,,2026-02-02,2026-03-01,0.00,,true,Program Management
PRJ-0103,TSK-001824,Audit permission set 11,Completed,Stark Group - Migration,PHS-00336,Initiate,Mei Kaya,,2026-02-03,2026-03-05,30.76,,,,Review workflow 10,,,,,2026-02-03,2026-02-18,0.00,,true,Project Setup
PRJ-0103,TSK-001825,Deploy data model 12,To do,Stark Group - Migration,PHS-00336,Initiate,Mei Kaya,,2026-02-04,2026-02-07,0.00,,,,Audit permission set 11,,,,,,,0.00,,true,
PRJ-0103,TSK-001826,Deploy template 13,Completed,Stark Group - Migration,PHS-00336,Initiate,,,2026-02-05,2026-02-26,0.00,,,,,,,,,2026-02-05,2026-02-14,0.00,,false,Transition
PRJ-0103,TSK-001827,Migrate report 14,Completed,Stark Group - Migration,PHS-00336,Initiate,,,2026-02-06,2026-03-04,27.31,,,,"Train template 3, Deploy workflow 5, Configure report 8",,,,,2026-02-06,2026-02-10,0.00,,false,Build and Deployment
PRJ-0103,TSK-001828,Audit permission set 15,To do,Stark Group - Migration,PHS-00336,Initiate,,,2026-02-07,2026-03-08,0.00,,,,"Audit environment 7, Migrate template 9, Audit permission set 11",,,,,,,0.00,,false,Discovery
PRJ-0103,TSK-001829,Review environment 16,To do,Stark Group - Migration,PHS-00335,Getting Started,Elena Diallo,,2026-02-08,2026-02-26,5.92,,,,"Train report 2, Deploy workflow 5, Audit environment 7, Configure report 8, Migrate report 14",,,,,,,0.00,,true,Project Setup
PRJ-0103,TSK-001830,Document workflow 17,Completed,Stark Group - Migration,PHS-00336,Initiate,Elena Diallo,,2026-02-09,2026-02-24,39.72,,,,"Audit report 1, Review permission set 6, Audit permission set 11, Deploy template 13",,,,,2026-02-09,2026-03-03,0.00,,true,Program Management
PRJ-0103,TSK-001831,Document playbook 18,NA,Stark Group - Migration,PHS-00335,Getting Started,,,2026-02-10,2026-03-01,0.00,,,,Train report 2,,,,,,,0.00,,true,Transition
PRJ-0103,TSK-001832,Review report 19,Completed,Stark Group - Migration,PHS-00336,Initiate,Elena Diallo,,2026-02-11,2026-02-28,0.00,,,,"Configure workflow 4, Audit environment 7, Configure report 8, Review workflow 10, Audit permission set 11",,,,,2026-02-11,2026-03-07,0.00,,true,
PRJ-0103,TSK-001833,Migrate integration 20,Completed,Stark Group - Migration,PHS-00335,Getting Started,Elena Diallo,,2026-02-12,2026-03-09,31.73,true,,,,,,,,2026-02-12,2026-02-19,0.00,,true,Project Setup
PRJ-0103,TSK-001834,Deploy integration 21,In progress,Stark Group - Migration,PHS-00336,Initiate,Yusuf Sato,,2026-02-13,2026-03-03,0.00,true,,,"Configure workflow 4, Deploy workflow 5, Migrate template 9, Deploy template 13, Migrate report 14, Review environment 16",,,,,2026-02-13,,0.00,,false,Discovery
PRJ-0104,TSK-001835,Audit environment 1,Blocked,Contoso Group - Phase 1 Implementation,PHS-00337,Getting Started,Amara Berg,,2026-02-18,2026-02-19,6.64,,,,,,,,,,,0.00,,true,
PRJ-0104,TSK-001836,Train workflow 2,To do,Contoso Group - Phase 1 Implementation,PHS-00338,Initiate,,,2026-02-19,2026-02-20,18.34,,,,Audit environment 1,,,,,,,0.00,,true,Discovery
PRJ-0104,TSK-001837,Validate data model 3,Completed,Contoso Group - Phase 1 Implementation,PHS-00339,Discover & Design,Noah Diallo,,2026-02-20,2026-03-02,2.73,,,,Train workflow 2,,,,,2026-02-20,2026-02-24,0.00,,true,Build and Deployment
PRJ-0104,TSK-001838,Review report 4,In progress,Contoso Group - Phase 1 Implementation,PHS-00340,Configure & Build,Arjun Sato,,2026-02-21,2026-03-16,0.00,,,,Validate data model 3,,,,,2026-02-21,,0.00,,true,Test Execution
PRJ-0104,TSK-001839,Document integration 5,In progress,Contoso Group - Phase 1 Implementation,PHS-00339,Discover & Design,Amara Berg,,2026-02-22,2026-03-24,0.00,,,,Review report 4,,,,,2026-02-22,,0.00,,true,Program Management
PRJ-0104,TSK-001840,Review workflow 6,Completed,Contoso Group - Phase 1 Implementation,PHS-00338,Initiate,Arjun Sato,,2026-02-23,2026-03-09,19.26,,,,Document integration 5,,,,,2026-02-23,2026-03-10,0.00,,true,Build and Deployment
PRJ-0104,TSK-001841,Document integration 7,To do,Contoso Group - Phase 1 Implementation,PHS-00338,Initiate,Noah Diallo,,2026-02-24,2026-03-19,2.18,,,,Review workflow 6,,,,,,,0.00,,true,Transition
PRJ-0104,TSK-001842,Validate playbook 8,Completed,Contoso Group - Phase 1 Implementation,PHS-00337,Getting Started,Amara Berg,,2026-02-25,2026-03-10,7.96,,,,Document integration 7,,,,,2026-02-25,2026-03-22,0.00,,false,Project Setup
PRJ-0104,TSK-001843,Document data model 9,Completed,Contoso Group - Phase 1 Implementation,PHS-00338,Initiate,Elena Diallo,,2026-02-26,2026-03-04,12.95,,,,Validate playbook 8,,,,,2026-02-26,2026-03-14,0.00,,true,
PRJ-0104,TSK-001844,Review environment 10,Completed,Contoso Group - Phase 1 Implementation,PHS-00337,Getting Started,Elena Sato,,2026-02-27,2026-03-12,37.44,,,,Document data model 9,,,,,2026-02-27,2026-03-17,0.00,,true,
PRJ-0104,TSK-001845,Configure integration 11,In progress,Contoso Group - Phase 1 Implementation,PHS-00338,Initiate,Noah Diallo,,2026-02-28,2026-03-06,0.00,,,,Review environment 10,,,,,2026-02-28,,0.00,,true,Discovery
PRJ-0104,TSK-001846,Audit report 12,Completed,Contoso Group - Phase 1 Implementation,PHS-00338,Initiate,Amara Berg,,2026-03-01,2026-03-25,11.60,,,,Configure integration 11,,,,,2026-03-01,2026-03-12,0.00,,true,Project Setup
PRJ-0104,TSK-001847,Audit integration 13,Blocked,Contoso Group - Phase 1 Implementation,PHS-00340,Configure & Build,,,2026-03-02,2026-03-08,0.00,,,,"Audit environment 1, Document integration 5",,,,,,,0.00,,true,Project Setup
PRJ-0104,TSK-001848,Migrate report 14,In progress,Contoso Group - Phase 1 Implementation,PHS-00340,Configure & Build,Amara Berg,,2026-03-03,2026-03-11,0.00,,,,"Document integration 5, Document integration 7, Review environment 10",,,,,2026-03-03,,0.00,,true,Build and Deployment
PRJ-0104,TSK-001849,Audit environment 15,Completed,Contoso Group - Phase 1 Implementation,PHS-00340,Configure & Build,Amara Berg,,2026-03-04,2026-03-16,1.04,,,,Document integration 5,,,,,2026-03-04,2026-03-05,0.00,,true,Test Execution
PRJ-0104,TSK-001850,Document permission set 16,Completed,Contoso Group - Phase 1 Implementation,PHS-00337,Getting Started,Elena Sato,,2026-03-05,2026-03-28,18.45,,,,"Review workflow 6, Document data model 9, Configure integration 11, Migrate report 14",,,,,2026-03-05,2026-03-29,0.00,,false,Project Setup
PRJ-0104,TSK-001851,Migrate data model 17,Completed,Contoso Group - Phase 1 Implementation,PHS-00339,Discover & Design,,,2026-03-06,2026-04-01,29.94,,,,"Document integration 7, Validate playbook 8, Document data model 9, Configure integration 11, Audit environment 15",,,,,2026-03-06,2026-03-07,0.00,,false,Build and Deployment
PRJ-0104,TSK-001852,Deploy permission set 18,NA,Contoso Group - Phase 1 Implementation,PHS-00337,Getting Started,Noah Diallo,,2026-03-07,2026-03-26,0.00,,,,"Audit environment 1, Train workflow 2, Document integration 5, Review workflow 6, Validate playbook 8",,,,,,,0.00,,false,
PRJ-0104,TSK-001853,Train data model 19,NA,Contoso Group - Phase 1 Implementation,PHS-00338,Initiate,Arjun Sato,,2026-03-08,2026-03-29,15.78,,,,"Validate data model 3, Document integration 5, Document integration 7, Validate playbook 8",,,,,,,0.00,,false,Discovery
PRJ-0104,TSK-001854,Document data model 20,To do,Contoso Group - Phase 1 Implementation,PHS-00339,Discover & Design,Noah Diallo,,2026-03-09,2026-03-10,21.89,,,,,,,,,,,0.00,,true,Build and Deployment
PRJ-0104,TSK-001855,Document data model 21,In progress,Contoso Group - Phase 1 Implementation,PHS-00338,Initiate,Arjun Sato,,2026-03-10,2026-03-26,12.73,,,,"Train workflow 2, Validate data model 3, Migrate report 14",,,,,2026-03-10,,0.00,,true,
PRJ-0104,TSK-001856,Train integration 22,To do,Contoso Group - Phase 1 Implementation,PHS-00337,Getting Started,Arjun Sato,,2026-03-11,2026-04-08,0.00,,,,"Audit environment 1, Document data model 9, Review environment 10, Audit integration 13",,,,,,,0.00,,true,Build and Deployment
PRJ-0104,TSK-001857,Configure template 23,In progress,Contoso Group - Phase 1 Implementation,PHS-00338,Initiate,,,2026-03-12,2026-04-03,16.19,,,,"Audit environment 1, Validate playbook 8, Audit integration 13, Deploy permission set 18",,,,,2026-03-12,,0.00,,true,Transition
PRJ-0104,TSK-001858,Migrate template 24,Completed,Contoso Group - Phase 1 Implementation,PHS-00340,Configure & Build,Noah Diallo,,2026-03-13,2026-03-15,23.21,,,,"Validate data model 3, Document data model 9, Document data model 20, Train integration 22",,,,,2026-03-13,2026-03-18,0.00,,true,Test Execution
PRJ-0104,TSK-001859,Train playbook 25,Completed,Contoso Group - Phase 1 Implementation,PHS-00337,Getting Started,,,2026-03-14,2026-04-01,33.92,,,,,,,,,2026-03-14,2026-04-04,0.00,,true,Program Management
PRJ-0104,TSK-001860,Deploy integration 26,Completed,Contoso Group - Phase 1 Implementation,PHS-00340,Configure & Build,Elena Diallo,,2026-03-15,2026-03-17,16.76,,,,"Review report 4, Document integration 5, Review workflow 6, Review environment 10, Audit environment 15",,,,,2026-03-15,2026-03-28,0.00,,true,Discovery
PRJ-0104,TSK-001861,Migrate workflow 27,To do,Contoso Group - Phase 1 Implementation,PHS-00338,Initiate,Amara Berg,,2026-03-16,2026-03-28,0.22,true,,,"Train data model 19, Train integration 22",,,,,,,0.00,,true,Transition
PRJ-0104,TSK-001862,Configure permission set 28,Blocked,Contoso Group - Phase 1 Implementation,PHS-00337,Getting Started,Elena Sato,,2026-03-17,2026-04-02,0.00,true,,,"Train workflow 2, Document data model 20",,,,,,,0.00,,true,Transition
PRJ-0105,TSK-001863,Validate integration 1,Completed,Stark LLC - Phase 2 Rollout,PHS-00341,Getting Started,Noah Diallo,,2026-07-14,2026-08-12,0.00,,,,,,,,,2026-07-14,2026-07-15,0.00,,true,
PRJ-0105,TSK-001864,Configure integration 2,To do,Stark LLC - Phase 2 Rollout,PHS-00343,Discover & Design,Priya Sato,,2026-07-15,2026-08-08,18.72,,,,Validate integration 1,,,,,,,0.00,,false,Build and Deployment
PRJ-0105,TSK-001865,Document template 3,To do,Stark LLC - Phase 2 Rollout,PHS-00344,Configure & Build,Zara Novak,,2026-07-16,2026-07-24,24.66,,,,Configure integration 2,,,,,,,0.00,,true,Build and Deployment
PRJ-0105,TSK-001866,Configure template 4,NA,Stark LLC - Phase 2 Rollout,PHS-00342,Initiate,,,2026-07-17,2026-07-25,0.00,,,,Document template 3,,,,,,,0.00,,true,Project Setup
PRJ-0105,TSK-001867,Configure permission set 5,Completed,Stark LLC - Phase 2 Rollout,PHS-00344,Configure & Build,,,2026-07-18,2026-08-02,32.85,,,,Configure template 4,,,,,2026-07-18,2026-07-20,0.00,,false,
PRJ-0105,TSK-001868,Document integration 6,To do,Stark LLC - Phase 2 Rollout,PHS-00341,Getting Started,Lena Rossi,,2026-07-19,2026-07-28,22.86,,,,Configure permission set 5,,,,,,,0.00,,true,Project Setup
PRJ-0105,TSK-001869,Migrate integration 7,NA,Stark LLC - Phase 2 Rollout,PHS-00341,Getting Started,,,2026-07-20,2026-08-09,0.00,,,,Document integration 6,,,,,,,0.00,,false,Test Execution
PRJ-0105,TSK-001870,Review report 8,Completed,Stark LLC - Phase 2 Rollout,PHS-00343,Discover & Design,Priya Sato,,2026-07-21,2026-07-24,0.00,,,,Migrate integration 7,,,,,2026-07-21,2026-08-19,0.00,,true,Test Execution
PRJ-0105,TSK-001871,Train environment 9,Completed,Stark LLC - Phase 2 Rollout,PHS-00341,Getting Started,Hana Kaya,,2026-07-22,2026-08-05,3.70,,,,Review report 8,,,,,2026-07-22,2026-08-05,0.00,,true,Project Setup
PRJ-0105,TSK-001872,Review playbook 10,In progress,Stark LLC - Phase 2 Rollout,PHS-00341,Getting Started,Priya Sato,,2026-07-23,2026-08-11,32.34,,,,Train environment 9,,,,,2026-07-23,,0.00,,true,Discovery
PRJ-0105,TSK-001873,Deploy permission set 11,In progress,Stark LLC - Phase 2 Rollout,PHS-00343,Discover & Design,Hana Kaya,,2026-07-24,2026-08-07,0.00,,,,Review playbook 10,,,,,2026-07-24,,0.00,,true,
PRJ-0105,TSK-001874,Validate environment 12,Completed,Stark LLC - Phase 2 Rollout,PHS-00342,Initiate,Hana Kaya,,2026-07-25,2026-08-14,1.44,,,,Deploy permission set 11,,,,,2026-07-25,2026-08-14,0.00,,true,Project Setup
PRJ-0105,TSK-001875,Deploy environment 13,To do,Stark LLC - Phase 2 Rollout,PHS-00344,Configure & Build,,,2026-07-26,2026-08-19,0.00,,,,,,,,,,,0.00,,true,Build and Deployment
PRJ-0105,TSK-001876,Train permission set 14,In progress,Stark LLC - Phase 2 Rollout,PHS-00342,Initiate,,,2026-07-27,2026-08-04,0.00,,,,"Document template 3, Migrate integration 7",,,,,2026-07-27,,0.00,,true,Project Setup
PRJ-0105,TSK-001877,Train workflow 15,To do,Stark LLC - Phase 2 Rollout,PHS-00343,Discover & Design,Priya Sato,,2026-07-28,2026-08-23,11.11,,,,"Document integration 6, Deploy environment 13",,,,,,,0.00,,true,Test Execution
PRJ-0105,TSK-001878,Document data model 16,To do,Stark LLC - Phase 2 Rollout,PHS-00343,Discover & Design,,,2026-07-29,2026-08-19,30.24,,,,"Document template 3, Document integration 6, Migrate integration 7, Deploy permission set 11, Train workflow 15",,,,,,,0.00,,true,Transition
PRJ-0105,TSK-001879,Audit integration 17,Completed,Stark LLC - Phase 2 Rollout,PHS-00342,Initiate,,,2026-07-30,2026-08-02,27.19,,,,"Configure permission set 5, Review report 8",,,,,2026-07-30,2026-08-10,0.00,,true,Program Management
PRJ-0105,TSK-001880,Deploy data model 18,NA,Stark LLC - Phase 2 Rollout,PHS-00341,Getting Started,Priya Sato,,2026-07-31,2026-08-01,0.00,,,,"Migrate integration 7, Review playbook 10",,,,,,,0.00,,true,Program Management
PRJ-0105,TSK-001881,Audit environment 19,To do,Stark LLC - Phase 2 Rollout,PHS-00343,Discover & Design,Lena Rossi,,2026-08-01,2026-08-26,37.47,,,,"Validate integration 1, Configure permission set 5, Train environment 9, Deploy data model 18",,,,,,,0.00,,false,Project Setup
PRJ-0105,TSK-001882,Audit playbook 20,NA,Stark LLC - Phase 2 Rollout,PHS-00342,Initiate,Priya Sato,,2026-08-02,2026-09-01,0.00,,,,"Configure permission set 5, Document integration 6, Audit integration 17",,,,,,,0.00,,true,Program Management
PRJ-0105,TSK-001883,Document integration 21,To do,Stark LLC - Phase 2 Rollout,PHS-00343,Discover & Design,Lena Rossi,,2026-08-03,2026-08-19,3.67,,,,Review playbook 10,,,,,,,0.00,,true,Project Setup
PRJ-0105,TSK-001884,Migrate permission set 22,Completed,Stark LLC - Phase 2 Rollout,PHS-00342,Initiate,Hana Kaya,,2026-08-04,2026-08-20,0.00,,,,"Configure integration 2, Configure template 4, Train environment 9, Deploy environment 13",,,,,2026-08-04,2026-08-27,0.00,,true,Build and Deployment
PRJ-0105,TSK-001885,Configure playbook 23,To do,Stark LLC - Phase 2 Rollout,PHS-00342,Initiate,Hana Kaya,,2026-08-05,2026-08-25,0.00,,,,Review playbook 10,,,,,,,0.00,,true,Build and Deployment
PRJ-0105,TSK-001886,Audit environment 24,Completed,Stark LLC - Phase 2 Rollout,PHS-00341,Getting Started,Priya Sato,,2026-08-06,2026-08-27,13.20,,,,"Migrate integration 7, Review report 8, Document integration 21",,,,,2026-08-06,2026-08-29,0.00,,false,
PRJ-0105,TSK-001887,Audit environment 25,Completed,Stark LLC - Phase 2 Rollout,PHS-00342,Initiate,Priya Sato,,2026-08-07,2026-08-14,0.00,,,,"Configure integration 2, Document integration 6, Deploy permission set 11, Train permission set 14, Audit integration 17",,,,,2026-08-07,2026-08-29,0.00,,true,Discovery
PRJ-0105,TSK-001888,Review integration 26,To do,Stark LLC - Phase 2 Rollout,PHS-00343,Discover & Design,,,2026-08-08,2026-08-18,0.00,true,,,Configure permission set 5,,,,,,,0.00,,false,
PRJ-0105,TSK-001889,Deploy template 27,Completed,Stark LLC - Phase 2 Rollout,PHS-00343,Discover & Design,Priya Sato,,2026-08-09,2026-08-29,7.21,true,,,"Configure permission set 5, Deploy permission set 11",,,,,2026-08-09,2026-09-06,0.00,,false,Discovery
PRJ-0106,TSK-001890,Review permission set 1,To do,Vandelay LLC - Migration,PHS-00345,Getting Started,Noah Novak,,2026-06-06,2026-06-17,0.00,,,,,,,,,,,0.00,,true,Transition
PRJ-0106,TSK-001891,Review data model 2,Blocked,Vandelay LLC - Migration,PHS-00345,Getting Started,Lena Rossi,,2026-06-07,2026-06-13,0.00,,,,Review permission set 1,,,,,,,0.00,,true,Transition
PRJ-0106,TSK-001892,Migrate playbook 3,Completed,Vandelay LLC - Migration,PHS-00346,Initiate,Noah Novak,,2026-06-08,2026-07-05,39.26,,,,Review data model 2,,,,,2026-06-08,2026-06-13,0.00,,true,Program Management
PRJ-0106,TSK-001893,Migrate permission set 4,To do,Vandelay LLC - Migration,PHS-00345,Getting Started,Yusuf Rossi,,2026-06-09,2026-06-28,1.70,,,,Migrate playbook 3,,,,,,,0.00,,true,Discovery
PRJ-0106,TSK-001894,Train playbook 5,Blocked,Vandelay LLC - Migration,PHS-00345,Getting Started,Noah Novak,,2026-06-10,2026-07-05,0.00,,,,Migrate permission set 4,,,,,,,0.00,,false,Test Execution
PRJ-0106,TSK-001895,Validate report 6,To do,Vandelay LLC - Migration,PHS-00346,Initiate,Lena Rossi,,2026-06-11,2026-07-04,35.02,,,,Train playbook 5,,,,,,,0.00,,true,Test Execution
PRJ-0106,TSK-001896,Train workflow 7,To do,Vandelay LLC - Migration,PHS-00346,Initiate,Yusuf Rossi,,2026-06-12,2026-06-28,0.00,,,,Validate report 6,,,,,,,0.00,,true,Discovery
PRJ-0106,TSK-001897,Document template 8,Completed,Vandelay LLC - Migration,PHS-00345,Getting Started,,,2026-06-13,2026-07-03,27.08,,,,Train workflow 7,,,,,2026-06-13,2026-06-17,0.00,,true,Program Management
PRJ-0106,TSK-001898,Audit workflow 9,Completed,Vandelay LLC - Migration,PHS-00346,Initiate,Yusuf Rossi,,2026-06-14,2026-06-25,0.00,,,,Document template 8,,,,,2026-06-14,2026-07-03,0.00,,true,
PRJ-0106,TSK-001899,Audit environment 10,In progress,Vandelay LLC - Migration,PHS-00346,Initiate,,,2026-06-15,2026-07-13,29.08,,,,Audit workflow 9,,,,,2026-06-15,,0.00,,true,Transition
PRJ-0106,TSK-001900,Train report 11,To do,Vandelay LLC - Migration,PHS-00346,Initiate,Ingrid Sato,,2026-06-16,2026-06-23,0.00,,,,Audit environment 10,,,,,,,0.00,,true,Transition
PRJ-0106,TSK-001901,Configure workflow 12,Completed,Vandelay LLC - Migration,PHS-00347,Discover & Design,,,2026-06-17,2026-06-24,17.10,,,,Train report 11,,,,,2026-06-17,2026-07-04,0.00,,true,Test Execution
PRJ-0106,TSK-001902,Deploy playbook 13,Completed,Vandelay LLC - Migration,PHS-00346,Initiate,,,2026-06-18,2026-07-16,0.34,,,,,,,,,2026-06-18,2026-06-24,0.00,,true,Discovery
PRJ-0106,TSK-001903,Configure environment 14,To do,Vandelay LLC - Migration,PHS-00346,Initiate,Lena Rossi,,2026-06-19,2026-07-04,32.77,,,,,,,,,,,0.00,,true,Discovery
PRJ-0106,TSK-001904,Validate permission set 15,To do,Vandelay LLC - Migration,PHS-00347,Discover & Design,,,2026-06-20,2026-07-12,17.90,,,,,,,,,,,0.00,,true,
PRJ-0106,TSK-001905,Migrate playbook 16,Completed,Vandelay LLC - Migration,PHS-00346,Initiate,,,2026-06-21,2026-07-10,39.22,,,,,,,,,2026-06-21,2026-06-26,0.00,,true,
PRJ-0106,TSK-001906,Audit workflow 17,In progress,Vandelay LLC - Migration,PHS-00346,Initiate,Yusuf Rossi,,2026-06-22,2026-07-03,0.00,,,,,,,,,2026-06-22,,0.00,,true,Transition
PRJ-0106,TSK-001907,Document playbook 18,To do,Vandelay LLC - Migration,PHS-00346,Initiate,Ingrid Sato,,2026-06-23,2026-07-05,19.84,true,,,,,,,,,,0.00,,true,Discovery
PRJ-0107,TSK-001908,Deploy playbook 1,To do,Wayne Ltd - Enterprise Rollout,PHS-00348,Getting Started,Sofia Rossi,,2026-02-13,2026-02-18,0.00,,,,,,,,,,,0.00,,false,Project Setup
PRJ-0107,TSK-001909,Audit permission set 2,In progress,Wayne Ltd - Enterprise Rollout,PHS-00349,Initiate,Marco Sato,,2026-02-14,2026-02-23,0.00,,,,Deploy playbook 1,,,,,2026-02-14,,0.00,,true,Project Setup
PRJ-0107,TSK-001910,Configure playbook 3,Completed,Wayne Ltd - Enterprise Rollout,PHS-00348,Getting Started,Marco Sato,,2026-02-15,2026-03-10,0.80,,,,Audit permission set 2,,,,,2026-02-15,2026-02-24,0.00,,false,Project Setup
PRJ-0107,TSK-001911,Deploy playbook 4,Completed,Wayne Ltd - Enterprise Rollout,PHS-00348,Getting Started,Sofia Rossi,,2026-02-16,2026-03-10,28.33,,,,Configure playbook 3,,,,,2026-02-16,2026-02-19,0.00,,true,Test Execution
PRJ-0107,TSK-001912,Migrate environment 5,Completed,Wayne Ltd - Enterprise Rollout,PHS-00352,Test,Marco Sato,,2026-02-17,2026-03-11,5.39,,,,Deploy playbook 4,,,,,2026-02-17,2026-03-13,0.00,,true,Test Execution
PRJ-0107,TSK-001913,Validate data model 6,Completed,Wayne Ltd - Enterprise Rollout,PHS-00353,Transfer,Marco Sato,,2026-02-18,2026-03-12,0.00,,,,Migrate environment 5,,,,,2026-02-18,2026-02-19,0.00,,true,Discovery
PRJ-0107,TSK-001914,Deploy report 7,Completed,Wayne Ltd - Enterprise Rollout,PHS-00348,Getting Started,Sofia Rossi,,2026-02-19,2026-03-19,36.31,,,,Validate data model 6,,,,,2026-02-19,2026-03-01,0.00,,true,Test Execution
PRJ-0107,TSK-001915,Review template 8,To do,Wayne Ltd - Enterprise Rollout,PHS-00348,Getting Started,Sofia Rossi,,2026-02-20,2026-03-21,0.00,,,,Deploy report 7,,,,,,,0.00,,true,Transition
PRJ-0107,TSK-001916,Train permission set 9,Completed,Wayne Ltd - Enterprise Rollout,PHS-00348,Getting Started,Marco Sato,,2026-02-21,2026-03-11,18.81,,,,Review template 8,,,,,2026-02-21,2026-02-24,0.00,,true,Build and Deployment
PRJ-0107,TSK-001917,Audit report 10,Blocked,Wayne Ltd - Enterprise Rollout,PHS-00348,Getting Started,Sofia Rossi,,2026-02-22,2026-03-13,2.32,,,,Train permission set 9,,,,,,,0.00,,false,Program Management
PRJ-0107,TSK-001918,Audit integration 11,Completed,Wayne Ltd - Enterprise Rollout,PHS-00351,Configure & Build,Sofia Rossi,,2026-02-23,2026-03-17,0.00,,,,Audit report 10,,,,,2026-02-23,2026-03-02,0.00,,true,Program Management
PRJ-0107,TSK-001919,Document data model 12,Completed,Wayne Ltd - Enterprise Rollout,PHS-00351,Configure & Build,Marco Sato,,2026-02-24,2026-02-27,14.51,,,,Audit integration 11,,,,,2026-02-24,2026-03-16,0.00,,true,Discovery
PRJ-0107,TSK-001920,Configure permission set 13,Completed,Wayne Ltd - Enterprise Rollout,PHS-00350,Discover & Design,Marco Sato,,2026-02-25,2026-03-20,0.00,,,,,,,,,2026-02-25,2026-03-19,0.00,,true,
PRJ-0107,TSK-001921,Audit template 14,Completed,Wayne Ltd - Enterprise Rollout,PHS-00348,Getting Started,,,2026-02-26,2026-03-21,0.00,,,,"Deploy playbook 4, Validate data model 6, Deploy report 7, Review template 8, Audit report 10",,,,,2026-02-26,2026-03-06,0.00,,true,Project Setup
PRJ-0107,TSK-001922,Audit workflow 15,To do,Wayne Ltd - Enterprise Rollout,PHS-00353,Transfer,Marco Sato,,2026-02-27,2026-03-05,10.96,,,,"Audit permission set 2, Migrate environment 5, Validate data model 6",,,,,,,0.00,,true,Transition
PRJ-0107,TSK-001923,Review report 16,Completed,Wayne Ltd - Enterprise Rollout,PHS-00353,Transfer,Marco Sato,,2026-02-28,2026-03-02,0.00,,,,"Migrate environment 5, Validate data model 6, Audit report 10, Audit workflow 15",,,,,2026-02-28,2026-03-19,0.00,,false,Build and Deployment
PRJ-0107,TSK-001924,Migrate environment 17,To do,Wayne Ltd - Enterprise Rollout,PHS-00352,Test,Sofia Rossi,,2026-03-01,2026-03-15,0.00,,,,,,,,,,,0.00,,true,Test Execution
PRJ-0107,TSK-001925,Train permission set 18,Blocked,Wayne Ltd - Enterprise Rollout,PHS-00352,Test,,,2026-03-02,2026-03-22,0.00,,,,"Audit report 10, Migrate environment 17",,,,,,,0.00,,false,Transition
PRJ-0107,TSK-001926,Configure template 19,To do,Wayne Ltd - Enterprise Rollout,PHS-00352,Test,,,2026-03-03,2026-03-17,36.98,,,,,,,,,,,0.00,,false,Project Setup
PRJ-0107,TSK-001927,Train workflow 20,Completed,Wayne Ltd - Enterprise Rollout,PHS-00352,Test,Sofia Rossi,,2026-03-04,2026-03-08,15.49,,,,"Configure playbook 3, Validate data model 6, Deploy report 7, Train permission set 18",,,,,2026-03-04,2026-03-28,0.00,,true,Test Execution
PRJ-0107,TSK-001928,Review environment 21,Completed,Wayne Ltd - Enterprise Rollout,PHS-00350,Discover & Design,Marco Sato,,2026-03-05,2026-03-06,0.06,,,,"Deploy playbook 4, Audit integration 11, Configure permission set 13, Audit template 14, Configure template 19",,,,,2026-03-05,2026-03-09,0.00,,false,Test Execution
PRJ-0107,TSK-001929,Configure report 22,Completed,Wayne Ltd - Enterprise Rollout,PHS-00350,Discover & Design,Marco Sato,,2026-03-06,2026-03-25,20.34,true,,,,,,,,2026-03-06,2026-03-28,0.00,,true,Build and Deployment
PRJ-0107,TSK-001930,Validate playbook 23,NA,Wayne Ltd - Enterprise Rollout,PHS-00351,Configure & Build,Marco Sato,,2026-03-07,2026-03-08,37.01,true,,,"Deploy playbook 4, Migrate environment 5",,,,,,,0.00,,false,Transition
PRJ-0108,TSK-001931,Deploy integration 1,In progress,Aperture GmbH - Integration Program,PHS-00356,Discover & Design,Kwame Novak,,2026-01-31,2026-02-27,12.66,,,,,,,,,2026-01-31,,0.00,,true,
PRJ-0108,TSK-001932,Migrate integration 2,Completed,Aperture GmbH - Integration Program,PHS-00355,Initiate,Lena Rossi,,2026-02-01,2026-02-14,23.60,,,,Deploy integration 1,,,,,2026-02-01,2026-02-16,0.00,,true,Test Execution
PRJ-0108,TSK-001933,Train workflow 3,To do,Aperture GmbH - Integration Program,PHS-00354,Getting Started,,,2026-02-02,2026-02-07,0.00,,,,Migrate integration 2,,,,,,,0.00,,true,Transition
PRJ-0108,TSK-001934,Validate environment 4,Completed,Aperture GmbH - Integration Program,PHS-00356,Discover & Design,Kwame Novak,,2026-02-03,2026-02-12,36.89,,,,Train workflow 3,,,,,2026-02-03,2026-02-10,0.00,,true,Build and Deployment
PRJ-0108,TSK-001935,Train integration 5,Completed,Aperture GmbH - Integration Program,PHS-00356,Discover & Design,Kwame Novak,,2026-02-04,2026-02-17,39.62,,,,Validate environment 4,,,,,2026-02-04,2026-02-11,0.00,,true,Project Setup
PRJ-0108,TSK-001936,Validate playbook 6,Blocked,Aperture GmbH - Integration Program,PHS-00354,Getting Started,,,2026-02-05,2026-02-10,0.00,,,,Train integration 5,,,,,,,0.00,,true,
PRJ-0108,TSK-001937,Audit permission set 7,Completed,Aperture GmbH - Integration Program,PHS-00354,Getting Started,Lena Rossi,,2026-02-06,2026-02-08,16.46,,,,Validate playbook 6,,,,,2026-02-06,2026-02-18,0.00,,true,Project Setup
PRJ-0108,TSK-001938,Train permission set 8,To do,Aperture GmbH - Integration Program,PHS-00355,Initiate,Kwame Novak,,2026-02-07,2026-03-09,15.18,,,,Audit permission set 7,,,,,,,0.00,,true,Program Management
PRJ-0108,TSK-001939,Train data model 9,To do,Aperture GmbH - Integration Program,PHS-00354,Getting Started,Kwame Novak,,2026-02-08,2026-02-12,24.53,,,,Train permission set 8,,,,,,,0.00,,true,Test Execution
PRJ-0108,TSK-001940,Train data model 10,To do,Aperture GmbH - Integration Program,PHS-00356,Discover & Design,,,2026-02-09,2026-03-01,0.00,,,,Train data model 9,,,,,,,0.00,,true,Test Execution
PRJ-0108,TSK-001941,Review permission set 11,NA,Aperture GmbH - Integration Program,PHS-00354,Getting Started,Kwame Novak,,2026-02-10,2026-02-11,8.19,,,,Train data model 10,,,,,,,0.00,,false,Project Setup
PRJ-0108,TSK-001942,Validate integration 12,Completed,Aperture GmbH - Integration Program,PHS-00355,Initiate,Lena Rossi,,2026-02-11,2026-02-18,3.29,,,,Review permission set 11,,,,,2026-02-11,2026-02-19,0.00,,true,Test Execution
PRJ-0108,TSK-001943,Deploy data model 13,Completed,Aperture GmbH - Integration Program,PHS-00356,Discover & Design,Kwame Novak,,2026-02-12,2026-02-17,17.86,,,,"Deploy integration 1, Validate environment 4, Audit permission set 7, Train data model 10, Review permission set 11",,,,,2026-02-12,2026-02-14,0.00,,true,Build and Deployment
PRJ-0108,TSK-001944,Audit integration 14,Completed,Aperture GmbH - Integration Program,PHS-00355,Initiate,Lena Rossi,,2026-02-13,2026-02-25,5.69,true,,,,,,,,2026-02-13,2026-03-03,0.00,,true,Transition
PRJ-0109,TSK-001945,Migrate workflow 1,In progress,Umbrella LLC - Integration Program,PHS-00359,Discover & Design,Priya Sato,,2026-03-30,2026-04-07,0.00,,,,,,,,,2026-03-30,,0.00,,true,Discovery
PRJ-0109,TSK-001946,Migrate data model 2,To do,Umbrella LLC - Integration Program,PHS-00357,Getting Started,,,2026-03-31,2026-04-15,0.00,,,,Migrate workflow 1,,,,,,,0.00,,true,Build and Deployment
PRJ-0109,TSK-001947,Document template 3,NA,Umbrella LLC - Integration Program,PHS-00359,Discover & Design,Ingrid Rossi,,2026-04-01,2026-04-07,0.00,,,,Migrate data model 2,,,,,,,0.00,,true,Project Setup
PRJ-0109,TSK-001948,Configure playbook 4,NA,Umbrella LLC - Integration Program,PHS-00359,Discover & Design,Priya Sato,,2026-04-02,2026-04-28,17.42,,,,Document template 3,,,,,,,0.00,,true,Discovery
PRJ-0109,TSK-001949,Deploy permission set 5,Completed,Umbrella LLC - Integration Program,PHS-00358,Initiate,Hana Kaya,,2026-04-03,2026-04-09,25.64,,,,Configure playbook 4,,,,,2026-04-03,2026-04-12,0.00,,true,
PRJ-0109,TSK-001950,Configure permission set 6,Completed,Umbrella LLC - Integration Program,PHS-00360,Configure & Build,,,2026-04-04,2026-04-19,0.00,,,,Deploy permission set 5,,,,,2026-04-04,2026-04-28,0.00,,true,Build and Deployment
PRJ-0109,TSK-001951,Document playbook 7,Completed,Umbrella LLC - Integration Program,PHS-00360,Configure & Build,Ingrid Rossi,,2026-04-05,2026-05-04,0.00,,,,Configure permission set 6,,,,,2026-04-05,2026-04-15,0.00,,true,Build and Deployment
PRJ-0109,TSK-001952,Deploy playbook 8,Completed,Umbrella LLC - Integration Program,PHS-00359,Discover & Design,Daniel Kaya,,2026-04-06,2026-04-13,8.78,,,,Document playbook 7,,,,,2026-04-06,2026-04-23,0.00,,true,
PRJ-0109,TSK-001953,Train template 9,To do,Umbrella LLC - Integration Program,PHS-00358,Initiate,Elena Sato,,2026-04-07,2026-04-12,0.00,,,,Deploy playbook 8,,,,,,,0.00,,true,Test Execution
PRJ-0109,TSK-001954,Deploy report 10,Completed,Umbrella LLC - Integration Program,PHS-00360,Configure & Build,Ingrid Rossi,,2026-04-08,2026-05-06,33.29,,,,Train template 9,,,,,2026-04-08,2026-05-03,0.00,,true,
PRJ-0109,TSK-001955,Migrate permission set 11,In progress,Umbrella LLC - Integration Program,PHS-00359,Discover & Design,Priya Sato,,2026-04-09,2026-04-14,29.26,,,,Deploy report 10,,,,,2026-04-09,,0.00,,true,Project Setup
PRJ-0109,TSK-001956,Migrate workflow 12,Completed,Umbrella LLC - Integration Program,PHS-00358,Initiate,Daniel Kaya,,2026-04-10,2026-04-27,32.72,,,,Migrate permission set 11,,,,,2026-04-10,2026-04-26,0.00,,true,Program Management
PRJ-0109,TSK-001957,Migrate workflow 13,To do,Umbrella LLC - Integration Program,PHS-00360,Configure & Build,Priya Sato,,2026-04-11,2026-04-24,0.00,,,,"Migrate workflow 1, Configure permission set 6, Deploy playbook 8",,,,,,,0.00,,true,Project Setup
PRJ-0109,TSK-001958,Migrate permission set 14,Completed,Umbrella LLC - Integration Program,PHS-00357,Getting Started,Ingrid Rossi,,2026-04-12,2026-04-22,38.47,,,,,,,,,2026-04-12,2026-04-14,0.00,,true,Discovery
PRJ-0109,TSK-001959,Configure playbook 15,To do,Umbrella LLC - Integration Program,PHS-00359,Discover & Design,,,2026-04-13,2026-05-02,0.00,,,,"Migrate workflow 1, Deploy permission set 5, Deploy report 10, Migrate permission set 11",,,,,,,0.00,,true,Project Setup
PRJ-0109,TSK-001960,Train playbook 16,In progress,Umbrella LLC - Integration Program,PHS-00359,Discover & Design,Hana Kaya,,2026-04-14,2026-05-04,0.00,,,,"Migrate workflow 1, Deploy playbook 8, Train template 9",,,,,2026-04-14,,0.00,,false,Program Management
PRJ-0109,TSK-001961,Train integration 17,Completed,Umbrella LLC - Integration Program,PHS-00357,Getting Started,Priya Sato,,2026-04-15,2026-04-20,0.00,,,,"Document template 3, Deploy report 10",,,,,2026-04-15,2026-05-02,0.00,,true,
PRJ-0109,TSK-001962,Audit permission set 18,To do,Umbrella LLC - Integration Program,PHS-00358,Initiate,,,2026-04-16,2026-05-16,13.22,true,,,Train playbook 16,,,,,,,0.00,,false,Test Execution
PRJ-0110,TSK-001963,Review integration 1,Completed,Cyberdyne GmbH - Phase 2 Rollout,PHS-00362,Initiate,Mei Sato,,2026-04-22,2026-05-20,1.45,,,,,,,,,2026-04-22,2026-04-28,0.00,,true,
PRJ-0110,TSK-001964,Train playbook 2,Completed,Cyberdyne GmbH - Phase 2 Rollout,PHS-00361,Getting Started,Tomas Sato,,2026-04-23,2026-04-27,20.04,,,,Review integration 1,,,,,2026-04-23,2026-04-26,0.00,,true,Transition
PRJ-0110,TSK-001965,Migrate template 3,Completed,Cyberdyne GmbH - Phase 2 Rollout,PHS-00362,Initiate,Tomas Sato,,2026-04-24,2026-05-13,31.29,,,,Train playbook 2,,,,,2026-04-24,2026-05-10,0.00,,true,
PRJ-0110,TSK-001966,Document report 4,Completed,Cyberdyne GmbH - Phase 2 Rollout,PHS-00362,Initiate,Zara Kaya,,2026-04-25,2026-04-30,0.00,,,,Migrate template 3,,,,,2026-04-25,2026-04-29,0.00,,true,Test Execution
PRJ-0110,TSK-001967,Review data model 5,Completed,Cyberdyne GmbH - Phase 2 Rollout,PHS-00361,Getting Started,Ingrid Sato,,2026-04-26,2026-05-17,14.09,,,,Document report 4,,,,,2026-04-26,2026-05-22,0.00,,true,Test Execution
PRJ-0110,TSK-001968,Train permission set 6,Completed,Cyberdyne GmbH - Phase 2 Rollout,PHS-00362,Initiate,Tomas Sato,,2026-04-27,2026-05-02,29.10,,,,Review data model 5,,,,,2026-04-27,2026-05-24,0.00,,true,Discovery
PRJ-0110,TSK-001969,Configure playbook 7,Completed,Cyberdyne GmbH - Phase 2 Rollout,PHS-00362,Initiate,,,2026-04-28,2026-05-04,36.20,,,,Train permission set 6,,,,,2026-04-28,2026-05-17,0.00,,false,Program Management
PRJ-0110,TSK-001970,Train permission set 8,Completed,Cyberdyne GmbH - Phase 2 Rollout,PHS-00362,Initiate,Ingrid Sato,,2026-04-29,2026-05-25,4.23,,,,Configure playbook 7,,,,,2026-04-29,2026-05-12,0.00,,true,
PRJ-0110,TSK-001971,Train report 9,Completed,Cyberdyne GmbH - Phase 2 Rollout,PHS-00362,Initiate,,,2026-04-30,2026-05-27,0.00,,,,Train permission set 8,,,,,2026-04-30,2026-05-04,0.00,,true,Discovery
PRJ-0110,TSK-001972,Configure permission set 10,Completed,Cyberdyne GmbH - Phase 2 Rollout,PHS-00361,Getting Started,Mei Sato,,2026-05-01,2026-05-31,0.00,,,,Train report 9,,,,,2026-05-01,2026-05-26,0.00,,true,Build and Deployment
PRJ-0110,TSK-001973,Document report 11,Completed,Cyberdyne GmbH - Phase 2 Rollout,PHS-00362,Initiate,Zara Kaya,,2026-05-02,2026-05-07,4.86,,,,Configure permission set 10,,,,,2026-05-02,2026-05-14,0.00,,true,Transition
PRJ-0110,TSK-001974,Migrate permission set 12,Completed,Cyberdyne GmbH - Phase 2 Rollout,PHS-00362,Initiate,Zara Kaya,,2026-05-03,2026-05-27,1.99,,,,Document report 11,,,,,2026-05-03,2026-05-28,0.00,,true,Transition
PRJ-0110,TSK-001975,Migrate data model 13,Completed,Cyberdyne GmbH - Phase 2 Rollout,PHS-00362,Initiate,Tomas Sato,,2026-05-04,2026-05-18,23.44,,,,"Review data model 5, Train permission set 6, Configure playbook 7",,,,,2026-05-04,2026-05-19,0.00,,true,
PRJ-0110,TSK-001976,Deploy workflow 14,Completed,Cyberdyne GmbH - Phase 2 Rollout,PHS-00361,Getting Started,Mei Sato,,2026-05-05,2026-05-17,7.88,,,,"Review integration 1, Migrate template 3, Document report 4, Review data model 5, Train report 9, Document report 11",,,,,2026-05-05,2026-05-28,0.00,,true,Program Management
PRJ-0110,TSK-001977,Deploy data model 15,Completed,Cyberdyne GmbH - Phase 2 Rollout,PHS-00361,Getting Started,Mei Kaya,,2026-05-06,2026-05-12,38.81,,,,Configure playbook 7,,,,,2026-05-06,2026-06-02,0.00,,true,Program Management
PRJ-0110,TSK-001978,Audit integration 16,Completed,Cyberdyne GmbH - Phase 2 Rollout,PHS-00361,Getting Started,Zara Kaya,,2026-05-07,2026-05-17,13.85,,,,,,,,,2026-05-07,2026-05-20,0.00,,true,Transition
PRJ-0110,TSK-001979,Document environment 17,Completed,Cyberdyne GmbH - Phase 2 Rollout,PHS-00362,Initiate,Ingrid Sato,,2026-05-08,2026-05-10,0.68,,,,,TSK-001971,Train report 9,,,2026-05-08,2026-05-11,0.00,,true,Test Execution
PRJ-0110,TSK-001980,Configure template 18,Completed,Cyberdyne GmbH - Phase 2 Rollout,PHS-00362,Initiate,Ingrid Sato,,2026-05-09,2026-05-26,36.83,,,,"Train playbook 2, Document report 4, Review data model 5",,,,,2026-05-09,2026-05-25,0.00,,true,Test Execution
PRJ-0110,TSK-001981,Deploy data model 19,Completed,Cyberdyne GmbH - Phase 2 Rollout,PHS-00361,Getting Started,Tomas Sato,,2026-05-10,2026-05-29,18.34,,,,"Configure playbook 7, Train report 9, Deploy data model 15",,,,,2026-05-10,2026-05-23,0.00,,true,Test Execution
PRJ-0110,TSK-001982,Configure template 20,Completed,Cyberdyne GmbH - Phase 2 Rollout,PHS-00361,Getting Started,,,2026-05-11,2026-05-27,21.72,,,,"Migrate template 3, Review data model 5, Train permission set 8, Deploy data model 19",,,,,2026-05-11,2026-05-13,0.00,,true,Discovery
PRJ-0110,TSK-001983,Deploy playbook 21,Completed,Cyberdyne GmbH - Phase 2 Rollout,PHS-00361,Getting Started,Mei Kaya,,2026-05-12,2026-06-04,12.86,,,,"Document report 4, Review data model 5, Document report 11",,,,,2026-05-12,2026-05-14,0.00,,true,Program Management
PRJ-0110,TSK-001984,Deploy environment 22,Completed,Cyberdyne GmbH - Phase 2 Rollout,PHS-00362,Initiate,Tomas Sato,,2026-05-13,2026-06-05,0.00,,,,Deploy data model 15,,,,,2026-05-13,2026-06-03,0.00,,true,Project Setup
PRJ-0110,TSK-001985,Train data model 23,Completed,Cyberdyne GmbH - Phase 2 Rollout,PHS-00361,Getting Started,Zara Kaya,,2026-05-14,2026-06-05,22.15,,,,"Train playbook 2, Migrate template 3, Configure template 18, Deploy data model 19",,,,,2026-05-14,2026-06-08,0.00,,true,Test Execution
PRJ-0110,TSK-001986,Review template 24,Completed,Cyberdyne GmbH - Phase 2 Rollout,PHS-00362,Initiate,,,2026-05-15,2026-06-12,18.89,,,,"Migrate template 3, Train permission set 6, Migrate data model 13, Train data model 23",,,,,2026-05-15,2026-05-20,0.00,,false,
PRJ-0110,TSK-001987,Validate playbook 25,Completed,Cyberdyne GmbH - Phase 2 Rollout,PHS-00362,Initiate,Tomas Sato,,2026-05-16,2026-05-22,16.45,,,,"Train permission set 8, Train report 9, Configure permission set 10, Deploy data model 15, Deploy data model 19",,,,,2026-05-16,2026-06-11,0.00,,true,Build and Deployment
PRJ-0110,TSK-001988,Review integration 26,Completed,Cyberdyne GmbH - Phase 2 Rollout,PHS-00362,Initiate,Tomas Sato,,2026-05-17,2026-06-06,29.09,,,,"Document report 4, Review data model 5, Configure permission set 10, Document environment 17, Configure template 18",,,,,2026-05-17,2026-06-08,0.00,,false,
PRJ-0110,TSK-001989,Validate template 27,Completed,Cyberdyne GmbH - Phase 2 Rollout,PHS-00362,Initiate,Tomas Sato,,2026-05-18,2026-06-14,0.00,,,,,,,,,2026-05-18,2026-06-15,0.00,,true,Project Setup
PRJ-0110,TSK-001990,Audit environment 28,Completed,Cyberdyne GmbH - Phase 2 Rollout,PHS-00362,Initiate,,,2026-05-19,2026-05-31,13.66,,,,Validate playbook 25,,,,,2026-05-19,2026-05-21,0.00,,false,Transition
PRJ-0110,TSK-001991,Configure template 29,Completed,Cyberdyne GmbH - Phase 2 Rollout,PHS-00362,Initiate,Mei Sato,,2026-05-20,2026-06-12,7.20,true,,,,,,,,2026-05-20,2026-06-16,0.00,,true,Program Management
PRJ-0110,TSK-001992,Document template 30,Completed,Cyberdyne GmbH - Phase 2 Rollout,PHS-00362,Initiate,Mei Kaya,,2026-05-21,2026-06-20,0.17,true,,,"Train playbook 2, Migrate template 3, Configure template 18, Deploy environment 22",,,,,2026-05-21,2026-05-29,0.00,,true,Build and Deployment
PRJ-0110,TSK-001993,Deploy workflow 31,Completed,Cyberdyne GmbH - Phase 2 Rollout,PHS-00361,Getting Started,,,2026-05-22,2026-06-05,0.15,true,,,"Train report 9, Configure template 18",,,,,2026-05-22,2026-06-03,0.00,,true,Transition
PRJ-0111,TSK-001994,Document permission set 1,To do,Stark Inc - Migration,PHS-00365,Discover & Design,,,2026-01-26,2026-02-03,0.00,,,,,,,,,,,0.00,,true,Project Setup
PRJ-0111,TSK-001995,Document workflow 2,To do,Stark Inc - Migration,PHS-00364,Initiate,Tomas Novak,,2026-01-27,2026-02-06,32.29,,,,Document permission set 1,,,,,,,0.00,,true,Test Execution
PRJ-0111,TSK-001996,Train integration 3,Completed,Stark Inc - Migration,PHS-00364,Initiate,Tomas Novak,,2026-01-28,2026-02-16,11.24,,,,Document workflow 2,,,,,2026-01-28,2026-02-17,0.00,,true,Build and Deployment
PRJ-0111,TSK-001997,Deploy data model 4,Completed,Stark Inc - Migration,PHS-00363,Getting Started,,,2026-01-29,2026-02-01,3.84,,,,Train integration 3,,,,,2026-01-29,2026-02-20,0.00,,false,Project Setup
PRJ-0111,TSK-001998,Migrate playbook 5,To do,Stark Inc - Migration,PHS-00366,Configure & Build,Daniel Kaya,,2026-01-30,2026-02-21,22.11,,,,Deploy data model 4,,,,,,,0.00,,true,Discovery
PRJ-0111,TSK-001999,Validate report 6,In progress,Stark Inc - Migration,PHS-00365,Discover & Design,Marco Sato,,2026-01-31,2026-02-24,0.00,,,,Migrate playbook 5,,,,,2026-01-31,,0.00,,true,Program Management
PRJ-0111,TSK-002000,Audit data model 7,Completed,Stark Inc - Migration,PHS-00364,Initiate,Tomas Novak,,2026-02-01,2026-03-03,1.08,,,,Validate report 6,,,,,2026-02-01,2026-02-02,0.00,,true,Project Setup
PRJ-0111,TSK-002001,Audit data model 8,Blocked,Stark Inc - Migration,PHS-00364,Initiate,Daniel Kaya,,2026-02-02,2026-02-21,11.98,,,,Audit data model 7,,,,,,,0.00,,false,Transition
PRJ-0111,TSK-002002,Audit environment 9,Completed,Stark Inc - Migration,PHS-00363,Getting Started,Daniel Kaya,,2026-02-03,2026-02-25,8.68,,,,Audit data model 8,,,,,2026-02-03,2026-03-05,0.00,,true,Build and Deployment
PRJ-0111,TSK-002003,Review report 10,Completed,Stark Inc - Migration,PHS-00364,Initiate,,,2026-02-04,2026-02-18,21.39,,,,Audit environment 9,,,,,2026-02-04,2026-02-12,0.00,,true,Build and Deployment
PRJ-0111,TSK-002004,Audit report 11,To do,Stark Inc - Migration,PHS-00367,Test,,,2026-02-05,2026-03-04,0.00,true,,,Review report 10,,,,,,,0.00,,false,Transition
PRJ-0112,TSK-002005,Audit playbook 1,In progress,Vandelay Group - Phase 1 Implementation,PHS-00371,Configure & Build,,,2026-05-29,2026-06-23,0.00,,,,,,,,,2026-05-29,,0.00,,true,Program Management
PRJ-0112,TSK-002006,Review environment 2,To do,Vandelay Group - Phase 1 Implementation,PHS-00368,Getting Started,Tomas Novak,,2026-05-30,2026-06-09,0.01,,,,Audit playbook 1,,,,,,,0.00,,true,Discovery
PRJ-0112,TSK-002007,Audit playbook 3,NA,Vandelay Group - Phase 1 Implementation,PHS-00372,Test,Tomas Novak,,2026-05-31,2026-06-21,17.44,,,,Review environment 2,,,,,,,0.00,,false,Test Execution
PRJ-0112,TSK-002008,Validate report 4,To do,Vandelay Group - Phase 1 Implementation,PHS-00371,Configure & Build,Tomas Novak,,2026-06-01,2026-06-12,20.19,,,,Audit playbook 3,,,,,,,0.00,,true,Discovery
PRJ-0112,TSK-002009,Configure report 5,Completed,Vandelay Group - Phase 1 Implementation,PHS-00368,Getting Started,Daniel Kaya,,2026-06-02,2026-06-16,39.27,,,,Validate report 4,,,,,2026-06-02,2026-06-17,0.00,,true,
PRJ-0112,TSK-002010,Validate integration 6,Completed,Vandelay Group - Phase 1 Implementation,PHS-00369,Initiate,Yusuf Rossi,,2026-06-03,2026-06-10,8.07,,,,Configure report 5,,,,,2026-06-03,2026-06-30,0.00,,true,Test Execution
PRJ-0112,TSK-002011,Document environment 7,Completed,Vandelay Group - Phase 1 Implementation,PHS-00372,Test,,,2026-06-04,2026-07-01,0.00,,,,Validate integration 6,,,,,2026-06-04,2026-06-22,0.00,,true,Discovery
PRJ-0112,TSK-002012,Deploy report 8,To do,Vandelay Group - Phase 1 Implementation,PHS-00372,Test,Mei Sato,,2026-06-05,2026-06-29,0.00,,,,Document environment 7,,,,,,,0.00,,true,Transition
PRJ-0112,TSK-002013,Review report 9,NA,Vandelay Group - Phase 1 Implementation,PHS-00371,Configure & Build,,,2026-06-06,2026-06-22,34.37,,,,Deploy report 8,,,,,,,0.00,,true,Discovery
PRJ-0112,TSK-002014,Validate environment 10,In progress,Vandelay Group - Phase 1 Implementation,PHS-00372,Test,Sofia Rossi,,2026-06-07,2026-06-22,0.00,,,,Review report 9,,,,,2026-06-07,,0.00,,true,Test Execution
PRJ-0112,TSK-002015,Document integration 11,Completed,Vandelay Group - Phase 1 Implementation,PHS-00371,Configure & Build,Tomas Novak,,2026-06-08,2026-06-22,39.17,,,,Validate environment 10,,,,,2026-06-08,2026-06-18,0.00,,false,Project Setup
PRJ-0112,TSK-002016,Train environment 12,Completed,Vandelay Group - Phase 1 Implementation,PHS-00370,Discover & Design,Daniel Kaya,,2026-06-09,2026-06-13,11.55,,,,Document integration 11,,,,,2026-06-09,2026-06-29,0.00,,true,Discovery
PRJ-0112,TSK-002017,Deploy workflow 13,To do,Vandelay Group - Phase 1 Implementation,PHS-00370,Discover & Design,Tomas Novak,,2026-06-10,2026-06-19,12.92,,,,"Audit playbook 3, Configure report 5, Document environment 7, Deploy report 8",,,,,,,0.00,,true,Transition
PRJ-0112,TSK-002018,Audit report 14,Completed,Vandelay Group - Phase 1 Implementation,PHS-00371,Configure & Build,Sofia Rossi,,2026-06-11,2026-06-28,38.29,,,,"Audit playbook 1, Validate report 4, Deploy report 8",,,,,2026-06-11,2026-06-26,0.00,,false,Test Execution
PRJ-0112,TSK-002019,Audit template 15,To do,Vandelay Group - Phase 1 Implementation,PHS-00371,Configure & Build,Tomas Novak,,2026-06-12,2026-06-16,10.44,,,,"Audit playbook 1, Validate report 4, Validate integration 6, Document environment 7",,,,,,,0.00,,true,Program Management
PRJ-0112,TSK-002020,Deploy playbook 16,In progress,Vandelay Group - Phase 1 Implementation,PHS-00369,Initiate,,,2026-06-13,2026-06-15,0.00,,,,"Configure report 5, Deploy report 8, Review report 9, Deploy workflow 13, Audit report 14",,,,,2026-06-13,,0.00,,true,Build and Deployment
PRJ-0112,TSK-002021,Validate playbook 17,Blocked,Vandelay Group - Phase 1 Implementation,PHS-00371,Configure & Build,Mei Sato,,2026-06-14,2026-06-30,0.00,,,,,,,,,,,0.00,,true,Discovery
PRJ-0112,TSK-002022,Review report 18,To do,Vandelay Group - Phase 1 Implementation,PHS-00368,Getting Started,,,2026-06-15,2026-07-10,30.43,true,,,,,,,,,,0.00,,true,Build and Deployment
PRJ-0113,TSK-002023,Review data model 1,In progress,Initech LLC - CLM Implementation,PHS-00374,Initiate,Yusuf Rossi,,2026-01-22,2026-01-29,0.00,,,,,,,,,2026-01-22,,0.00,,true,Build and Deployment
PRJ-0113,TSK-002024,Configure template 2,In progress,Initech LLC - CLM Implementation,PHS-00377,Test,Zara Kaya,,2026-01-23,2026-02-12,31.34,,,,Review data model 1,,,,,2026-01-23,,0.00,,true,Transition
PRJ-0113,TSK-002025,Review template 3,Completed,Initech LLC - CLM Implementation,PHS-00375,Discover & Design,,,2026-01-24,2026-02-10,36.61,,,,Configure template 2,,,,,2026-01-24,2026-02-14,0.00,,true,Test Execution
PRJ-0113,TSK-002026,Audit data model 4,To do,Initech LLC - CLM Implementation,PHS-00375,Discover & Design,Yusuf Rossi,,2026-01-25,2026-02-07,0.00,,,,Review template 3,,,,,,,0.00,,false,Transition
PRJ-0113,TSK-002027,Configure data model 5,Blocked,Initech LLC - CLM Implementation,PHS-00373,Getting Started,Yusuf Rossi,,2026-01-26,2026-02-06,0.00,,,,Audit data model 4,,,,,,,0.00,,true,Transition
PRJ-0113,TSK-002028,Validate environment 6,Completed,Initech LLC - CLM Implementation,PHS-00377,Test,Yusuf Rossi,,2026-01-27,2026-02-01,36.79,,,,Configure data model 5,,,,,2026-01-27,2026-02-05,0.00,,true,Build and Deployment
PRJ-0113,TSK-002029,Validate workflow 7,Completed,Initech LLC - CLM Implementation,PHS-00375,Discover & Design,Zara Kaya,,2026-01-28,2026-02-23,0.00,,,,Validate environment 6,,,,,2026-01-28,2026-02-24,0.00,,true,Build and Deployment
PRJ-0113,TSK-002030,Document integration 8,Completed,Initech LLC - CLM Implementation,PHS-00374,Initiate,Zara Kaya,,2026-01-29,2026-02-24,1.21,,,,Validate workflow 7,,,,,2026-01-29,2026-02-12,0.00,,true,
PRJ-0113,TSK-002031,Train report 9,Completed,Initech LLC - CLM Implementation,PHS-00376,Configure & Build,,,2026-01-30,2026-01-31,0.24,,,,Document integration 8,,,,,2026-01-30,2026-02-27,0.00,,false,Program Management
PRJ-0113,TSK-002032,Migrate data model 10,To do,Initech LLC - CLM Implementation,PHS-00373,Getting Started,,,2026-01-31,2026-02-23,9.09,,,,Train report 9,,,,,,,0.00,,true,Project Setup
PRJ-0113,TSK-002033,Validate integration 11,Blocked,Initech LLC - CLM Implementation,PHS-00376,Configure & Build,Yusuf Rossi,,2026-02-01,2026-03-02,0.00,,,,Migrate data model 10,,,,,,,0.00,,true,Program Management
PRJ-0113,TSK-002034,Configure playbook 12,To do,Initech LLC - CLM Implementation,PHS-00375,Discover & Design,,,2026-02-02,2026-02-25,0.00,,,,Validate integration 11,,,,,,,0.00,,true,Program Management
PRJ-0113,TSK-002035,Validate report 13,Completed,Initech LLC - CLM Implementation,PHS-00375,Discover & Design,,,2026-02-03,2026-02-23,0.00,,,,,,,,,2026-02-03,2026-02-07,0.00,,true,Project Setup
PRJ-0113,TSK-002036,Deploy template 14,Completed,Initech LLC - CLM Implementation,PHS-00374,Initiate,Yusuf Rossi,,2026-02-04,2026-03-04,4.53,,,,"Audit data model 4, Configure data model 5, Migrate data model 10, Validate report 13",,,,,2026-02-04,2026-02-27,0.00,,true,Program Management
PRJ-0113,TSK-002037,Train report 15,To do,Initech LLC - CLM Implementation,PHS-00374,Initiate,,,2026-02-05,2026-02-19,0.00,,,,,TSK-002034,Configure playbook 12,,,,,0.00,,true,Transition
PRJ-0113,TSK-002038,Document integration 16,Completed,Initech LLC - CLM Implementation,PHS-00376,Configure & Build,Zara Kaya,,2026-02-06,2026-02-22,9.26,,,,Validate environment 6,,,,,2026-02-06,2026-02-21,0.00,,true,Test Execution
PRJ-0113,TSK-002039,Document permission set 17,To do,Initech LLC - CLM Implementation,PHS-00377,Test,Arjun Sato,,2026-02-07,2026-02-10,0.00,,,,"Validate environment 6, Train report 9, Document integration 16",,,,,,,0.00,,true,Build and Deployment
PRJ-0113,TSK-002040,Deploy integration 18,To do,Initech LLC - CLM Implementation,PHS-00377,Test,,,2026-02-08,2026-02-11,5.07,,,,Validate integration 11,,,,,,,0.00,,true,Program Management
PRJ-0113,TSK-002041,Validate permission set 19,Completed,Initech LLC - CLM Implementation,PHS-00376,Configure & Build,Zara Kaya,,2026-02-09,2026-02-26,13.11,,,,,,,,,2026-02-09,2026-02-25,0.00,,true,Project Setup
PRJ-0113,TSK-002042,Audit permission set 20,Completed,Initech LLC - CLM Implementation,PHS-00376,Configure & Build,,,2026-02-10,2026-02-19,3.64,,,,,,,,,2026-02-10,2026-02-15,0.00,,true,Build and Deployment
PRJ-0113,TSK-002043,Review template 21,To do,Initech LLC - CLM Implementation,PHS-00374,Initiate,,,2026-02-11,2026-02-22,0.83,,,,"Review data model 1, Audit data model 4, Audit permission set 20",,,,,,,0.00,,false,
PRJ-0113,TSK-002044,Train permission set 22,NA,Initech LLC - CLM Implementation,PHS-00377,Test,,,2026-02-12,2026-02-28,0.00,true,,,"Audit data model 4, Train report 9, Validate integration 11, Train report 15, Review template 21",,,,,,,0.00,,true,Discovery
PRJ-0113,TSK-002045,Validate environment 23,Completed,Initech LLC - CLM Implementation,PHS-00375,Discover & Design,Yusuf Rossi,,2026-02-13,2026-03-08,26.67,true,,,,,,,,2026-02-13,2026-03-06,0.00,,true,Build and Deployment
PRJ-0114,TSK-002046,Document report 1,To do,Wonka LLC - Integration Program,PHS-00380,Discover & Design,,,2026-07-19,2026-08-07,0.00,,,,,,,,,,,0.00,,false,
PRJ-0114,TSK-002047,Deploy report 2,Completed,Wonka LLC - Integration Program,PHS-00381,Configure & Build,Sofia Rossi,,2026-07-20,2026-07-30,24.18,,,,Document report 1,,,,,2026-07-20,2026-08-09,0.00,,true,Build and Deployment
PRJ-0114,TSK-002048,Configure environment 3,To do,Wonka LLC - Integration Program,PHS-00381,Configure & Build,,,2026-07-21,2026-08-13,32.90,,,,Deploy report 2,,,,,,,0.00,,true,Program Management
PRJ-0114,TSK-002049,Configure workflow 4,Completed,Wonka LLC - Integration Program,PHS-00378,Getting Started,,,2026-07-22,2026-08-10,0.00,,,,Configure environment 3,,,,,2026-07-22,2026-08-14,0.00,,true,Transition
PRJ-0114,TSK-002050,Train workflow 5,In progress,Wonka LLC - Integration Program,PHS-00382,Test,Zara Kaya,,2026-07-23,2026-08-13,0.00,,,,Configure workflow 4,,,,,2026-07-23,,0.00,,true,Discovery
PRJ-0114,TSK-002051,Train integration 6,Completed,Wonka LLC - Integration Program,PHS-00383,Transfer,,,2026-07-24,2026-08-07,0.00,,,,Train workflow 5,,,,,2026-07-24,2026-08-01,0.00,,true,
PRJ-0114,TSK-002052,Document template 7,NA,Wonka LLC - Integration Program,PHS-00378,Getting Started,Zara Kaya,,2026-07-25,2026-08-08,0.00,,,,Train integration 6,,,,,,,0.00,,true,Program Management
PRJ-0114,TSK-002053,Document permission set 8,Completed,Wonka LLC - Integration Program,PHS-00380,Discover & Design,Sofia Rossi,,2026-07-26,2026-08-18,1.59,,,,Document template 7,,,,,2026-07-26,2026-08-22,0.00,,true,Project Setup
PRJ-0114,TSK-002054,Document integration 9,To do,Wonka LLC - Integration Program,PHS-00380,Discover & Design,Sofia Rossi,,2026-07-27,2026-08-02,19.87,,,,Document permission set 8,,,,,,,0.00,,true,Discovery
PRJ-0114,TSK-002055,Review workflow 10,To do,Wonka LLC - Integration Program,PHS-00383,Transfer,,,2026-07-28,2026-08-09,6.63,,,,Document integration 9,,,,,,,0.00,,true,Project Setup
PRJ-0114,TSK-002056,Migrate report 11,NA,Wonka LLC - Integration Program,PHS-00383,Transfer,Zara Kaya,,2026-07-29,2026-08-25,29.54,,,,Review workflow 10,,,,,,,0.00,,true,
PRJ-0114,TSK-002057,Audit workflow 12,In progress,Wonka LLC - Integration Program,PHS-00378,Getting Started,,,2026-07-30,2026-08-29,20.63,,,,Migrate report 11,,,,,2026-07-30,,0.00,,false,Discovery
PRJ-0114,TSK-002058,Review template 13,Completed,Wonka LLC - Integration Program,PHS-00383,Transfer,Sofia Rossi,,2026-07-31,2026-08-09,39.64,,,,"Deploy report 2, Train integration 6, Document template 7, Review workflow 10",,,,,2026-07-31,2026-08-11,0.00,,true,Transition
PRJ-0114,TSK-002059,Deploy report 14,Completed,Wonka LLC - Integration Program,PHS-00383,Transfer,Zara Kaya,,2026-08-01,2026-08-03,30.24,,,,"Document report 1, Configure workflow 4, Document template 7, Review workflow 10, Review template 13",,,,,2026-08-01,2026-08-27,0.00,,false,Build and Deployment
PRJ-0114,TSK-002060,Migrate environment 15,Completed,Wonka LLC - Integration Program,PHS-00381,Configure & Build,,,2026-08-02,2026-08-07,15.86,,,,,,,,,2026-08-02,2026-08-14,0.00,,true,Program Management
PRJ-0114,TSK-002061,Deploy permission set 16,Completed,Wonka LLC - Integration Program,PHS-00379,Initiate,Sofia Rossi,,2026-08-03,2026-08-09,3.34,,,,,,,,,2026-08-03,2026-08-24,0.00,,false,Test Execution
PRJ-0114,TSK-002062,Train permission set 17,In progress,Wonka LLC - Integration Program,PHS-00378,Getting Started,,,2026-08-04,2026-08-24,38.87,,,,,,,,,2026-08-04,,0.00,,true,Test Execution
PRJ-0114,TSK-002063,Deploy data model 18,In progress,Wonka LLC - Integration Program,PHS-00382,Test,,,2026-08-05,2026-08-11,30.52,,,,,,,,,2026-08-05,,0.00,,true,Test Execution
PRJ-0114,TSK-002064,Review environment 19,Completed,Wonka LLC - Integration Program,PHS-00379,Initiate,Sofia Rossi,,2026-08-06,2026-08-07,13.77,true,,,"Review workflow 10, Review template 13, Migrate environment 15, Train permission set 17",,,,,2026-08-06,2026-08-25,0.00,,true,
PRJ-0114,TSK-002065,Document integration 20,Completed,Wonka LLC - Integration Program,PHS-00383,Transfer,Zara Kaya,,2026-08-07,2026-08-21,16.03,true,,,,,,,,2026-08-07,2026-08-09,0.00,,false,Program Management
PRJ-0115,TSK-002066,Migrate permission set 1,To do,Wayne Ltd - CLM Implementation,PHS-00389,Transfer,Mei Kaya,,2026-06-06,2026-06-25,0.00,,,,,,,,,,,0.00,,true,
PRJ-0115,TSK-002067,Configure template 2,To do,Wayne Ltd - CLM Implementation,PHS-00389,Transfer,Mei Kaya,,2026-06-07,2026-06-20,0.00,,,,Migrate permission set 1,,,,,,,0.00,,false,Test Execution
PRJ-0115,TSK-002068,Review template 3,NA,Wayne Ltd - CLM Implementation,PHS-00384,Getting Started,Mei Kaya,,2026-06-08,2026-06-13,0.00,,,,Configure template 2,,,,,,,0.00,,true,Transition
PRJ-0115,TSK-002069,Validate integration 4,Completed,Wayne Ltd - CLM Implementation,PHS-00387,Configure & Build,Hana Rossi,,2026-06-09,2026-06-11,7.71,,,,Review template 3,,,,,2026-06-09,2026-07-05,0.00,,true,Project Setup
PRJ-0115,TSK-002070,Migrate playbook 5,Completed,Wayne Ltd - CLM Implementation,PHS-00387,Configure & Build,Mei Kaya,,2026-06-10,2026-06-20,0.00,,,,Validate integration 4,,,,,2026-06-10,2026-06-27,0.00,,true,Build and Deployment
PRJ-0115,TSK-002071,Review report 6,In progress,Wayne Ltd - CLM Implementation,PHS-00387,Configure & Build,Arjun Diallo,,2026-06-11,2026-07-10,24.38,,,,Migrate playbook 5,,,,,2026-06-11,,0.00,,true,Program Management
PRJ-0115,TSK-002072,Validate workflow 7,In progress,Wayne Ltd - CLM Implementation,PHS-00387,Configure & Build,Arjun Diallo,,2026-06-12,2026-06-30,0.00,,,,Review report 6,,,,,2026-06-12,,0.00,,true,
PRJ-0115,TSK-002073,Migrate data model 8,Completed,Wayne Ltd - CLM Implementation,PHS-00384,Getting Started,,,2026-06-13,2026-06-21,7.72,,,,Validate workflow 7,,,,,2026-06-13,2026-07-12,0.00,,true,Build and Deployment
PRJ-0115,TSK-002074,Migrate workflow 9,In progress,Wayne Ltd - CLM Implementation,PHS-00388,Test,Arjun Diallo,,2026-06-14,2026-06-25,33.15,,,,Migrate data model 8,,,,,2026-06-14,,0.00,,true,Project Setup
PRJ-0115,TSK-002075,Migrate playbook 10,In progress,Wayne Ltd - CLM Implementation,PHS-00386,Discover & Design,Marco Sato,,2026-06-15,2026-07-15,7.62,,,,Migrate workflow 9,,,,,2026-06-15,,0.00,,true,Discovery
PRJ-0115,TSK-002076,Configure workflow 11,Blocked,Wayne Ltd - CLM Implementation,PHS-00388,Test,Mei Kaya,,2026-06-16,2026-06-29,0.00,,,,Migrate playbook 10,,,,,,,0.00,,true,
PRJ-0115,TSK-002077,Review permission set 12,Completed,Wayne Ltd - CLM Implementation,PHS-00385,Initiate,Arjun Diallo,,2026-06-17,2026-06-22,16.23,,,,Configure workflow 11,,,,,2026-06-17,2026-07-11,0.00,,true,Program Management
PRJ-0115,TSK-002078,Audit playbook 13,Completed,Wayne Ltd - CLM Implementation,PHS-00384,Getting Started,Hana Rossi,,2026-06-18,2026-06-25,10.31,,,,"Review template 3, Review report 6, Migrate playbook 10",,,,,2026-06-18,2026-07-01,0.00,,true,Transition
PRJ-0115,TSK-002079,Validate data model 14,To do,Wayne Ltd - CLM Implementation,PHS-00385,Initiate,Ingrid Sato,,2026-06-19,2026-07-12,26.80,,,,"Migrate permission set 1, Migrate data model 8, Migrate workflow 9",,,,,,,0.00,,true,Discovery
PRJ-0115,TSK-002080,Configure permission set 15,Completed,Wayne Ltd - CLM Implementation,PHS-00384,Getting Started,Kwame Rossi,,2026-06-20,2026-06-26,17.55,,,,"Migrate playbook 5, Review report 6, Configure workflow 11",,,,,2026-06-20,2026-07-03,0.00,,true,Transition
PRJ-0115,TSK-002081,Configure template 16,To do,Wayne Ltd - CLM Implementation,PHS-00389,Transfer,Marco Sato,,2026-06-21,2026-07-10,33.96,,,,"Migrate permission set 1, Validate workflow 7",,,,,,,0.00,,true,Transition
PRJ-0115,TSK-002082,Document template 17,In progress,Wayne Ltd - CLM Implementation,PHS-00384,Getting Started,Kwame Rossi,,2026-06-22,2026-07-06,20.71,,,,,,,,,2026-06-22,,0.00,,true,Discovery
PRJ-0115,TSK-002083,Audit report 18,Completed,Wayne Ltd - CLM Implementation,PHS-00385,Initiate,Hana Rossi,,2026-06-23,2026-07-07,14.31,,,,"Validate integration 4, Migrate playbook 5",,,,,2026-06-23,2026-06-27,0.00,,true,
PRJ-0115,TSK-002084,Review playbook 19,Completed,Wayne Ltd - CLM Implementation,PHS-00389,Transfer,,,2026-06-24,2026-06-26,0.00,,,,,,,,,2026-06-24,2026-07-18,0.00,,false,Build and Deployment
PRJ-0115,TSK-002085,Configure data model 20,NA,Wayne Ltd - CLM Implementation,PHS-00385,Initiate,,,2026-06-25,2026-07-24,8.94,,,,,,,,,,,0.00,,true,Transition
PRJ-0115,TSK-002086,Train workflow 21,In progress,Wayne Ltd - CLM Implementation,PHS-00385,Initiate,,,2026-06-26,2026-07-19,38.96,,,,"Configure template 2, Validate integration 4, Review report 6, Migrate data model 8, Migrate playbook 10",,,,,2026-06-26,,0.00,,true,Project Setup
PRJ-0115,TSK-002087,Configure workflow 22,Completed,Wayne Ltd - CLM Implementation,PHS-00385,Initiate,Marco Sato,,2026-06-27,2026-07-14,18.09,,,,,,,,,2026-06-27,2026-07-27,0.00,,true,Project Setup
PRJ-0115,TSK-002088,Validate data model 23,NA,Wayne Ltd - CLM Implementation,PHS-00385,Initiate,,,2026-06-28,2026-07-20,1.36,,,,"Configure template 2, Configure data model 20",,,,,,,0.00,,true,Build and Deployment
PRJ-0115,TSK-002089,Document environment 24,To do,Wayne Ltd - CLM Implementation,PHS-00387,Configure & Build,Hana Rossi,,2026-06-29,2026-07-23,0.00,,,,,,,,,,,0.00,,false,Project Setup
PRJ-0115,TSK-002090,Train data model 25,Completed,Wayne Ltd - CLM Implementation,PHS-00387,Configure & Build,Hana Rossi,,2026-06-30,2026-07-20,6.44,true,,,,,,,,2026-06-30,2026-07-29,0.00,,true,Program Management
PRJ-0115,TSK-002091,Train environment 26,Blocked,Wayne Ltd - CLM Implementation,PHS-00387,Configure & Build,,,2026-07-01,2026-07-18,0.00,true,,,"Validate integration 4, Review report 6, Validate workflow 7, Configure data model 20, Configure workflow 22",,,,,,,0.00,,true,Build and Deployment
PRJ-0116,TSK-002092,Train environment 1,Completed,Aperture Inc - Phase 2 Rollout,PHS-00393,Configure & Build,,,2026-05-20,2026-06-16,3.90,,,,,,,,,2026-05-20,2026-06-05,0.00,,true,Program Management
PRJ-0116,TSK-002093,Review data model 2,To do,Aperture Inc - Phase 2 Rollout,PHS-00393,Configure & Build,Elena Diallo,,2026-05-21,2026-06-14,37.62,,,,Train environment 1,,,,,,,0.00,,false,Program Management
PRJ-0116,TSK-002094,Document integration 3,Completed,Aperture Inc - Phase 2 Rollout,PHS-00391,Initiate,,,2026-05-22,2026-06-12,35.54,,,,Review data model 2,,,,,2026-05-22,2026-06-05,0.00,,true,Discovery
PRJ-0116,TSK-002095,Train environment 4,Completed,Aperture Inc - Phase 2 Rollout,PHS-00390,Getting Started,Elena Diallo,,2026-05-23,2026-05-27,21.34,,,,Document integration 3,,,,,2026-05-23,2026-06-17,0.00,,false,Build and Deployment
PRJ-0116,TSK-002096,Audit workflow 5,Blocked,Aperture Inc - Phase 2 Rollout,PHS-00392,Discover & Design,,,2026-05-24,2026-06-09,0.00,,,,Train environment 4,,,,,,,0.00,,true,Build and Deployment
PRJ-0116,TSK-002097,Document data model 6,To do,Aperture Inc - Phase 2 Rollout,PHS-00393,Configure & Build,Elena Diallo,,2026-05-25,2026-06-04,0.00,,,,Audit workflow 5,,,,,,,0.00,,true,Project Setup
PRJ-0116,TSK-002098,Configure permission set 7,Completed,Aperture Inc - Phase 2 Rollout,PHS-00390,Getting Started,Elena Diallo,,2026-05-26,2026-06-17,34.57,,,,Document data model 6,,,,,2026-05-26,2026-06-24,0.00,,true,
PRJ-0116,TSK-002099,Configure data model 8,Completed,Aperture Inc - Phase 2 Rollout,PHS-00391,Initiate,Elena Diallo,,2026-05-27,2026-06-22,2.51,,,,Configure permission set 7,,,,,2026-05-27,2026-06-01,0.00,,true,Build and Deployment
PRJ-0116,TSK-002100,Train integration 9,In progress,Aperture Inc - Phase 2 Rollout,PHS-00393,Configure & Build,Elena Diallo,,2026-05-28,2026-06-04,0.00,,,,Configure data model 8,,,,,2026-05-28,,0.00,,true,Build and Deployment
PRJ-0116,TSK-002101,Train permission set 10,Completed,Aperture Inc - Phase 2 Rollout,PHS-00390,Getting Started,Elena Diallo,,2026-05-29,2026-06-28,9.82,,,,Train integration 9,,,,,2026-05-29,2026-06-12,0.00,,false,Project Setup
PRJ-0116,TSK-002102,Configure report 11,To do,Aperture Inc - Phase 2 Rollout,PHS-00393,Configure & Build,Elena Diallo,,2026-05-30,2026-06-25,14.21,,,,Train permission set 10,,,,,,,0.00,,true,Build and Deployment
PRJ-0116,TSK-002103,Document template 12,Completed,Aperture Inc - Phase 2 Rollout,PHS-00393,Configure & Build,Elena Diallo,,2026-05-31,2026-06-12,34.93,,,,Configure report 11,,,,,2026-05-31,2026-06-28,0.00,,true,Test Execution
PRJ-0116,TSK-002104,Validate integration 13,To do,Aperture Inc - Phase 2 Rollout,PHS-00391,Initiate,Elena Diallo,,2026-06-01,2026-06-23,0.00,,,,,TSK-002094,Document integration 3,,,,,0.00,,true,
PRJ-0116,TSK-002105,Document data model 14,To do,Aperture Inc - Phase 2 Rollout,PHS-00390,Getting Started,,,2026-06-02,2026-06-25,7.09,,,,"Train environment 4, Audit workflow 5, Validate integration 13",,,,,,,0.00,,true,Build and Deployment
PRJ-0116,TSK-002106,Configure integration 15,In progress,Aperture Inc - Phase 2 Rollout,PHS-00394,Test,Elena Diallo,,2026-06-03,2026-06-08,0.00,,,,"Train environment 1, Audit workflow 5, Validate integration 13",,,,,2026-06-03,,0.00,,true,Project Setup
PRJ-0116,TSK-002107,Document report 16,Completed,Aperture Inc - Phase 2 Rollout,PHS-00391,Initiate,Elena Diallo,,2026-06-04,2026-06-25,29.08,,,,"Configure permission set 7, Train integration 9, Validate integration 13",,,,,2026-06-04,2026-06-18,0.00,,true,Transition
PRJ-0116,TSK-002108,Audit report 17,In progress,Aperture Inc - Phase 2 Rollout,PHS-00393,Configure & Build,Elena Diallo,,2026-06-05,2026-06-19,29.35,,,,,,,,,2026-06-05,,0.00,,true,Project Setup
PRJ-0116,TSK-002109,Migrate permission set 18,Completed,Aperture Inc - Phase 2 Rollout,PHS-00394,Test,,,2026-06-06,2026-07-05,0.00,,,,"Train environment 1, Document integration 3, Train environment 4, Document data model 6, Train integration 9, Document report 16",,,,,2026-06-06,2026-06-28,0.00,,true,Test Execution
PRJ-0116,TSK-002110,Validate template 19,Completed,Aperture Inc - Phase 2 Rollout,PHS-00393,Configure & Build,Elena Diallo,,2026-06-07,2026-07-04,15.50,,,,,TSK-002106,Configure integration 15,,,2026-06-07,2026-07-07,0.00,,true,Test Execution
PRJ-0116,TSK-002111,Audit playbook 20,To do,Aperture Inc - Phase 2 Rollout,PHS-00391,Initiate,Elena Diallo,,2026-06-08,2026-07-08,0.00,,,,,,,,,,,0.00,,true,Transition
PRJ-0116,TSK-002112,Validate data model 21,Completed,Aperture Inc - Phase 2 Rollout,PHS-00390,Getting Started,Elena Diallo,,2026-06-09,2026-07-08,14.97,,,,Configure data model 8,,,,,2026-06-09,2026-07-04,0.00,,true,Project Setup
PRJ-0116,TSK-002113,Audit report 22,Completed,Aperture Inc - Phase 2 Rollout,PHS-00392,Discover & Design,Elena Diallo,,2026-06-10,2026-06-15,10.78,,,,Review data model 2,,,,,2026-06-10,2026-06-11,0.00,,true,Project Setup
PRJ-0116,TSK-002114,Migrate report 23,To do,Aperture Inc - Phase 2 Rollout,PHS-00392,Discover & Design,Elena Diallo,,2026-06-11,2026-06-21,32.87,,,,,TSK-002102,Configure report 11,,,,,0.00,,true,Project Setup
PRJ-0116,TSK-002115,Deploy data model 24,Completed,Aperture Inc - Phase 2 Rollout,PHS-00393,Configure & Build,Elena Diallo,,2026-06-12,2026-06-21,17.94,,,,"Audit workflow 5, Configure permission set 7, Configure data model 8",,,,,2026-06-12,2026-07-06,0.00,,true,
PRJ-0116,TSK-002116,Train integration 25,To do,Aperture Inc - Phase 2 Rollout,PHS-00392,Discover & Design,Elena Diallo,,2026-06-13,2026-06-15,2.25,,,,"Validate integration 13, Audit report 17",,,,,,,0.00,,true,Transition
PRJ-0116,TSK-002117,Review playbook 26,In progress,Aperture Inc - Phase 2 Rollout,PHS-00393,Configure & Build,Elena Diallo,,2026-06-14,2026-07-12,0.00,,,,"Document data model 14, Migrate permission set 18",,,,,2026-06-14,,0.00,,true,Transition
PRJ-0116,TSK-002118,Audit playbook 27,Completed,Aperture Inc - Phase 2 Rollout,PHS-00392,Discover & Design,,,2026-06-15,2026-06-17,23.46,,,,"Review data model 2, Configure permission set 7, Configure data model 8, Validate integration 13",,,,,2026-06-15,2026-07-03,0.00,,true,Project Setup
PRJ-0116,TSK-002119,Review template 28,Blocked,Aperture Inc - Phase 2 Rollout,PHS-00392,Discover & Design,Elena Diallo,,2026-06-16,2026-07-09,12.65,true,,,,,,,,,,0.00,,true,
PRJ-0116,TSK-002120,Review workflow 29,NA,Aperture Inc - Phase 2 Rollout,PHS-00394,Test,,,2026-06-17,2026-07-10,0.00,true,,,"Document integration 3, Review template 28",,,,,,,0.00,,true,Discovery
PRJ-0116,TSK-002121,Audit permission set 30,To do,Aperture Inc - Phase 2 Rollout,PHS-00392,Discover & Design,,,2026-06-18,2026-07-13,31.51,true,,,,,,,,,,0.00,,true,Test Execution
PRJ-0117,TSK-002122,Train data model 1,In progress,Wonka Inc - CLM Implementation,PHS-00396,Initiate,Daniel Kaya,,2026-03-04,2026-03-11,0.00,,,,,,,,,2026-03-04,,0.00,,true,Build and Deployment
PRJ-0117,TSK-002123,Train workflow 2,NA,Wonka Inc - CLM Implementation,PHS-00395,Getting Started,Mei Kaya,,2026-03-05,2026-03-08,30.39,,,,Train data model 1,,,,,,,0.00,,true,Build and Deployment
PRJ-0117,TSK-002124,Review template 3,To do,Wonka Inc - CLM Implementation,PHS-00399,Test,Amara Diallo,,2026-03-06,2026-03-08,0.00,,,,Train workflow 2,,,,,,,0.00,,true,Project Setup
PRJ-0117,TSK-002125,Migrate workflow 4,NA,Wonka Inc - CLM Implementation,PHS-00399,Test,Mei Kaya,,2026-03-07,2026-03-25,35.86,,,,Review template 3,,,,,,,0.00,,true,
PRJ-0117,TSK-002126,Document playbook 5,Blocked,Wonka Inc - CLM Implementation,PHS-00399,Test,Mei Kaya,,2026-03-08,2026-03-25,0.00,,,,Migrate workflow 4,,,,,,,0.00,,true,Discovery
PRJ-0117,TSK-002127,Migrate report 6,Completed,Wonka Inc - CLM Implementation,PHS-00396,Initiate,Amara Diallo,,2026-03-09,2026-03-22,19.71,,,,Document playbook 5,,,,,2026-03-09,2026-03-26,0.00,,true,Project Setup
PRJ-0117,TSK-002128,Deploy integration 7,Completed,Wonka Inc - CLM Implementation,PHS-00398,Configure & Build,Amara Diallo,,2026-03-10,2026-03-28,18.56,,,,Migrate report 6,,,,,2026-03-10,2026-03-28,0.00,,true,Transition
PRJ-0117,TSK-002129,Configure template 8,To do,Wonka Inc - CLM Implementation,PHS-00399,Test,Daniel Kaya,,2026-03-11,2026-03-16,6.49,,,,Deploy integration 7,,,,,,,0.00,,true,Build and Deployment
PRJ-0117,TSK-002130,Review report 9,NA,Wonka Inc - CLM Implementation,PHS-00397,Discover & Design,,,2026-03-12,2026-04-05,16.53,,,,Configure template 8,,,,,,,0.00,,true,
PRJ-0117,TSK-002131,Audit permission set 10,NA,Wonka Inc - CLM Implementation,PHS-00397,Discover & Design,,,2026-03-13,2026-03-17,8.09,,,,Review report 9,,,,,,,0.00,,true,
PRJ-0117,TSK-002132,Document permission set 11,NA,Wonka Inc - CLM Implementation,PHS-00398,Configure & Build,Amara Diallo,,2026-03-14,2026-03-23,0.00,,,,Audit permission set 10,,,,,,,0.00,,false,Test Execution
PRJ-0117,TSK-002133,Train template 12,To do,Wonka Inc - CLM Implementation,PHS-00396,Initiate,Amara Diallo,,2026-03-15,2026-04-13,27.79,,,,Document permission set 11,,,,,,,0.00,,true,Project Setup
PRJ-0117,TSK-002134,Configure report 13,Completed,Wonka Inc - CLM Implementation,PHS-00398,Configure & Build,,,2026-03-16,2026-03-26,18.27,,,,"Train data model 1, Configure template 8, Document permission set 11",,,,,2026-03-16,2026-03-27,0.00,,true,Program Management
PRJ-0117,TSK-002135,Document environment 14,In progress,Wonka Inc - CLM Implementation,PHS-00398,Configure & Build,,,2026-03-17,2026-03-26,25.37,,,,"Migrate report 6, Review report 9",,,,,2026-03-17,,0.00,,true,Build and Deployment
PRJ-0117,TSK-002136,Deploy playbook 15,To do,Wonka Inc - CLM Implementation,PHS-00399,Test,Mei Kaya,,2026-03-18,2026-03-22,8.86,,,,"Review template 3, Migrate report 6, Deploy integration 7, Review report 9, Audit permission set 10, Document permission set 11",,,,,,,0.00,,false,Build and Deployment
PRJ-0117,TSK-002137,Deploy permission set 16,To do,Wonka Inc - CLM Implementation,PHS-00399,Test,,,2026-03-19,2026-03-20,0.87,,,,"Migrate report 6, Document environment 14",,,,,,,0.00,,true,Build and Deployment
PRJ-0117,TSK-002138,Document integration 17,Blocked,Wonka Inc - CLM Implementation,PHS-00396,Initiate,,,2026-03-20,2026-04-03,0.00,,,,"Train data model 1, Migrate workflow 4, Migrate report 6, Review report 9",,,,,,,0.00,,true,
PRJ-0117,TSK-002139,Migrate permission set 18,Completed,Wonka Inc - CLM Implementation,PHS-00399,Test,Amara Diallo,,2026-03-21,2026-03-27,21.53,,,,,,,,,2026-03-21,2026-04-05,0.00,,false,
PRJ-0117,TSK-002140,Deploy integration 19,To do,Wonka Inc - CLM Implementation,PHS-00397,Discover & Design,,,2026-03-22,2026-04-05,0.00,,,,,,,,,,,0.00,,true,Transition
PRJ-0117,TSK-002141,Configure report 20,Completed,Wonka Inc - CLM Implementation,PHS-00398,Configure & Build,,,2026-03-23,2026-04-07,25.99,,,,,,,,,2026-03-23,2026-04-03,0.00,,false,Transition
PRJ-0117,TSK-002142,Audit integration 21,Blocked,Wonka Inc - CLM Implementation,PHS-00397,Discover & Design,Daniel Kaya,,2026-03-24,2026-04-13,10.53,,,,"Train data model 1, Train workflow 2, Migrate workflow 4, Audit permission set 10, Configure report 20",,,,,,,0.00,,true,Test Execution
PRJ-0117,TSK-002143,Deploy workflow 22,To do,Wonka Inc - CLM Implementation,PHS-00396,Initiate,,,2026-03-25,2026-04-21,11.19,,,,Migrate report 6,,,,,,,0.00,,true,Build and Deployment
PRJ-0117,TSK-002144,Audit data model 23,Completed,Wonka Inc - CLM Implementation,PHS-00398,Configure & Build,Amara Diallo,,2026-03-26,2026-04-23,39.78,,,,"Train data model 1, Train workflow 2, Configure report 20, Audit integration 21",,,,,2026-03-26,2026-04-06,0.00,,false,Test Execution
PRJ-0117,TSK-002145,Configure permission set 24,NA,Wonka Inc - CLM Implementation,PHS-00395,Getting Started,Daniel Kaya,,2026-03-27,2026-04-04,28.98,,,,Audit permission set 10,,,,,,,0.00,,true,Transition
PRJ-0117,TSK-002146,Review permission set 25,To do,Wonka Inc - CLM Implementation,PHS-00397,Discover & Design,,,2026-03-28,2026-04-15,0.00,,,,"Configure template 8, Audit integration 21, Configure permission set 24",,,,,,,0.00,,true,Project Setup
PRJ-0117,TSK-002147,Validate permission set 26,To do,Wonka Inc - CLM Implementation,PHS-00396,Initiate,Daniel Kaya,,2026-03-29,2026-04-12,0.00,,,,,TSK-002122,Train data model 1,,,,,0.00,,true,Discovery
PRJ-0117,TSK-002148,Validate integration 27,In progress,Wonka Inc - CLM Implementation,PHS-00399,Test,Mei Kaya,,2026-03-30,2026-04-04,8.87,,,,"Migrate report 6, Deploy integration 7, Audit permission set 10, Document environment 14, Deploy permission set 16, Migrate permission set 18",,,,,2026-03-30,,0.00,,true,
PRJ-0117,TSK-002149,Audit template 28,NA,Wonka Inc - CLM Implementation,PHS-00396,Initiate,,,2026-03-31,2026-04-13,27.43,,,,"Audit permission set 10, Deploy permission set 16, Document integration 17, Migrate permission set 18",,,,,,,0.00,,true,Discovery
PRJ-0117,TSK-002150,Migrate integration 29,NA,Wonka Inc - CLM Implementation,PHS-00397,Discover & Design,,,2026-04-01,2026-04-30,16.47,,,,"Train workflow 2, Review template 3, Migrate report 6, Document environment 14, Validate permission set 26",,,,,,,0.00,,true,Discovery
PRJ-0117,TSK-002151,Document environment 30,NA,Wonka Inc - CLM Implementation,PHS-00399,Test,Amara Diallo,,2026-04-02,2026-04-09,0.00,true,,,,,,,,,,0.00,,true,Discovery
PRJ-0117,TSK-002152,Deploy environment 31,Completed,Wonka Inc - CLM Implementation,PHS-00398,Configure & Build,Daniel Kaya,,2026-04-03,2026-04-28,25.33,true,,,"Train workflow 2, Review report 9, Configure permission set 24, Document environment 30",,,,,2026-04-03,2026-04-14,0.00,,true,Test Execution
PRJ-0117,TSK-002153,Migrate permission set 32,To do,Wonka Inc - CLM Implementation,PHS-00395,Getting Started,Daniel Kaya,,2026-04-04,2026-04-07,30.30,true,,,"Train workflow 2, Review template 3, Deploy integration 7, Audit integration 21, Migrate integration 29",,,,,,,0.00,,true,Test Execution
PRJ-0118,TSK-002154,Audit permission set 1,Completed,Globex Ltd - Integration Program,PHS-00401,Initiate,Tomas Sato,,2026-05-25,2026-06-06,0.00,,,,,,,,,2026-05-25,2026-05-29,0.00,,true,Program Management
PRJ-0118,TSK-002155,Document report 2,Completed,Globex Ltd - Integration Program,PHS-00400,Getting Started,,,2026-05-26,2026-06-24,0.00,,,,Audit permission set 1,,,,,2026-05-26,2026-06-18,0.00,,true,Test Execution
PRJ-0118,TSK-002156,Train environment 3,Completed,Globex Ltd - Integration Program,PHS-00401,Initiate,Tomas Sato,,2026-05-27,2026-06-25,4.70,,,,Document report 2,,,,,2026-05-27,2026-06-03,0.00,,true,Transition
PRJ-0118,TSK-002157,Train template 4,Completed,Globex Ltd - Integration Program,PHS-00400,Getting Started,Tomas Sato,,2026-05-28,2026-06-02,11.08,,,,Train environment 3,,,,,2026-05-28,2026-06-21,0.00,,true,Discovery
PRJ-0118,TSK-002158,Configure report 5,Completed,Globex Ltd - Integration Program,PHS-00401,Initiate,Tomas Sato,,2026-05-29,2026-06-18,26.24,,,,Train template 4,,,,,2026-05-29,2026-06-01,0.00,,false,Project Setup
PRJ-0118,TSK-002159,Configure environment 6,Completed,Globex Ltd - Integration Program,PHS-00400,Getting Started,Tomas Sato,,2026-05-30,2026-06-02,18.79,,,,Configure report 5,,,,,2026-05-30,2026-05-31,0.00,,true,Program Management
PRJ-0118,TSK-002160,Audit environment 7,Completed,Globex Ltd - Integration Program,PHS-00400,Getting Started,Tomas Sato,,2026-05-31,2026-06-22,1.88,,,,Configure environment 6,,,,,2026-05-31,2026-06-02,0.00,,true,Transition
PRJ-0118,TSK-002161,Validate environment 8,Completed,Globex Ltd - Integration Program,PHS-00402,Discover & Design,Tomas Sato,,2026-06-01,2026-06-04,17.95,,,,Audit environment 7,,,,,2026-06-01,2026-06-06,0.00,,true,Build and Deployment
PRJ-0118,TSK-002162,Audit integration 9,Completed,Globex Ltd - Integration Program,PHS-00401,Initiate,Tomas Sato,,2026-06-02,2026-06-17,38.18,,,,Validate environment 8,,,,,2026-06-02,2026-06-11,0.00,,true,Discovery
PRJ-0118,TSK-002163,Train integration 10,Completed,Globex Ltd - Integration Program,PHS-00402,Discover & Design,,,2026-06-03,2026-06-13,19.27,,,,Audit integration 9,,,,,2026-06-03,2026-06-30,0.00,,true,Program Management
PRJ-0118,TSK-002164,Review template 11,Completed,Globex Ltd - Integration Program,PHS-00400,Getting Started,Tomas Sato,,2026-06-04,2026-06-10,33.59,,,,Train integration 10,,,,,2026-06-04,2026-06-15,0.00,,true,Test Execution
PRJ-0118,TSK-002165,Configure workflow 12,Completed,Globex Ltd - Integration Program,PHS-00400,Getting Started,Tomas Sato,,2026-06-05,2026-06-24,16.62,,,,Review template 11,,,,,2026-06-05,2026-06-12,0.00,,true,Program Management
PRJ-0118,TSK-002166,Configure data model 13,Completed,Globex Ltd - Integration Program,PHS-00401,Initiate,Tomas Sato,,2026-06-06,2026-06-23,10.88,,,,,,,,,2026-06-06,2026-06-26,0.00,,true,Test Execution
PRJ-0118,TSK-002167,Deploy report 14,Completed,Globex Ltd - Integration Program,PHS-00401,Initiate,,,2026-06-07,2026-06-28,0.58,,,,,,,,,2026-06-07,2026-06-17,0.00,,true,Project Setup
PRJ-0118,TSK-002168,Configure template 15,Completed,Globex Ltd - Integration Program,PHS-00400,Getting Started,Tomas Sato,,2026-06-08,2026-07-02,22.14,,,,,,,,,2026-06-08,2026-06-23,0.00,,true,
PRJ-0118,TSK-002169,Migrate report 16,Completed,Globex Ltd - Integration Program,PHS-00401,Initiate,Tomas Sato,,2026-06-09,2026-06-29,12.78,,,,"Audit permission set 1, Train environment 3, Audit environment 7, Configure template 15",,,,,2026-06-09,2026-07-06,0.00,,true,Project Setup
PRJ-0118,TSK-002170,Train data model 17,Completed,Globex Ltd - Integration Program,PHS-00402,Discover & Design,,,2026-06-10,2026-06-11,28.65,,,,"Audit permission set 1, Audit integration 9, Train integration 10, Configure data model 13",,,,,2026-06-10,2026-07-08,0.00,,false,Project Setup
PRJ-0118,TSK-002171,Migrate environment 18,Completed,Globex Ltd - Integration Program,PHS-00400,Getting Started,Tomas Sato,,2026-06-11,2026-06-30,0.00,,,,"Audit permission set 1, Audit integration 9, Review template 11, Configure data model 13, Train data model 17",,,,,2026-06-11,2026-06-15,0.00,,false,Test Execution
PRJ-0118,TSK-002172,Validate workflow 19,Completed,Globex Ltd - Integration Program,PHS-00402,Discover & Design,Tomas Sato,,2026-06-12,2026-06-15,17.62,,,,"Review template 11, Configure data model 13, Deploy report 14, Configure template 15",,,,,2026-06-12,2026-06-23,0.00,,true,Discovery
PRJ-0118,TSK-002173,Train data model 20,Completed,Globex Ltd - Integration Program,PHS-00401,Initiate,Tomas Sato,,2026-06-13,2026-07-13,9.87,,,,Configure template 15,,,,,2026-06-13,2026-07-12,0.00,,true,Program Management
PRJ-0118,TSK-002174,Train report 21,Completed,Globex Ltd - Integration Program,PHS-00402,Discover & Design,Tomas Sato,,2026-06-14,2026-07-12,0.00,,,,"Train environment 3, Audit environment 7, Train integration 10",,,,,2026-06-14,2026-07-07,0.00,,true,Transition
PRJ-0118,TSK-002175,Train integration 22,Completed,Globex Ltd - Integration Program,PHS-00401,Initiate,Tomas Sato,,2026-06-15,2026-07-10,35.96,,,,"Configure environment 6, Review template 11, Configure data model 13",,,,,2026-06-15,2026-06-29,0.00,,true,Test Execution
PRJ-0118,TSK-002176,Audit workflow 23,Completed,Globex Ltd - Integration Program,PHS-00401,Initiate,,,2026-06-16,2026-07-15,19.45,,,,,,,,,2026-06-16,2026-06-30,0.00,,true,
PRJ-0118,TSK-002177,Review workflow 24,Completed,Globex Ltd - Integration Program,PHS-00400,Getting Started,Tomas Sato,,2026-06-17,2026-06-21,0.00,,,,"Document report 2, Train environment 3, Configure environment 6, Train integration 10, Migrate report 16, Audit workflow 23",,,,,2026-06-17,2026-06-26,0.00,,true,Transition
PRJ-0118,TSK-002178,Train integration 25,Completed,Globex Ltd - Integration Program,PHS-00402,Discover & Design,Tomas Sato,,2026-06-18,2026-07-12,11.78,,,,"Train environment 3, Train template 4, Configure template 15, Train data model 20",,,,,2026-06-18,2026-07-08,0.00,,true,
PRJ-0118,TSK-002179,Migrate permission set 26,Completed,Globex Ltd - Integration Program,PHS-00400,Getting Started,,,2026-06-19,2026-07-13,16.12,,,,"Train environment 3, Audit environment 7",,,,,2026-06-19,2026-06-26,0.00,,true,Discovery
PRJ-0118,TSK-002180,Configure integration 27,Completed,Globex Ltd - Integration Program,PHS-00402,Discover & Design,Tomas Sato,,2026-06-20,2026-07-19,21.04,true,,,,,,,,2026-06-20,2026-07-06,0.00,,true,Test Execution
PRJ-0118,TSK-002181,Configure integration 28,Completed,Globex Ltd - Integration Program,PHS-00400,Getting Started,Tomas Sato,,2026-06-21,2026-07-15,14.92,true,,,"Validate environment 8, Configure template 15",,,,,2026-06-21,2026-07-03,0.00,,true,Transition
PRJ-0119,TSK-002182,Review integration 1,Completed,Tyrell Inc - Integration Program,PHS-00406,Configure & Build,Mei Kaya,,2026-04-17,2026-04-26,35.30,,,,,,,,,2026-04-17,2026-04-18,0.00,,false,Project Setup
PRJ-0119,TSK-002183,Configure integration 2,To do,Tyrell Inc - Integration Program,PHS-00403,Getting Started,Mei Kaya,,2026-04-18,2026-05-07,0.00,,,,Review integration 1,,,,,,,0.00,,true,Discovery
PRJ-0119,TSK-002184,Migrate environment 3,Completed,Tyrell Inc - Integration Program,PHS-00405,Discover & Design,Amara Berg,,2026-04-19,2026-05-06,0.00,,,,Configure integration 2,,,,,2026-04-19,2026-05-18,0.00,,true,Project Setup
PRJ-0119,TSK-002185,Migrate integration 4,To do,Tyrell Inc - Integration Program,PHS-00405,Discover & Design,Amara Berg,,2026-04-20,2026-04-23,6.34,,,,Migrate environment 3,,,,,,,0.00,,true,Transition
PRJ-0119,TSK-002186,Document integration 5,Completed,Tyrell Inc - Integration Program,PHS-00406,Configure & Build,Mei Kaya,,2026-04-21,2026-05-12,11.38,,,,Migrate integration 4,,,,,2026-04-21,2026-05-03,0.00,,true,
PRJ-0119,TSK-002187,Document permission set 6,Completed,Tyrell Inc - Integration Program,PHS-00405,Discover & Design,,,2026-04-22,2026-05-05,19.18,,,,Document integration 5,,,,,2026-04-22,2026-05-22,0.00,,false,Transition
PRJ-0119,TSK-002188,Validate permission set 7,To do,Tyrell Inc - Integration Program,PHS-00406,Configure & Build,Mei Kaya,,2026-04-23,2026-05-10,28.61,,,,Document permission set 6,,,,,,,0.00,,true,Test Execution
PRJ-0119,TSK-002189,Validate data model 8,Completed,Tyrell Inc - Integration Program,PHS-00406,Configure & Build,Amara Berg,,2026-04-24,2026-05-03,5.91,,,,Validate permission set 7,,,,,2026-04-24,2026-05-20,0.00,,true,Transition
PRJ-0119,TSK-002190,Migrate integration 9,Completed,Tyrell Inc - Integration Program,PHS-00404,Initiate,Amara Berg,,2026-04-25,2026-05-07,25.94,,,,Validate data model 8,,,,,2026-04-25,2026-04-26,0.00,,false,Test Execution
PRJ-0119,TSK-002191,Audit permission set 10,Completed,Tyrell Inc - Integration Program,PHS-00403,Getting Started,,,2026-04-26,2026-05-26,37.73,,,,Migrate integration 9,,,,,2026-04-26,2026-04-27,0.00,,true,Test Execution
PRJ-0119,TSK-002192,Audit permission set 11,Completed,Tyrell Inc - Integration Program,PHS-00405,Discover & Design,Amara Berg,,2026-04-27,2026-05-11,0.00,,,,Audit permission set 10,,,,,2026-04-27,2026-05-25,0.00,,true,Test Execution
PRJ-0119,TSK-002193,Validate template 12,To do,Tyrell Inc - Integration Program,PHS-00405,Discover & Design,,,2026-04-28,2026-05-19,27.75,,,,Audit permission set 11,,,,,,,0.00,,true,Program Management
PRJ-0119,TSK-002194,Document playbook 13,To do,Tyrell Inc - Integration Program,PHS-00403,Getting Started,Amara Berg,,2026-04-29,2026-05-29,0.00,,,,,,,,,,,0.00,,true,
PRJ-0119,TSK-002195,Deploy report 14,Completed,Tyrell Inc - Integration Program,PHS-00404,Initiate,Mei Kaya,,2026-04-30,2026-05-05,26.25,,,,Configure integration 2,,,,,2026-04-30,2026-05-18,0.00,,true,
PRJ-0119,TSK-002196,Migrate data model 15,To do,Tyrell Inc - Integration Program,PHS-00403,Getting Started,Amara Berg,,2026-05-01,2026-05-14,0.00,,,,,,,,,,,0.00,,true,Discovery
PRJ-0119,TSK-002197,Migrate environment 16,Completed,Tyrell Inc - Integration Program,PHS-00404,Initiate,Amara Berg,,2026-05-02,2026-05-07,2.87,,,,Deploy report 14,,,,,2026-05-02,2026-05-13,0.00,,true,Test Execution
PRJ-0119,TSK-002198,Document integration 17,To do,Tyrell Inc - Integration Program,PHS-00406,Configure & Build,,,2026-05-03,2026-05-11,1.14,,,,,,,,,,,0.00,,true,Program Management
PRJ-0119,TSK-002199,Configure integration 18,Completed,Tyrell Inc - Integration Program,PHS-00403,Getting Started,Amara Berg,,2026-05-04,2026-05-23,0.00,,,,"Review integration 1, Document permission set 6, Audit permission set 11",,,,,2026-05-04,2026-06-01,0.00,,true,Build and Deployment
PRJ-0119,TSK-002200,Train report 19,NA,Tyrell Inc - Integration Program,PHS-00404,Initiate,,,2026-05-05,2026-05-17,21.74,,,,"Document integration 5, Validate permission set 7, Validate data model 8, Audit permission set 10, Migrate data model 15, Migrate environment 16",,,,,,,0.00,,true,Transition
PRJ-0119,TSK-002201,Configure report 20,Completed,Tyrell Inc - Integration Program,PHS-00404,Initiate,Amara Berg,,2026-05-06,2026-05-07,0.00,,,,Validate data model 8,,,,,2026-05-06,2026-05-20,0.00,,false,
PRJ-0119,TSK-002202,Deploy playbook 21,In progress,Tyrell Inc - Integration Program,PHS-00403,Getting Started,,,2026-05-07,2026-05-08,32.73,,,,,,,,,2026-05-07,,0.00,,true,Project Setup
PRJ-0119,TSK-002203,Migrate playbook 22,Completed,Tyrell Inc - Integration Program,PHS-00403,Getting Started,Amara Berg,,2026-05-08,2026-06-04,7.05,,,,"Document integration 5, Validate data model 8, Train report 19",,,,,2026-05-08,2026-05-29,0.00,,true,
PRJ-0119,TSK-002204,Document workflow 23,In progress,Tyrell Inc - Integration Program,PHS-00405,Discover & Design,,,2026-05-09,2026-05-27,20.17,,,,,,,,,2026-05-09,,0.00,,true,
PRJ-0119,TSK-002205,Migrate template 24,Completed,Tyrell Inc - Integration Program,PHS-00404,Initiate,,,2026-05-10,2026-05-20,0.00,true,,,,,,,,2026-05-10,2026-05-25,0.00,,true,Project Setup
PRJ-0119,TSK-002206,Deploy workflow 25,Completed,Tyrell Inc - Integration Program,PHS-00405,Discover & Design,Mei Kaya,,2026-05-11,2026-06-09,31.82,true,,,"Migrate environment 3, Document integration 5, Validate permission set 7, Migrate data model 15",,,,,2026-05-11,2026-05-22,0.00,,true,Build and Deployment
PRJ-0120,TSK-002207,Audit report 1,In progress,Wayne LLC - CLM Implementation,PHS-00409,Discover & Design,Arjun Diallo,,2026-06-02,2026-06-29,12.07,,,,,,,,,2026-06-02,,0.00,,true,Discovery
PRJ-0120,TSK-002208,Train workflow 2,Completed,Wayne LLC - CLM Implementation,PHS-00408,Initiate,Arjun Diallo,,2026-06-03,2026-06-13,0.00,,,,Audit report 1,,,,,2026-06-03,2026-06-28,0.00,,true,Discovery
PRJ-0120,TSK-002209,Document permission set 3,To do,Wayne LLC - CLM Implementation,PHS-00411,Test,Arjun Diallo,,2026-06-04,2026-07-02,26.01,,,,Train workflow 2,,,,,,,0.00,,true,Transition
PRJ-0120,TSK-002210,Review template 4,To do,Wayne LLC - CLM Implementation,PHS-00407,Getting Started,Arjun Diallo,,2026-06-05,2026-06-11,31.00,,,,Document permission set 3,,,,,,,0.00,,true,Project Setup
PRJ-0120,TSK-002211,Migrate workflow 5,In progress,Wayne LLC - CLM Implementation,PHS-00407,Getting Started,Arjun Diallo,,2026-06-06,2026-06-28,0.00,,,,Review template 4,,,,,2026-06-06,,0.00,,true,Discovery
PRJ-0120,TSK-002212,Configure integration 6,Completed,Wayne LLC - CLM Implementation,PHS-00408,Initiate,,,2026-06-07,2026-06-17,7.36,,,,Migrate workflow 5,,,,,2026-06-07,2026-06-23,0.00,,true,
PRJ-0120,TSK-002213,Migrate integration 7,Completed,Wayne LLC - CLM Implementation,PHS-00410,Configure & Build,,,2026-06-08,2026-06-27,35.43,,,,Configure integration 6,,,,,2026-06-08,2026-07-07,0.00,,true,Program Management
PRJ-0120,TSK-002214,Audit integration 8,In progress,Wayne LLC - CLM Implementation,PHS-00410,Configure & Build,Arjun Diallo,,2026-06-09,2026-06-26,28.05,,,,Migrate integration 7,,,,,2026-06-09,,0.00,,true,
PRJ-0120,TSK-002215,Train report 9,To do,Wayne LLC - CLM Implementation,PHS-00408,Initiate,Arjun Diallo,,2026-06-10,2026-06-14,29.41,,,,Audit integration 8,,,,,,,0.00,,true,Project Setup
PRJ-0120,TSK-002216,Document integration 10,Completed,Wayne LLC - CLM Implementation,PHS-00407,Getting Started,Arjun Diallo,,2026-06-11,2026-07-09,33.80,,,,Train report 9,,,,,2026-06-11,2026-06-15,0.00,,false,Transition
PRJ-0120,TSK-002217,Deploy workflow 11,To do,Wayne LLC - CLM Implementation,PHS-00411,Test,,,2026-06-12,2026-06-14,8.06,,,,Document integration 10,,,,,,,0.00,,true,Transition
PRJ-0120,TSK-002218,Audit data model 12,In progress,Wayne LLC - CLM Implementation,PHS-00410,Configure & Build,,,2026-06-13,2026-06-23,0.00,,,,Deploy workflow 11,,,,,2026-06-13,,0.00,,true,Project Setup
PRJ-0120,TSK-002219,Document workflow 13,To do,Wayne LLC - CLM Implementation,PHS-00408,Initiate,Arjun Diallo,,2026-06-14,2026-07-01,0.00,,,,,TSK-002218,Audit data model 12,,,,,0.00,,true,Test Execution
PRJ-0120,TSK-002220,Validate playbook 14,Blocked,Wayne LLC - CLM Implementation,PHS-00407,Getting Started,Arjun Diallo,,2026-06-15,2026-07-13,34.34,,,,,,,,,,,0.00,,true,Transition
PRJ-0120,TSK-002221,Configure playbook 15,Completed,Wayne LLC - CLM Implementation,PHS-00409,Discover & Design,Arjun Diallo,,2026-06-16,2026-07-12,0.00,,,,,,,,,2026-06-16,2026-07-08,0.00,,true,Program Management
PRJ-0120,TSK-002222,Review permission set 16,Completed,Wayne LLC - CLM Implementation,PHS-00410,Configure & Build,Arjun Diallo,,2026-06-17,2026-07-16,31.90,,,,Audit report 1,,,,,2026-06-17,2026-07-03,0.00,,true,
PRJ-0120,TSK-002223,Audit template 17,To do,Wayne LLC - CLM Implementation,PHS-00409,Discover & Design,,,2026-06-18,2026-06-22,0.00,,,,"Audit report 1, Migrate workflow 5, Audit integration 8, Document integration 10, Validate playbook 14",,,,,,,0.00,,true,Test Execution
PRJ-0120,TSK-002224,Configure environment 18,To do,Wayne LLC - CLM Implementation,PHS-00407,Getting Started,Arjun Diallo,,2026-06-19,2026-07-17,35.26,,,,,,,,,,,0.00,,true,Build and Deployment
PRJ-0120,TSK-002225,Audit template 19,In progress,Wayne LLC - CLM Implementation,PHS-00409,Discover & Design,Arjun Diallo,,2026-06-20,2026-07-02,13.97,,,,Audit integration 8,,,,,2026-06-20,,0.00,,true,Test Execution
PRJ-0120,TSK-002226,Document playbook 20,Completed,Wayne LLC - CLM Implementation,PHS-00409,Discover & Design,,,2026-06-21,2026-07-15,0.49,,,,,,,,,2026-06-21,2026-06-26,0.00,,true,Build and Deployment
PRJ-0120,TSK-002227,Configure template 21,In progress,Wayne LLC - CLM Implementation,PHS-00411,Test,,,2026-06-22,2026-06-23,8.82,,,,,,,,,2026-06-22,,0.00,,true,Program Management
PRJ-0120,TSK-002228,Document data model 22,Completed,Wayne LLC - CLM Implementation,PHS-00408,Initiate,Arjun Diallo,,2026-06-23,2026-07-12,14.67,,,,Audit integration 8,,,,,2026-06-23,2026-06-24,0.00,,false,Build and Deployment
PRJ-0120,TSK-002229,Deploy integration 23,Completed,Wayne LLC - CLM Implementation,PHS-00408,Initiate,Arjun Diallo,,2026-06-24,2026-07-15,0.00,,,,,,,,,2026-06-24,2026-07-07,0.00,,true,
PRJ-0120,TSK-002230,Validate workflow 24,Completed,Wayne LLC - CLM Implementation,PHS-00409,Discover & Design,Arjun Diallo,,2026-06-25,2026-06-26,21.98,,,,"Document permission set 3, Review template 4, Migrate workflow 5, Configure playbook 15, Review permission set 16, Document playbook 20",,,,,2026-06-25,2026-07-23,0.00,,false,Build and Deployment
PRJ-0120,TSK-002231,Validate workflow 25,To do,Wayne LLC - CLM Implementation,PHS-00409,Discover & Design,Arjun Diallo,,2026-06-26,2026-07-03,27.32,,,,,,,,,,,0.00,,true,Program Management
PRJ-0120,TSK-002232,Audit playbook 26,Completed,Wayne LLC - CLM Implementation,PHS-00410,Configure & Build,Arjun Diallo,,2026-06-27,2026-07-16,0.00,true,,,Deploy workflow 11,,,,,2026-06-27,2026-07-07,0.00,,true,Program Management
PRJ-0120,TSK-002233,Document template 27,To do,Wayne LLC - CLM Implementation,PHS-00410,Configure & Build,,,2026-06-28,2026-07-22,0.00,true,,,Review template 4,,,,,,,0.00,,true,Transition
PRJ-0121,TSK-002234,Configure permission set 1,Completed,Wayne Inc - Phase 1 Implementation,PHS-00415,Configure & Build,Arjun Sato,,2026-02-14,2026-02-27,28.35,,,,,,,,,2026-02-14,2026-03-05,0.00,,false,Program Management
PRJ-0121,TSK-002235,Deploy integration 2,In progress,Wayne Inc - Phase 1 Implementation,PHS-00412,Getting Started,Tomas Sato,,2026-02-15,2026-02-25,0.00,,,,Configure permission set 1,,,,,2026-02-15,,0.00,,true,
PRJ-0121,TSK-002236,Migrate report 3,Completed,Wayne Inc - Phase 1 Implementation,PHS-00414,Discover & Design,Tomas Novak,,2026-02-16,2026-03-11,0.00,,,,Deploy integration 2,,,,,2026-02-16,2026-03-03,0.00,,true,
PRJ-0121,TSK-002237,Configure permission set 4,Blocked,Wayne Inc - Phase 1 Implementation,PHS-00412,Getting Started,Tomas Sato,,2026-02-17,2026-03-16,33.68,,,,Migrate report 3,,,,,,,0.00,,true,Project Setup
PRJ-0121,TSK-002238,Review playbook 5,NA,Wayne Inc - Phase 1 Implementation,PHS-00415,Configure & Build,,,2026-02-18,2026-03-07,0.00,,,,Configure permission set 4,,,,,,,0.00,,true,Discovery
PRJ-0121,TSK-002239,Document integration 6,To do,Wayne Inc - Phase 1 Implementation,PHS-00412,Getting Started,Tomas Novak,,2026-02-19,2026-03-03,39.89,,,,Review playbook 5,,,,,,,0.00,,true,Project Setup
PRJ-0121,TSK-002240,Audit permission set 7,Completed,Wayne Inc - Phase 1 Implementation,PHS-00413,Initiate,,,2026-02-20,2026-03-21,0.00,,,,Document integration 6,,,,,2026-02-20,2026-02-25,0.00,,true,Test Execution
PRJ-0121,TSK-002241,Train environment 8,Completed,Wayne Inc - Phase 1 Implementation,PHS-00412,Getting Started,,,2026-02-21,2026-02-27,30.19,,,,Audit permission set 7,,,,,2026-02-21,2026-03-23,0.00,,true,Project Setup
PRJ-0121,TSK-002242,Migrate template 9,Completed,Wayne Inc - Phase 1 Implementation,PHS-00417,Transfer,,,2026-02-22,2026-02-23,32.06,,,,Train environment 8,,,,,2026-02-22,2026-02-26,0.00,,true,Program Management
PRJ-0121,TSK-002243,Document template 10,To do,Wayne Inc - Phase 1 Implementation,PHS-00414,Discover & Design,Kwame Novak,,2026-02-23,2026-03-23,19.44,,,,Migrate template 9,,,,,,,0.00,,true,Test Execution
PRJ-0121,TSK-002244,Audit data model 11,Completed,Wayne Inc - Phase 1 Implementation,PHS-00416,Test,,,2026-02-24,2026-03-21,19.58,,,,Document template 10,,,,,2026-02-24,2026-03-18,0.00,,true,Discovery
PRJ-0121,TSK-002245,Deploy playbook 12,In progress,Wayne Inc - Phase 1 Implementation,PHS-00417,Transfer,,,2026-02-25,2026-03-14,0.00,,,,Audit data model 11,,,,,2026-02-25,,0.00,,false,Test Execution
PRJ-0121,TSK-002246,Train workflow 13,In progress,Wayne Inc - Phase 1 Implementation,PHS-00412,Getting Started,Kwame Novak,,2026-02-26,2026-03-05,0.00,,,,,,,,,2026-02-26,,0.00,,true,Project Setup
PRJ-0121,TSK-002247,Validate environment 14,Blocked,Wayne Inc - Phase 1 Implementation,PHS-00413,Initiate,,,2026-02-27,2026-03-07,31.15,,,,"Deploy integration 2, Configure permission set 4, Review playbook 5, Migrate template 9",,,,,,,0.00,,false,Project Setup
PRJ-0121,TSK-002248,Train template 15,Completed,Wayne Inc - Phase 1 Implementation,PHS-00416,Test,Kwame Novak,,2026-02-28,2026-03-10,0.00,,,,"Deploy integration 2, Review playbook 5, Document integration 6, Audit permission set 7",,,,,2026-02-28,2026-03-16,0.00,,true,Test Execution
PRJ-0121,TSK-002249,Document playbook 16,Completed,Wayne Inc - Phase 1 Implementation,PHS-00415,Configure & Build,,,2026-03-01,2026-03-19,36.91,,,,"Migrate report 3, Migrate template 9, Audit data model 11, Train workflow 13, Validate environment 14",,,,,2026-03-01,2026-03-17,0.00,,false,Build and Deployment
PRJ-0121,TSK-002250,Review permission set 17,To do,Wayne Inc - Phase 1 Implementation,PHS-00417,Transfer,Tomas Novak,,2026-03-02,2026-03-15,0.00,,,,"Configure permission set 4, Audit data model 11, Train template 15",,,,,,,0.00,,false,Discovery
PRJ-0121,TSK-002251,Train integration 18,To do,Wayne Inc - Phase 1 Implementation,PHS-00417,Transfer,Tomas Novak,,2026-03-03,2026-03-22,0.00,,,,"Document template 10, Train workflow 13",,,,,,,0.00,,true,Project Setup
PRJ-0121,TSK-002252,Review template 19,Blocked,Wayne Inc - Phase 1 Implementation,PHS-00414,Discover & Design,,,2026-03-04,2026-04-01,0.00,,,,,TSK-002245,Deploy playbook 12,,,,,0.00,,true,Transition
PRJ-0121,TSK-002253,Review workflow 20,To do,Wayne Inc - Phase 1 Implementation,PHS-00415,Configure & Build,Kwame Novak,,2026-03-05,2026-03-14,0.00,,,,,TSK-002242,Migrate template 9,,,,,0.00,,true,
PRJ-0121,TSK-002254,Validate workflow 21,To do,Wayne Inc - Phase 1 Implementation,PHS-00417,Transfer,Tomas Sato,,2026-03-06,2026-03-10,33.91,,,,"Deploy integration 2, Validate environment 14",,,,,,,0.00,,false,Project Setup
PRJ-0121,TSK-002255,Train template 22,Completed,Wayne Inc - Phase 1 Implementation,PHS-00414,Discover & Design,Tomas Sato,,2026-03-07,2026-04-04,0.00,true,,,,,,,,2026-03-07,2026-03-30,0.00,,true,Discovery
PRJ-0121,TSK-002256,Train playbook 23,Completed,Wayne Inc - Phase 1 Implementation,PHS-00413,Initiate,Kwame Novak,,2026-03-08,2026-03-13,30.32,true,,,Train template 15,,,,,2026-03-08,2026-04-07,0.00,,true,Project Setup
PRJ-0122,TSK-002257,Validate environment 1,Completed,Tyrell Group - Phase 1 Implementation,PHS-00420,Discover & Design,Ingrid Sato,,2026-02-17,2026-03-18,38.58,,,,,,,,,2026-02-17,2026-03-15,0.00,,true,Transition
PRJ-0122,TSK-002258,Validate environment 2,Completed,Tyrell Group - Phase 1 Implementation,PHS-00419,Initiate,Yusuf Sato,,2026-02-18,2026-03-14,24.79,,,,Validate environment 1,,,,,2026-02-18,2026-03-01,0.00,,true,Program Management
PRJ-0122,TSK-002259,Review playbook 3,Completed,Tyrell Group - Phase 1 Implementation,PHS-00418,Getting Started,Zara Novak,,2026-02-19,2026-03-16,13.84,,,,Validate environment 2,,,,,2026-02-19,2026-02-25,0.00,,true,
PRJ-0122,TSK-002260,Document integration 4,In progress,Tyrell Group - Phase 1 Implementation,PHS-00420,Discover & Design,Daniel Kaya,,2026-02-20,2026-03-05,36.22,,,,Review playbook 3,,,,,2026-02-20,,0.00,,false,Transition
PRJ-0122,TSK-002261,Review workflow 5,Completed,Tyrell Group - Phase 1 Implementation,PHS-00418,Getting Started,Ingrid Sato,,2026-02-21,2026-02-23,34.95,,,,Document integration 4,,,,,2026-02-21,2026-03-10,0.00,,false,Discovery
PRJ-0122,TSK-002262,Audit playbook 6,Completed,Tyrell Group - Phase 1 Implementation,PHS-00420,Discover & Design,Mei Kaya,,2026-02-22,2026-03-03,15.46,,,,Review workflow 5,,,,,2026-02-22,2026-03-21,0.00,,true,Project Setup
PRJ-0122,TSK-002263,Document integration 7,Completed,Tyrell Group - Phase 1 Implementation,PHS-00419,Initiate,Mei Kaya,,2026-02-23,2026-03-01,0.00,,,,Audit playbook 6,,,,,2026-02-23,2026-03-23,0.00,,true,Build and Deployment
PRJ-0122,TSK-002264,Review playbook 8,To do,Tyrell Group - Phase 1 Implementation,PHS-00419,Initiate,Daniel Kaya,,2026-02-24,2026-03-12,26.46,,,,Document integration 7,,,,,,,0.00,,true,Project Setup
PRJ-0122,TSK-002265,Configure integration 9,Completed,Tyrell Group - Phase 1 Implementation,PHS-00418,Getting Started,Zara Novak,,2026-02-25,2026-03-18,15.19,,,,Review playbook 8,,,,,2026-02-25,2026-03-09,0.00,,true,Program Management
PRJ-0122,TSK-002266,Migrate playbook 10,Completed,Tyrell Group - Phase 1 Implementation,PHS-00418,Getting Started,Zara Novak,,2026-02-26,2026-03-18,39.29,,,,Configure integration 9,,,,,2026-02-26,2026-03-24,0.00,,true,Discovery
PRJ-0122,TSK-002267,Document playbook 11,To do,Tyrell Group - Phase 1 Implementation,PHS-00418,Getting Started,Daniel Kaya,,2026-02-27,2026-03-22,36.13,,,,Migrate playbook 10,,,,,,,0.00,,false,Test Execution
PRJ-0122,TSK-002268,Train permission set 12,Completed,Tyrell Group - Phase 1 Implementation,PHS-00420,Discover & Design,,,2026-02-28,2026-03-03,38.74,,,,Document playbook 11,,,,,2026-02-28,2026-03-03,0.00,,true,
PRJ-0122,TSK-002269,Audit data model 13,In progress,Tyrell Group - Phase 1 Implementation,PHS-00418,Getting Started,Mei Kaya,,2026-03-01,2026-03-06,0.00,,,,"Validate environment 2, Review playbook 3, Review workflow 5, Audit playbook 6, Document playbook 11",,,,,2026-03-01,,0.00,,true,
PRJ-0122,TSK-002270,Audit playbook 14,To do,Tyrell Group - Phase 1 Implementation,PHS-00419,Initiate,Mei Sato,,2026-03-02,2026-03-11,16.93,,,,,,,,,,,0.00,,false,Project Setup
PRJ-0122,TSK-002271,Configure report 15,Completed,Tyrell Group - Phase 1 Implementation,PHS-00419,Initiate,,,2026-03-03,2026-03-09,30.14,,,,"Validate environment 1, Migrate playbook 10",,,,,2026-03-03,2026-03-05,0.00,,true,Test Execution
PRJ-0122,TSK-002272,Migrate environment 16,To do,Tyrell Group - Phase 1 Implementation,PHS-00419,Initiate,,,2026-03-04,2026-03-08,0.00,,,,,,,,,,,0.00,,false,Transition
PRJ-0122,TSK-002273,Configure report 17,To do,Tyrell Group - Phase 1 Implementation,PHS-00420,Discover & Design,Zara Novak,,2026-03-05,2026-03-19,10.16,,,,"Document integration 4, Migrate environment 16",,,,,,,0.00,,true,Discovery
PRJ-0122,TSK-002274,Migrate workflow 18,Completed,Tyrell Group - Phase 1 Implementation,PHS-00418,Getting Started,Zara Novak,,2026-03-06,2026-03-28,2.14,,,,,,,,,2026-03-06,2026-04-03,0.00,,true,Build and Deployment
PRJ-0122,TSK-002275,Review report 19,In progress,Tyrell Group - Phase 1 Implementation,PHS-00419,Initiate,Zara Novak,,2026-03-07,2026-03-17,0.00,,,,,TSK-002267,Document playbook 11,,,2026-03-07,,0.00,,true,Test Execution
PRJ-0122,TSK-002276,Configure integration 20,NA,Tyrell Group - Phase 1 Implementation,PHS-00420,Discover & Design,Ingrid Sato,,2026-03-08,2026-03-21,25.98,,,,,,,,,,,0.00,,true,
PRJ-0122,TSK-002277,Train data model 21,To do,Tyrell Group - Phase 1 Implementation,PHS-00418,Getting Started,Yusuf Sato,,2026-03-09,2026-04-01,0.00,,,,"Review workflow 5, Document integration 7, Configure report 15",,,,,,,0.00,,true,Project Setup
PRJ-0122,TSK-002278,Configure environment 22,In progress,Tyrell Group - Phase 1 Implementation,PHS-00419,Initiate,Zara Novak,,2026-03-10,2026-03-12,17.90,,,,Validate environment 1,,,,,2026-03-10,,0.00,,true,
PRJ-0122,TSK-002279,Migrate workflow 23,Completed,Tyrell Group - Phase 1 Implementation,PHS-00418,Getting Started,,,2026-03-11,2026-03-27,0.00,true,,,,,,,,2026-03-11,2026-03-26,0.00,,true,Build and Deployment
PRJ-0122,TSK-002280,Document environment 24,Completed,Tyrell Group - Phase 1 Implementation,PHS-00420,Discover & Design,,,2026-03-12,2026-03-20,10.35,true,,,"Configure integration 9, Configure integration 20, Configure environment 22",,,,,2026-03-12,2026-03-29,0.00,,true,Test Execution
PRJ-0123,TSK-002281,Migrate data model 1,Completed,Contoso Group - Enterprise Rollout,PHS-00425,Test,Arjun Sato,,2026-06-06,2026-07-01,33.31,,,,,,,,,2026-06-06,2026-07-03,0.00,,false,Transition
PRJ-0123,TSK-002282,Review playbook 2,To do,Contoso Group - Enterprise Rollout,PHS-00423,Discover & Design,,,2026-06-07,2026-06-21,0.00,,,,Migrate data model 1,,,,,,,0.00,,true,Test Execution
PRJ-0123,TSK-002283,Review permission set 3,To do,Contoso Group - Enterprise Rollout,PHS-00422,Initiate,,,2026-06-08,2026-06-11,0.00,,,,Review playbook 2,,,,,,,0.00,,true,
PRJ-0123,TSK-002284,Review environment 4,Completed,Contoso Group - Enterprise Rollout,PHS-00425,Test,Arjun Sato,,2026-06-09,2026-06-12,24.91,,,,Review permission set 3,,,,,2026-06-09,2026-06-14,0.00,,true,Test Execution
PRJ-0123,TSK-002285,Deploy playbook 5,Blocked,Contoso Group - Enterprise Rollout,PHS-00425,Test,Arjun Sato,,2026-06-10,2026-07-09,26.11,,,,Review environment 4,,,,,,,0.00,,true,Program Management
PRJ-0123,TSK-002286,Train workflow 6,Completed,Contoso Group - Enterprise Rollout,PHS-00423,Discover & Design,Arjun Sato,,2026-06-11,2026-06-30,15.94,,,,Deploy playbook 5,,,,,2026-06-11,2026-07-06,0.00,,true,
PRJ-0123,TSK-002287,Validate template 7,Completed,Contoso Group - Enterprise Rollout,PHS-00425,Test,Arjun Sato,,2026-06-12,2026-06-21,16.90,,,,Train workflow 6,,,,,2026-06-12,2026-07-06,0.00,,true,Discovery
PRJ-0123,TSK-002288,Migrate template 8,In progress,Contoso Group - Enterprise Rollout,PHS-00424,Configure & Build,Arjun Sato,,2026-06-13,2026-06-30,0.00,,,,Validate template 7,,,,,2026-06-13,,0.00,,false,Test Execution
PRJ-0123,TSK-002289,Configure workflow 9,Completed,Contoso Group - Enterprise Rollout,PHS-00423,Discover & Design,Arjun Sato,,2026-06-14,2026-07-09,19.06,,,,Migrate template 8,,,,,2026-06-14,2026-06-25,0.00,,true,
PRJ-0123,TSK-002290,Document data model 10,In progress,Contoso Group - Enterprise Rollout,PHS-00422,Initiate,Arjun Sato,,2026-06-15,2026-07-10,0.00,,,,Configure workflow 9,,,,,2026-06-15,,0.00,,true,Discovery
PRJ-0123,TSK-002291,Migrate template 11,NA,Contoso Group - Enterprise Rollout,PHS-00425,Test,Arjun Sato,,2026-06-16,2026-07-03,0.00,,,,Document data model 10,,,,,,,0.00,,false,Program Management
PRJ-0123,TSK-002292,Validate data model 12,To do,Contoso Group - Enterprise Rollout,PHS-00422,Initiate,,,2026-06-17,2026-06-20,22.94,,,,Migrate template 11,,,,,,,0.00,,true,Discovery
PRJ-0123,TSK-002293,Deploy permission set 13,Blocked,Contoso Group - Enterprise Rollout,PHS-00422,Initiate,Arjun Sato,,2026-06-18,2026-07-08,0.00,,,,,TSK-002285,Deploy playbook 5,,,,,0.00,,true,Build and Deployment
PRJ-0123,TSK-002294,Audit environment 14,Completed,Contoso Group - Enterprise Rollout,PHS-00422,Initiate,Arjun Sato,,2026-06-19,2026-07-18,39.83,,,,"Migrate data model 1, Deploy permission set 13",,,,,2026-06-19,2026-07-12,0.00,,true,Project Setup
PRJ-0123,TSK-002295,Document integration 15,Blocked,Contoso Group - Enterprise Rollout,PHS-00425,Test,Arjun Sato,,2026-06-20,2026-07-09,39.02,,,,"Migrate data model 1, Review environment 4, Migrate template 11, Deploy permission set 13",,,,,,,0.00,,true,
PRJ-0123,TSK-002296,Train report 16,Completed,Contoso Group - Enterprise Rollout,PHS-00425,Test,,,2026-06-21,2026-07-11,25.62,,,,"Train workflow 6, Configure workflow 9, Document data model 10",,,,,2026-06-21,2026-07-12,0.00,,true,Test Execution
PRJ-0123,TSK-002297,Train data model 17,Completed,Contoso Group - Enterprise Rollout,PHS-00424,Configure & Build,Arjun Sato,,2026-06-22,2026-07-08,9.72,,,,"Review permission set 3, Deploy playbook 5, Deploy permission set 13",,,,,2026-06-22,2026-07-19,0.00,,true,
PRJ-0123,TSK-002298,Review report 18,Completed,Contoso Group - Enterprise Rollout,PHS-00422,Initiate,Arjun Sato,,2026-06-23,2026-07-03,0.00,,,,Configure workflow 9,,,,,2026-06-23,2026-07-13,0.00,,false,Test Execution
PRJ-0123,TSK-002299,Validate permission set 19,To do,Contoso Group - Enterprise Rollout,PHS-00425,Test,,,2026-06-24,2026-07-08,25.41,true,,,"Migrate template 8, Migrate template 11, Deploy permission set 13, Audit environment 14",,,,,,,0.00,,true,Test Execution
PRJ-0124,TSK-002300,Train template 1,To do,Wayne Inc - CLM Implementation,PHS-00429,Configure & Build,Mei Kaya,,2026-04-03,2026-04-24,9.64,,,,,,,,,,,0.00,,false,Project Setup
PRJ-0124,TSK-002301,Document permission set 2,To do,Wayne Inc - CLM Implementation,PHS-00430,Test,Mei Kaya,,2026-04-04,2026-04-10,5.09,,,,Train template 1,,,,,,,0.00,,false,Discovery
PRJ-0124,TSK-002302,Configure data model 3,Completed,Wayne Inc - CLM Implementation,PHS-00427,Initiate,Mei Kaya,,2026-04-05,2026-04-12,6.60,,,,Document permission set 2,,,,,2026-04-05,2026-04-10,0.00,,true,Transition
PRJ-0124,TSK-002303,Review workflow 4,Completed,Wayne Inc - CLM Implementation,PHS-00428,Discover & Design,Mei Kaya,,2026-04-06,2026-04-24,10.56,,,,Configure data model 3,,,,,2026-04-06,2026-04-11,0.00,,true,Build and Deployment
PRJ-0124,TSK-002304,Document playbook 5,NA,Wayne Inc - CLM Implementation,PHS-00428,Discover & Design,,,2026-04-07,2026-04-20,0.00,,,,Review workflow 4,,,,,,,0.00,,true,Project Setup
PRJ-0124,TSK-002305,Audit playbook 6,To do,Wayne Inc - CLM Implementation,PHS-00427,Initiate,,,2026-04-08,2026-05-08,16.16,,,,Document playbook 5,,,,,,,0.00,,true,Transition
PRJ-0124,TSK-002306,Migrate environment 7,NA,Wayne Inc - CLM Implementation,PHS-00429,Configure & Build,,,2026-04-09,2026-05-05,0.00,,,,Audit playbook 6,,,,,,,0.00,,false,Discovery
PRJ-0124,TSK-002307,Migrate playbook 8,Completed,Wayne Inc - CLM Implementation,PHS-00426,Getting Started,Sofia Rossi,,2026-04-10,2026-04-25,10.15,,,,Migrate environment 7,,,,,2026-04-10,2026-05-10,0.00,,true,Discovery
PRJ-0124,TSK-002308,Document integration 9,Completed,Wayne Inc - CLM Implementation,PHS-00428,Discover & Design,Sofia Rossi,,2026-04-11,2026-04-22,30.84,,,,Migrate playbook 8,,,,,2026-04-11,2026-05-11,0.00,,true,Program Management
PRJ-0124,TSK-002309,Validate data model 10,NA,Wayne Inc - CLM Implementation,PHS-00428,Discover & Design,Sofia Rossi,,2026-04-12,2026-05-12,13.56,,,,Document integration 9,,,,,,,0.00,,true,Discovery
PRJ-0124,TSK-002310,Migrate data model 11,To do,Wayne Inc - CLM Implementation,PHS-00430,Test,,,2026-04-13,2026-04-27,0.00,,,,Validate data model 10,,,,,,,0.00,,false,
PRJ-0124,TSK-002311,Document data model 12,To do,Wayne Inc - CLM Implementation,PHS-00430,Test,,,2026-04-14,2026-04-30,34.17,,,,Migrate data model 11,,,,,,,0.00,,true,Project Setup
PRJ-0124,TSK-002312,Audit template 13,To do,Wayne Inc - CLM Implementation,PHS-00429,Configure & Build,Sofia Rossi,,2026-04-15,2026-05-15,0.00,,,,"Document permission set 2, Audit playbook 6, Migrate playbook 8, Document integration 9, Validate data model 10",,,,,,,0.00,,true,Build and Deployment
PRJ-0124,TSK-002313,Migrate data model 14,In progress,Wayne Inc - CLM Implementation,PHS-00429,Configure & Build,Mei Kaya,,2026-04-16,2026-05-03,10.48,,,,,,,,,2026-04-16,,0.00,,true,Program Management
PRJ-0124,TSK-002314,Configure data model 15,Completed,Wayne Inc - CLM Implementation,PHS-00426,Getting Started,Mei Kaya,,2026-04-17,2026-04-19,32.94,,,,"Validate data model 10, Migrate data model 11, Migrate data model 14",,,,,2026-04-17,2026-05-13,0.00,,false,Transition
PRJ-0124,TSK-002315,Audit report 16,Completed,Wayne Inc - CLM Implementation,PHS-00429,Configure & Build,,,2026-04-18,2026-04-28,36.57,,,,"Document permission set 2, Configure data model 3",,,,,2026-04-18,2026-05-01,0.00,,false,Program Management
PRJ-0124,TSK-002316,Document integration 17,To do,Wayne Inc - CLM Implementation,PHS-00430,Test,Mei Kaya,,2026-04-19,2026-04-29,23.12,,,,,,,,,,,0.00,,true,Test Execution
PRJ-0124,TSK-002317,Configure permission set 18,NA,Wayne Inc - CLM Implementation,PHS-00430,Test,Mei Kaya,,2026-04-20,2026-05-17,33.56,,,,"Document playbook 5, Audit playbook 6, Validate data model 10, Audit template 13",,,,,,,0.00,,true,Discovery
PRJ-0124,TSK-002318,Document environment 19,Completed,Wayne Inc - CLM Implementation,PHS-00426,Getting Started,Sofia Rossi,,2026-04-21,2026-05-08,39.01,,,,"Review workflow 4, Migrate environment 7, Migrate data model 14, Document integration 17",,,,,2026-04-21,2026-05-14,0.00,,true,Program Management
PRJ-0124,TSK-002319,Configure workflow 20,In progress,Wayne Inc - CLM Implementation,PHS-00430,Test,,,2026-04-22,2026-05-11,0.00,,,,,,,,,2026-04-22,,0.00,,true,Discovery
PRJ-0124,TSK-002320,Document template 21,Completed,Wayne Inc - CLM Implementation,PHS-00426,Getting Started,Mei Kaya,,2026-04-23,2026-05-11,26.31,,,,,,,,,2026-04-23,2026-05-07,0.00,,true,Project Setup
PRJ-0124,TSK-002321,Migrate data model 22,To do,Wayne Inc - CLM Implementation,PHS-00429,Configure & Build,,,2026-04-24,2026-04-30,17.81,true,,,"Review workflow 4, Migrate environment 7, Audit template 13, Audit report 16, Document template 21",,,,,,,0.00,,true,Build and Deployment
PRJ-0124,TSK-002322,Validate report 23,To do,Wayne Inc - CLM Implementation,PHS-00428,Discover & Design,Mei Kaya,,2026-04-25,2026-05-09,0.00,true,,,"Train template 1, Configure data model 3, Migrate environment 7, Migrate playbook 8, Document integration 9, Audit report 16",,,,,,,0.00,,true,Test Execution
PRJ-0125,TSK-002323,Review workflow 1,To do,Stark GmbH - Integration Program,PHS-00433,Discover & Design,,,2026-04-23,2026-05-14,16.88,,,,,,,,,,,0.00,,true,Transition
PRJ-0125,TSK-002324,Validate environment 2,To do,Stark GmbH - Integration Program,PHS-00431,Getting Started,,,2026-04-24,2026-05-13,0.00,,,,Review workflow 1,,,,,,,0.00,,true,Program Management
PRJ-0125,TSK-002325,Configure integration 3,Completed,Stark GmbH - Integration Program,PHS-00432,Initiate,,,2026-04-25,2026-05-03,36.28,,,,Validate environment 2,,,,,2026-04-25,2026-05-02,0.00,,true,Transition
PRJ-0125,TSK-002326,Review playbook 4,Completed,Stark GmbH - Integration Program,PHS-00433,Discover & Design,Yusuf Rossi,,2026-04-26,2026-05-04,11.82,,,,Configure integration 3,,,,,2026-04-26,2026-05-10,0.00,,false,Program Management
PRJ-0125,TSK-002327,Configure data model 5,NA,Stark GmbH - Integration Program,PHS-00433,Discover & Design,,,2026-04-27,2026-05-20,0.00,,,,Review playbook 4,,,,,,,0.00,,true,Test Execution
PRJ-0125,TSK-002328,Migrate workflow 6,Completed,Stark GmbH - Integration Program,PHS-00431,Getting Started,,,2026-04-28,2026-05-10,8.87,,,,Configure data model 5,,,,,2026-04-28,2026-05-08,0.00,,true,Program Management
PRJ-0125,TSK-002329,Migrate integration 7,To do,Stark GmbH - Integration Program,PHS-00432,Initiate,,,2026-04-29,2026-05-29,11.44,,,,Migrate workflow 6,,,,,,,0.00,,false,Discovery
PRJ-0125,TSK-002330,Migrate template 8,Completed,Stark GmbH - Integration Program,PHS-00433,Discover & Design,Ingrid Rossi,,2026-04-30,2026-05-09,12.03,,,,Migrate integration 7,,,,,2026-04-30,2026-05-22,0.00,,true,Build and Deployment
PRJ-0125,TSK-002331,Validate template 9,Completed,Stark GmbH - Integration Program,PHS-00431,Getting Started,Yusuf Rossi,,2026-05-01,2026-05-06,24.02,,,,Migrate template 8,,,,,2026-05-01,2026-05-09,0.00,,false,
PRJ-0125,TSK-002332,Validate integration 10,Completed,Stark GmbH - Integration Program,PHS-00435,Test,Yusuf Rossi,,2026-05-02,2026-05-28,31.61,,,,Validate template 9,,,,,2026-05-02,2026-05-06,0.00,,true,Test Execution
PRJ-0125,TSK-002333,Review environment 11,Completed,Stark GmbH - Integration Program,PHS-00435,Test,Ingrid Rossi,,2026-05-03,2026-05-28,0.00,,,,Validate integration 10,,,,,2026-05-03,2026-05-29,0.00,,true,Transition
PRJ-0125,TSK-002334,Audit report 12,In progress,Stark GmbH - Integration Program,PHS-00433,Discover & Design,Yusuf Rossi,,2026-05-04,2026-05-08,0.00,,,,Review environment 11,,,,,2026-05-04,,0.00,,true,Discovery
PRJ-0125,TSK-002335,Configure data model 13,To do,Stark GmbH - Integration Program,PHS-00434,Configure & Build,,,2026-05-05,2026-06-04,0.00,,,,"Review workflow 1, Configure integration 3, Review playbook 4, Migrate workflow 6, Migrate integration 7, Migrate template 8",,,,,,,0.00,,false,Build and Deployment
PRJ-0125,TSK-002336,Validate data model 14,In progress,Stark GmbH - Integration Program,PHS-00434,Configure & Build,,,2026-05-06,2026-05-21,0.00,,,,,,,,,2026-05-06,,0.00,,true,Transition
PRJ-0125,TSK-002337,Review template 15,To do,Stark GmbH - Integration Program,PHS-00434,Configure & Build,Ingrid Rossi,,2026-05-07,2026-05-17,0.00,,,,Validate environment 2,,,,,,,0.00,,true,Project Setup
PRJ-0125,TSK-002338,Deploy template 16,To do,Stark GmbH - Integration Program,PHS-00432,Initiate,,,2026-05-08,2026-06-04,14.69,,,,"Validate environment 2, Review playbook 4, Migrate integration 7",,,,,,,0.00,,true,Build and Deployment
PRJ-0125,TSK-002339,Migrate template 17,Completed,Stark GmbH - Integration Program,PHS-00435,Test,Ingrid Rossi,,2026-05-09,2026-06-01,13.92,,,,,,,,,2026-05-09,2026-05-19,0.00,,true,Project Setup
PRJ-0125,TSK-002340,Train workflow 18,Completed,Stark GmbH - Integration Program,PHS-00432,Initiate,Yusuf Rossi,,2026-05-10,2026-05-18,32.25,,,,,,,,,2026-05-10,2026-06-03,0.00,,true,Program Management
PRJ-0125,TSK-002341,Validate workflow 19,Blocked,Stark GmbH - Integration Program,PHS-00434,Configure & Build,Ingrid Rossi,,2026-05-11,2026-06-06,25.03,true,,,"Review workflow 1, Configure integration 3, Review playbook 4, Validate template 9, Review environment 11, Validate data model 14",,,,,,,0.00,,true,Transition
PRJ-0126,TSK-002342,Migrate workflow 1,Blocked,Aperture Ltd - Enterprise Rollout,PHS-00437,Initiate,Zara Kaya,,2026-04-06,2026-04-17,0.00,,,,,,,,,,,0.00,,false,Project Setup
PRJ-0126,TSK-002343,Document integration 2,To do,Aperture Ltd - Enterprise Rollout,PHS-00439,Configure & Build,,,2026-04-07,2026-04-14,0.00,,,,Migrate workflow 1,,,,,,,0.00,,true,Transition
PRJ-0126,TSK-002344,Validate data model 3,To do,Aperture Ltd - Enterprise Rollout,PHS-00438,Discover & Design,,,2026-04-08,2026-05-01,0.00,,,,Document integration 2,,,,,,,0.00,,true,Discovery
PRJ-0126,TSK-002345,Audit workflow 4,Completed,Aperture Ltd - Enterprise Rollout,PHS-00438,Discover & Design,Zara Kaya,,2026-04-09,2026-04-13,0.00,,,,Validate data model 3,,,,,2026-04-09,2026-04-16,0.00,,true,Program Management
PRJ-0126,TSK-002346,Validate data model 5,Completed,Aperture Ltd - Enterprise Rollout,PHS-00436,Getting Started,,,2026-04-10,2026-05-10,35.81,,,,Audit workflow 4,,,,,2026-04-10,2026-04-17,0.00,,true,Program Management
PRJ-0126,TSK-002347,Review integration 6,Completed,Aperture Ltd - Enterprise Rollout,PHS-00437,Initiate,Zara Kaya,,2026-04-11,2026-04-17,13.09,,,,Validate data model 5,,,,,2026-04-11,2026-04-29,0.00,,true,Program Management
PRJ-0126,TSK-002348,Audit playbook 7,To do,Aperture Ltd - Enterprise Rollout,PHS-00437,Initiate,Zara Kaya,,2026-04-12,2026-04-17,0.00,,,,Review integration 6,,,,,,,0.00,,true,Build and Deployment
PRJ-0126,TSK-002349,Audit template 8,Completed,Aperture Ltd - Enterprise Rollout,PHS-00437,Initiate,,,2026-04-13,2026-04-19,28.06,,,,Audit playbook 7,,,,,2026-04-13,2026-04-18,0.00,,true,Program Management
PRJ-0126,TSK-002350,Document workflow 9,Completed,Aperture Ltd - Enterprise Rollout,PHS-00439,Configure & Build,Zara Kaya,,2026-04-14,2026-05-12,20.16,,,,Audit template 8,,,,,2026-04-14,2026-05-12,0.00,,true,Build and Deployment
PRJ-0126,TSK-002351,Review report 10,Completed,Aperture Ltd - Enterprise Rollout,PHS-00436,Getting Started,Zara Kaya,,2026-04-15,2026-04-28,39.69,,,,Document workflow 9,,,,,2026-04-15,2026-04-18,0.00,,true,Transition
PRJ-0126,TSK-002352,Migrate integration 11,NA,Aperture Ltd - Enterprise Rollout,PHS-00440,Test,Zara Kaya,,2026-04-16,2026-04-21,0.00,,,,Review report 10,,,,,,,0.00,,true,Project Setup
PRJ-0126,TSK-002353,Review report 12,To do,Aperture Ltd - Enterprise Rollout,PHS-00438,Discover & Design,,,2026-04-17,2026-05-04,15.17,,,,Migrate integration 11,,,,,,,0.00,,true,Transition
PRJ-0126,TSK-002354,Validate integration 13,Completed,Aperture Ltd - Enterprise Rollout,PHS-00440,Test,Zara Kaya,,2026-04-18,2026-04-29,28.91,,,,,,,,,2026-04-18,2026-04-21,0.00,,false,
PRJ-0126,TSK-002355,Validate workflow 14,Completed,Aperture Ltd - Enterprise Rollout,PHS-00437,Initiate,,,2026-04-19,2026-05-04,1.63,,,,,,,,,2026-04-19,2026-05-01,0.00,,false,Build and Deployment
PRJ-0126,TSK-002356,Document environment 15,In progress,Aperture Ltd - Enterprise Rollout,PHS-00436,Getting Started,Zara Kaya,,2026-04-20,2026-05-07,15.72,,,,,,,,,2026-04-20,,0.00,,true,
PRJ-0126,TSK-002357,Audit template 16,In progress,Aperture Ltd - Enterprise Rollout,PHS-00438,Discover & Design,Zara Kaya,,2026-04-21,2026-04-22,14.63,,,,,TSK-002347,Review integration 6,,,2026-04-21,,0.00,,true,Discovery
PRJ-0126,TSK-002358,Train template 17,Blocked,Aperture Ltd - Enterprise Rollout,PHS-00439,Configure & Build,,,2026-04-22,2026-05-07,0.00,,,,,,,,,,,0.00,,true,Project Setup
PRJ-0126,TSK-002359,Configure template 18,In progress,Aperture Ltd - Enterprise Rollout,PHS-00436,Getting Started,Zara Kaya,,2026-04-23,2026-05-06,1.41,,,,,,,,,2026-04-23,,0.00,,true,Program Management
PRJ-0126,TSK-002360,Migrate workflow 19,Completed,Aperture Ltd - Enterprise Rollout,PHS-00439,Configure & Build,Zara Kaya,,2026-04-24,2026-05-22,12.46,,,,,,,,,2026-04-24,2026-05-11,0.00,,false,
PRJ-0126,TSK-002361,Configure playbook 20,To do,Aperture Ltd - Enterprise Rollout,PHS-00438,Discover & Design,Zara Kaya,,2026-04-25,2026-05-10,14.23,,,,"Migrate workflow 1, Audit workflow 4, Audit template 8, Configure template 18, Migrate workflow 19",,,,,,,0.00,,true,Transition
PRJ-0126,TSK-002362,Train workflow 21,To do,Aperture Ltd - Enterprise Rollout,PHS-00437,Initiate,Zara Kaya,,2026-04-26,2026-05-20,0.00,,,,"Validate data model 5, Audit playbook 7, Document environment 15",,,,,,,0.00,,true,Build and Deployment
PRJ-0126,TSK-002363,Review playbook 22,To do,Aperture Ltd - Enterprise Rollout,PHS-00436,Getting Started,Zara Kaya,,2026-04-27,2026-05-23,3.68,,,,"Audit workflow 4, Review integration 6, Train workflow 21",,,,,,,0.00,,true,Build and Deployment
PRJ-0126,TSK-002364,Configure integration 23,Completed,Aperture Ltd - Enterprise Rollout,PHS-00437,Initiate,Zara Kaya,,2026-04-28,2026-05-10,4.53,,,,"Review integration 6, Validate integration 13, Document environment 15, Migrate workflow 19, Review playbook 22",,,,,2026-04-28,2026-04-30,0.00,,true,Discovery
PRJ-0126,TSK-002365,Audit environment 24,To do,Aperture Ltd - Enterprise Rollout,PHS-00440,Test,Zara Kaya,,2026-04-29,2026-05-19,0.00,,,,"Validate data model 3, Review integration 6, Review playbook 22",,,,,,,0.00,,true,Project Setup
PRJ-0126,TSK-002366,Review playbook 25,In progress,Aperture Ltd - Enterprise Rollout,PHS-00437,Initiate,Zara Kaya,,2026-04-30,2026-05-10,8.69,,,,"Review report 10, Document environment 15, Train workflow 21",,,,,2026-04-30,,0.00,,false,Discovery
PRJ-0126,TSK-002367,Configure template 26,In progress,Aperture Ltd - Enterprise Rollout,PHS-00440,Test,Zara Kaya,,2026-05-01,2026-05-19,7.86,,,,,,,,,2026-05-01,,0.00,,false,Program Management
PRJ-0126,TSK-002368,Validate template 27,Blocked,Aperture Ltd - Enterprise Rollout,PHS-00436,Getting Started,,,2026-05-02,2026-05-31,22.35,,,,"Validate workflow 14, Train template 17, Migrate workflow 19",,,,,,,0.00,,true,Discovery
PRJ-0126,TSK-002369,Review playbook 28,Completed,Aperture Ltd - Enterprise Rollout,PHS-00439,Configure & Build,,,2026-05-03,2026-05-29,16.63,,,,,,,,,2026-05-03,2026-05-06,0.00,,true,Build and Deployment
PRJ-0126,TSK-002370,Migrate template 29,To do,Aperture Ltd - Enterprise Rollout,PHS-00439,Configure & Build,Zara Kaya,,2026-05-04,2026-05-21,28.66,,,,Train template 17,,,,,,,0.00,,false,Test Execution
PRJ-0126,TSK-002371,Configure playbook 30,NA,Aperture Ltd - Enterprise Rollout,PHS-00436,Getting Started,Zara Kaya,,2026-05-05,2026-05-27,7.34,,,,"Validate data model 5, Audit playbook 7, Train template 17, Migrate workflow 19, Review playbook 28",,,,,,,0.00,,true,Discovery
PRJ-0126,TSK-002372,Train template 31,In progress,Aperture Ltd - Enterprise Rollout,PHS-00437,Initiate,Zara Kaya,,2026-05-06,2026-05-13,0.00,true,,,"Audit template 8, Configure integration 23",,,,,2026-05-06,,0.00,,true,Test Execution
PRJ-0126,TSK-002373,Document report 32,To do,Aperture Ltd - Enterprise Rollout,PHS-00437,Initiate,Zara Kaya,,2026-05-07,2026-05-13,10.82,true,,,,,,,,,,0.00,,true,Transition
PRJ-0126,TSK-002374,Audit report 33,Completed,Aperture Ltd - Enterprise Rollout,PHS-00438,Discover & Design,,,2026-05-08,2026-06-04,14.91,true,,,"Migrate workflow 1, Validate data model 3, Document workflow 9, Document environment 15, Migrate workflow 19, Document report 32",,,,,2026-05-08,2026-05-29,0.00,,true,Project Setup
PRJ-0127,TSK-002375,Migrate template 1,To do,Contoso Ltd - CLM Implementation,PHS-00442,Initiate,Marco Sato,,2026-04-30,2026-05-22,15.80,,,,,,,,,,,0.00,,true,Discovery
PRJ-0127,TSK-002376,Train integration 2,Completed,Contoso Ltd - CLM Implementation,PHS-00441,Getting Started,Priya Diallo,,2026-05-01,2026-05-30,0.00,,,,Migrate template 1,,,,,2026-05-01,2026-05-07,0.00,,true,Test Execution
PRJ-0127,TSK-002377,Document playbook 3,Completed,Contoso Ltd - CLM Implementation,PHS-00441,Getting Started,Priya Diallo,,2026-05-02,2026-05-10,22.94,,,,Train integration 2,,,,,2026-05-02,2026-05-18,0.00,,true,Program Management
PRJ-0127,TSK-002378,Validate integration 4,Completed,Contoso Ltd - CLM Implementation,PHS-00441,Getting Started,Marco Sato,,2026-05-03,2026-05-29,30.00,,,,Document playbook 3,,,,,2026-05-03,2026-05-08,0.00,,true,Project Setup
PRJ-0127,TSK-002379,Configure report 5,To do,Contoso Ltd - CLM Implementation,PHS-00441,Getting Started,Marco Sato,,2026-05-04,2026-05-12,0.00,,,,Validate integration 4,,,,,,,0.00,,true,Test Execution
PRJ-0127,TSK-002380,Deploy data model 6,In progress,Contoso Ltd - CLM Implementation,PHS-00441,Getting Started,,,2026-05-05,2026-05-24,0.00,,,,Configure report 5,,,,,2026-05-05,,0.00,,true,Build and Deployment
PRJ-0127,TSK-002381,Train environment 7,To do,Contoso Ltd - CLM Implementation,PHS-00442,Initiate,Marco Sato,,2026-05-06,2026-05-07,25.65,,,,Deploy data model 6,,,,,,,0.00,,true,Project Setup
PRJ-0127,TSK-002382,Deploy report 8,To do,Contoso Ltd - CLM Implementation,PHS-00442,Initiate,Priya Diallo,,2026-05-07,2026-05-22,0.00,,,,Train environment 7,,,,,,,0.00,,true,Program Management
PRJ-0127,TSK-002383,Migrate data model 9,Completed,Contoso Ltd - CLM Implementation,PHS-00441,Getting Started,Priya Diallo,,2026-05-08,2026-05-28,0.00,,,,Deploy report 8,,,,,2026-05-08,2026-05-14,0.00,,false,Test Execution
PRJ-0127,TSK-002384,Migrate report 10,To do,Contoso Ltd - CLM Implementation,PHS-00441,Getting Started,Priya Diallo,,2026-05-09,2026-06-07,0.00,,,,Migrate data model 9,,,,,,,0.00,,true,Project Setup
PRJ-0127,TSK-002385,Deploy data model 11,To do,Contoso Ltd - CLM Implementation,PHS-00441,Getting Started,,,2026-05-10,2026-06-03,0.00,,,,Migrate report 10,,,,,,,0.00,,false,Program Management
PRJ-0127,TSK-002386,Train data model 12,To do,Contoso Ltd - CLM Implementation,PHS-00442,Initiate,,,2026-05-11,2026-05-26,23.96,,,,Deploy data model 11,,,,,,,0.00,,false,Project Setup
PRJ-0127,TSK-002387,Document template 13,To do,Contoso Ltd - CLM Implementation,PHS-00442,Initiate,Marco Sato,,2026-05-12,2026-06-06,0.00,,,,"Migrate template 1, Migrate report 10, Deploy data model 11",,,,,,,0.00,,false,Project Setup
PRJ-0127,TSK-002388,Audit report 14,Blocked,Contoso Ltd - CLM Implementation,PHS-00441,Getting Started,,,2026-05-13,2026-05-31,0.00,,,,Configure report 5,,,,,,,0.00,,true,Program Management
PRJ-0127,TSK-002389,Migrate integration 15,Completed,Contoso Ltd - CLM Implementation,PHS-00442,Initiate,Priya Diallo,,2026-05-14,2026-05-21,0.00,,,,,,,,,2026-05-14,2026-05-20,0.00,,true,Test Execution
PRJ-0127,TSK-002390,Audit report 16,Blocked,Contoso Ltd - CLM Implementation,PHS-00441,Getting Started,Priya Diallo,,2026-05-15,2026-06-04,0.00,,,,,TSK-002378,Validate integration 4,,,,,0.00,,true,
PRJ-0127,TSK-002391,Deploy template 17,To do,Contoso Ltd - CLM Implementation,PHS-00441,Getting Started,Marco Sato,,2026-05-16,2026-05-18,0.00,,,,"Document playbook 3, Validate integration 4, Deploy data model 6, Train environment 7, Deploy report 8",,,,,,,0.00,,true,Transition
PRJ-0127,TSK-002392,Deploy workflow 18,Completed,Contoso Ltd - CLM Implementation,PHS-00442,Initiate,Marco Sato,,2026-05-17,2026-05-29,24.10,,,,,,,,,2026-05-17,2026-06-10,0.00,,true,Test Execution
PRJ-0127,TSK-002393,Audit data model 19,Completed,Contoso Ltd - CLM Implementation,PHS-00441,Getting Started,Marco Sato,,2026-05-18,2026-06-09,0.40,,,,"Document playbook 3, Configure report 5, Deploy report 8, Audit report 14",,,,,2026-05-18,2026-06-07,0.00,,false,Project Setup
PRJ-0127,TSK-002394,Train workflow 20,To do,Contoso Ltd - CLM Implementation,PHS-00442,Initiate,,,2026-05-19,2026-06-08,23.36,,,,"Document playbook 3, Audit report 14",,,,,,,0.00,,true,Test Execution
PRJ-0127,TSK-002395,Configure data model 21,To do,Contoso Ltd - CLM Implementation,PHS-00441,Getting Started,Marco Sato,,2026-05-20,2026-06-19,17.13,,,,Audit report 14,,,,,,,0.00,,true,
PRJ-0127,TSK-002396,Train permission set 22,To do,Contoso Ltd - CLM Implementation,PHS-00442,Initiate,Marco Sato,,2026-05-21,2026-06-10,4.41,,,,,TSK-002387,Document template 13,,,,,0.00,,true,
PRJ-0127,TSK-002397,Audit template 23,NA,Contoso Ltd - CLM Implementation,PHS-00442,Initiate,Marco Sato,,2026-05-22,2026-05-31,0.00,,,,"Migrate template 1, Train environment 7, Deploy data model 11, Audit report 16, Train permission set 22",,,,,,,0.00,,true,Transition
PRJ-0127,TSK-002398,Document report 24,To do,Contoso Ltd - CLM Implementation,PHS-00442,Initiate,Priya Diallo,,2026-05-23,2026-05-29,33.05,true,,,Configure report 5,,,,,,,0.00,,true,Discovery
PRJ-0127,TSK-002399,Migrate template 25,Completed,Contoso Ltd - CLM Implementation,PHS-00441,Getting Started,,,2026-05-24,2026-06-17,10.00,true,,,Deploy template 17,,,,,2026-05-24,2026-06-22,0.00,,true,Build and Deployment
PRJ-0128,TSK-002400,Configure data model 1,Completed,Hooli Ltd - CLM Implementation,PHS-00445,Discover & Design,Amara Sato,,2026-04-24,2026-05-13,20.19,,,,,,,,,2026-04-24,2026-05-11,0.00,,true,Transition
PRJ-0128,TSK-002401,Migrate template 2,To do,Hooli Ltd - CLM Implementation,PHS-00445,Discover & Design,Yusuf Rossi,,2026-04-25,2026-04-30,0.00,,,,Configure data model 1,,,,,,,0.00,,true,Transition
PRJ-0128,TSK-002402,Document integration 3,In progress,Hooli Ltd - CLM Implementation,PHS-00445,Discover & Design,Priya Diallo,,2026-04-26,2026-05-04,0.38,,,,Migrate template 2,,,,,2026-04-26,,0.00,,true,Project Setup
PRJ-0128,TSK-002403,Audit report 4,To do,Hooli Ltd - CLM Implementation,PHS-00447,Test,,,2026-04-27,2026-05-10,24.84,,,,Document integration 3,,,,,,,0.00,,true,
PRJ-0128,TSK-002404,Migrate data model 5,In progress,Hooli Ltd - CLM Implementation,PHS-00445,Discover & Design,Priya Diallo,,2026-04-28,2026-05-19,38.43,,,,Audit report 4,,,,,2026-04-28,,0.00,,true,
PRJ-0128,TSK-002405,Review integration 6,Completed,Hooli Ltd - CLM Implementation,PHS-00443,Getting Started,,,2026-04-29,2026-05-21,35.82,,,,Migrate data model 5,,,,,2026-04-29,2026-05-09,0.00,,true,Discovery
PRJ-0128,TSK-002406,Audit data model 7,Completed,Hooli Ltd - CLM Implementation,PHS-00444,Initiate,Yusuf Rossi,,2026-04-30,2026-05-20,0.00,,,,Review integration 6,,,,,2026-04-30,2026-05-25,0.00,,false,Program Management
PRJ-0128,TSK-002407,Configure template 8,To do,Hooli Ltd - CLM Implementation,PHS-00445,Discover & Design,Zara Kaya,,2026-05-01,2026-05-07,0.00,,,,Audit data model 7,,,,,,,0.00,,true,Discovery
PRJ-0128,TSK-002408,Audit workflow 9,Completed,Hooli Ltd - CLM Implementation,PHS-00444,Initiate,,,2026-05-02,2026-05-25,2.11,,,,Configure template 8,,,,,2026-05-02,2026-05-31,0.00,,true,
PRJ-0128,TSK-002409,Audit workflow 10,To do,Hooli Ltd - CLM Implementation,PHS-00444,Initiate,Zara Kaya,,2026-05-03,2026-05-28,0.00,,,,Audit workflow 9,,,,,,,0.00,,false,Transition
PRJ-0128,TSK-002410,Train report 11,NA,Hooli Ltd - CLM Implementation,PHS-00446,Configure & Build,Lena Sato,,2026-05-04,2026-05-23,0.00,,,,Audit workflow 10,,,,,,,0.00,,true,Transition
PRJ-0128,TSK-002411,Configure environment 12,Completed,Hooli Ltd - CLM Implementation,PHS-00444,Initiate,Lena Sato,,2026-05-05,2026-05-31,7.14,,,,Train report 11,,,,,2026-05-05,2026-05-15,0.00,,true,Transition
PRJ-0128,TSK-002412,Validate playbook 13,Completed,Hooli Ltd - CLM Implementation,PHS-00447,Test,,,2026-05-06,2026-06-03,36.29,,,,"Audit report 4, Train report 11",,,,,2026-05-06,2026-05-26,0.00,,true,Program Management
PRJ-0128,TSK-002413,Migrate permission set 14,To do,Hooli Ltd - CLM Implementation,PHS-00444,Initiate,,,2026-05-07,2026-05-18,5.86,,,,,,,,,,,0.00,,true,
PRJ-0128,TSK-002414,Validate playbook 15,NA,Hooli Ltd - CLM Implementation,PHS-00443,Getting Started,Yusuf Rossi,,2026-05-08,2026-05-19,18.94,,,,Migrate permission set 14,,,,,,,0.00,,true,Program Management
PRJ-0128,TSK-002415,Review integration 16,Completed,Hooli Ltd - CLM Implementation,PHS-00445,Discover & Design,Arjun Sato,,2026-05-09,2026-05-10,4.42,,,,,,,,,2026-05-09,2026-05-20,0.00,,true,Build and Deployment
PRJ-0128,TSK-002416,Deploy permission set 17,In progress,Hooli Ltd - CLM Implementation,PHS-00444,Initiate,Yusuf Rossi,,2026-05-10,2026-05-29,16.90,,,,"Configure template 8, Review integration 16",,,,,2026-05-10,,0.00,,true,Project Setup
PRJ-0128,TSK-002417,Document integration 18,NA,Hooli Ltd - CLM Implementation,PHS-00447,Test,Lena Sato,,2026-05-11,2026-05-16,30.16,,,,Configure data model 1,,,,,,,0.00,,true,Transition
PRJ-0128,TSK-002418,Deploy permission set 19,To do,Hooli Ltd - CLM Implementation,PHS-00447,Test,Arjun Sato,,2026-05-12,2026-05-16,26.14,,,,"Configure template 8, Review integration 16",,,,,,,0.00,,true,Build and Deployment
PRJ-0128,TSK-002419,Document environment 20,To do,Hooli Ltd - CLM Implementation,PHS-00444,Initiate,Amara Sato,,2026-05-13,2026-06-12,23.18,,,,"Audit report 4, Migrate data model 5, Audit data model 7, Audit workflow 10, Migrate permission set 14, Review integration 16",,,,,,,0.00,,true,Build and Deployment
PRJ-0128,TSK-002420,Review playbook 21,To do,Hooli Ltd - CLM Implementation,PHS-00445,Discover & Design,Yusuf Rossi,,2026-05-14,2026-05-23,38.05,,,,,,,,,,,0.00,,true,Transition
PRJ-0128,TSK-002421,Train environment 22,To do,Hooli Ltd - CLM Implementation,PHS-00443,Getting Started,,,2026-05-15,2026-05-28,34.84,,,,,,,,,,,0.00,,true,
PRJ-0128,TSK-002422,Deploy data model 23,Completed,Hooli Ltd - CLM Implementation,PHS-00444,Initiate,Priya Diallo,,2026-05-16,2026-06-11,33.22,true,,,,,,,,2026-05-16,2026-05-28,0.00,,true,Build and Deployment
PRJ-0128,TSK-002423,Deploy environment 24,To do,Hooli Ltd - CLM Implementation,PHS-00446,Configure & Build,Arjun Sato,,2026-05-17,2026-06-06,0.00,true,,,"Document integration 3, Configure template 8, Audit workflow 10, Train report 11, Migrate permission set 14",,,,,,,0.00,,true,Program Management
PRJ-0129,TSK-002424,Validate playbook 1,In progress,Initech GmbH - Phase 1 Implementation,PHS-00451,Configure & Build,Tomas Sato,,2026-02-28,2026-03-01,0.00,,,,,,,,,2026-02-28,,0.00,,true,Transition
PRJ-0129,TSK-002425,Migrate permission set 2,In progress,Initech GmbH - Phase 1 Implementation,PHS-00448,Getting Started,Tomas Sato,,2026-03-01,2026-03-19,11.66,,,,Validate playbook 1,,,,,2026-03-01,,0.00,,false,Project Setup
PRJ-0129,TSK-002426,Configure report 3,To do,Initech GmbH - Phase 1 Implementation,PHS-00451,Configure & Build,,,2026-03-02,2026-03-31,0.00,,,,Migrate permission set 2,,,,,,,0.00,,true,Discovery
PRJ-0129,TSK-002427,Review data model 4,In progress,Initech GmbH - Phase 1 Implementation,PHS-00448,Getting Started,Tomas Sato,,2026-03-03,2026-03-23,0.00,,,,Configure report 3,,,,,2026-03-03,,0.00,,false,Test Execution
PRJ-0129,TSK-002428,Audit permission set 5,NA,Initech GmbH - Phase 1 Implementation,PHS-00451,Configure & Build,Tomas Sato,,2026-03-04,2026-03-31,0.00,,,,Review data model 4,,,,,,,0.00,,true,
PRJ-0129,TSK-002429,Migrate environment 6,Completed,Initech GmbH - Phase 1 Implementation,PHS-00450,Discover & Design,Tomas Sato,,2026-03-05,2026-03-22,39.12,,,,Audit permission set 5,,,,,2026-03-05,2026-03-23,0.00,,true,Build and Deployment
PRJ-0129,TSK-002430,Configure workflow 7,In progress,Initech GmbH - Phase 1 Implementation,PHS-00449,Initiate,Tomas Sato,,2026-03-06,2026-04-02,0.00,,,,Migrate environment 6,,,,,2026-03-06,,0.00,,true,Test Execution
PRJ-0129,TSK-002431,Migrate data model 8,To do,Initech GmbH - Phase 1 Implementation,PHS-00450,Discover & Design,Tomas Sato,,2026-03-07,2026-04-05,0.00,,,,Configure workflow 7,,,,,,,0.00,,true,Build and Deployment
PRJ-0129,TSK-002432,Audit data model 9,NA,Initech GmbH - Phase 1 Implementation,PHS-00450,Discover & Design,,,2026-03-08,2026-03-10,30.55,,,,Migrate data model 8,,,,,,,0.00,,true,Build and Deployment
PRJ-0129,TSK-002433,Audit integration 10,NA,Initech GmbH - Phase 1 Implementation,PHS-00451,Configure & Build,Tomas Sato,,2026-03-09,2026-03-29,7.67,,,,Audit data model 9,,,,,,,0.00,,true,Transition
PRJ-0129,TSK-002434,Document environment 11,To do,Initech GmbH - Phase 1 Implementation,PHS-00451,Configure & Build,,,2026-03-10,2026-04-01,20.90,,,,Audit integration 10,,,,,,,0.00,,true,Project Setup
PRJ-0129,TSK-002435,Migrate playbook 12,Completed,Initech GmbH - Phase 1 Implementation,PHS-00450,Discover & Design,,,2026-03-11,2026-03-26,12.17,,,,Document environment 11,,,,,2026-03-11,2026-03-31,0.00,,true,Project Setup
PRJ-0129,TSK-002436,Deploy template 13,Completed,Initech GmbH - Phase 1 Implementation,PHS-00449,Initiate,Tomas Sato,,2026-03-12,2026-04-08,0.00,,,,,,,,,2026-03-12,2026-03-19,0.00,,true,Project Setup
PRJ-0129,TSK-002437,Migrate playbook 14,To do,Initech GmbH - Phase 1 Implementation,PHS-00450,Discover & Design,,,2026-03-13,2026-04-02,31.53,,,,Migrate data model 8,,,,,,,0.00,,true,Discovery
PRJ-0129,TSK-002438,Migrate report 15,Completed,Initech GmbH - Phase 1 Implementation,PHS-00448,Getting Started,Tomas Sato,,2026-03-14,2026-04-10,1.11,,,,,,,,,2026-03-14,2026-03-17,0.00,,true,Project Setup
PRJ-0129,TSK-002439,Validate workflow 16,Completed,Initech GmbH - Phase 1 Implementation,PHS-00451,Configure & Build,Tomas Sato,,2026-03-15,2026-04-03,7.58,,,,"Audit data model 9, Migrate report 15",,,,,2026-03-15,2026-04-13,0.00,,true,Program Management
PRJ-0129,TSK-002440,Migrate environment 17,NA,Initech GmbH - Phase 1 Implementation,PHS-00449,Initiate,Tomas Sato,,2026-03-16,2026-04-14,25.08,,,,"Configure workflow 7, Audit data model 9, Validate workflow 16",,,,,,,0.00,,false,Transition
PRJ-0129,TSK-002441,Validate data model 18,To do,Initech GmbH - Phase 1 Implementation,PHS-00449,Initiate,Tomas Sato,,2026-03-17,2026-04-16,7.37,,,,"Validate playbook 1, Migrate permission set 2, Audit integration 10, Deploy template 13, Migrate playbook 14",,,,,,,0.00,,true,Project Setup
PRJ-0129,TSK-002442,Audit playbook 19,To do,Initech GmbH - Phase 1 Implementation,PHS-00448,Getting Started,Tomas Sato,,2026-03-18,2026-03-29,0.00,,,,,,,,,,,0.00,,true,Discovery
PRJ-0129,TSK-002443,Configure report 20,In progress,Initech GmbH - Phase 1 Implementation,PHS-00450,Discover & Design,Tomas Sato,,2026-03-19,2026-04-07,0.00,,,,"Document environment 11, Migrate playbook 14",,,,,2026-03-19,,0.00,,true,Discovery
PRJ-0129,TSK-002444,Validate integration 21,Completed,Initech GmbH - Phase 1 Implementation,PHS-00448,Getting Started,Tomas Sato,,2026-03-20,2026-03-26,12.28,,,,,,,,,2026-03-20,2026-03-21,0.00,,false,Project Setup
PRJ-0129,TSK-002445,Configure workflow 22,To do,Initech GmbH - Phase 1 Implementation,PHS-00451,Configure & Build,Tomas Sato,,2026-03-21,2026-04-12,0.00,true,,,"Migrate report 15, Validate workflow 16, Validate data model 18",,,,,,,0.00,,true,Test Execution
PRJ-0129,TSK-002446,Train environment 23,To do,Initech GmbH - Phase 1 Implementation,PHS-00448,Getting Started,Tomas Sato,,2026-03-22,2026-04-09,13.07,true,,,"Migrate data model 8, Deploy template 13, Audit playbook 19",,,,,,,0.00,,true,Discovery
PRJ-0130,TSK-002447,Review workflow 1,To do,Vandelay GmbH - Migration,PHS-00454,Discover & Design,,,2026-01-06,2026-01-08,28.13,,,,,,,,,,,0.00,,true,
PRJ-0130,TSK-002448,Document environment 2,To do,Vandelay GmbH - Migration,PHS-00454,Discover & Design,Ingrid Sato,,2026-01-07,2026-01-20,4.02,,,,Review workflow 1,,,,,,,0.00,,false,Project Setup
PRJ-0130,TSK-002449,Audit workflow 3,In progress,Vandelay GmbH - Migration,PHS-00453,Initiate,Yusuf Sato,,2026-01-08,2026-01-15,0.00,,,,Document environment 2,,,,,2026-01-08,,0.00,,true,
PRJ-0130,TSK-002450,Deploy data model 4,To do,Vandelay GmbH - Migration,PHS-00455,Configure & Build,,,2026-01-09,2026-02-06,26.24,,,,Audit workflow 3,,,,,,,0.00,,false,Test Execution
PRJ-0130,TSK-002451,Validate environment 5,To do,Vandelay GmbH - Migration,PHS-00455,Configure & Build,Amara Diallo,,2026-01-10,2026-01-24,0.00,,,,Deploy data model 4,,,,,,,0.00,,true,Program Management
PRJ-0130,TSK-002452,Train data model 6,Completed,Vandelay GmbH - Migration,PHS-00452,Getting Started,,,2026-01-11,2026-01-13,4.10,,,,Validate environment 5,,,,,2026-01-11,2026-01-18,0.00,,true,
PRJ-0130,TSK-002453,Deploy workflow 7,To do,Vandelay GmbH - Migration,PHS-00453,Initiate,Amara Diallo,,2026-01-12,2026-02-02,0.00,,,,Train data model 6,,,,,,,0.00,,true,Test Execution
PRJ-0130,TSK-002454,Review environment 8,To do,Vandelay GmbH - Migration,PHS-00452,Getting Started,,,2026-01-13,2026-02-02,13.56,,,,Deploy workflow 7,,,,,,,0.00,,true,Test Execution
PRJ-0130,TSK-002455,Validate report 9,To do,Vandelay GmbH - Migration,PHS-00455,Configure & Build,Yusuf Sato,,2026-01-14,2026-02-03,5.72,,,,Review environment 8,,,,,,,0.00,,true,Test Execution
PRJ-0130,TSK-002456,Audit environment 10,In progress,Vandelay GmbH - Migration,PHS-00453,Initiate,Yusuf Sato,,2026-01-15,2026-01-26,0.00,,,,Validate report 9,,,,,2026-01-15,,0.00,,true,Program Management
PRJ-0130,TSK-002457,Deploy data model 11,Completed,Vandelay GmbH - Migration,PHS-00452,Getting Started,,,2026-01-16,2026-02-08,38.22,,,,Audit environment 10,,,,,2026-01-16,2026-02-08,0.00,,false,Test Execution
PRJ-0130,TSK-002458,Configure template 12,In progress,Vandelay GmbH - Migration,PHS-00455,Configure & Build,Ingrid Sato,,2026-01-17,2026-01-28,0.00,,,,Deploy data model 11,,,,,2026-01-17,,0.00,,true,Build and Deployment
PRJ-0130,TSK-002459,Validate integration 13,Completed,Vandelay GmbH - Migration,PHS-00455,Configure & Build,Amara Diallo,,2026-01-18,2026-02-14,0.00,,,,"Validate environment 5, Validate report 9, Audit environment 10, Deploy data model 11",,,,,2026-01-18,2026-01-24,0.00,,true,Transition
PRJ-0130,TSK-002460,Document integration 14,NA,Vandelay GmbH - Migration,PHS-00455,Configure & Build,Yusuf Sato,,2026-01-19,2026-01-28,0.00,,,,,,,,,,,0.00,,true,Build and Deployment
PRJ-0130,TSK-002461,Deploy environment 15,In progress,Vandelay GmbH - Migration,PHS-00454,Discover & Design,Ingrid Sato,,2026-01-20,2026-02-17,17.40,,,,,,,,,2026-01-20,,0.00,,true,Transition
PRJ-0130,TSK-002462,Migrate integration 16,Completed,Vandelay GmbH - Migration,PHS-00455,Configure & Build,Amara Diallo,,2026-01-21,2026-02-20,20.39,,,,"Audit workflow 3, Deploy data model 11, Document integration 14",,,,,2026-01-21,2026-01-29,0.00,,true,Transition
PRJ-0130,TSK-002463,Configure integration 17,Completed,Vandelay GmbH - Migration,PHS-00455,Configure & Build,Amara Diallo,,2026-01-22,2026-01-25,0.00,,,,,TSK-002459,Validate integration 13,,,2026-01-22,2026-02-16,0.00,,true,Discovery
PRJ-0130,TSK-002464,Document integration 18,Completed,Vandelay GmbH - Migration,PHS-00453,Initiate,,,2026-01-23,2026-02-20,11.73,,,,,TSK-002448,Document environment 2,,,2026-01-23,2026-01-28,0.00,,true,Build and Deployment
PRJ-0130,TSK-002465,Train report 19,To do,Vandelay GmbH - Migration,PHS-00452,Getting Started,Yusuf Sato,,2026-01-24,2026-02-11,30.33,,,,,,,,,,,0.00,,true,Discovery
PRJ-0130,TSK-002466,Validate playbook 20,To do,Vandelay GmbH - Migration,PHS-00453,Initiate,Yusuf Sato,,2026-01-25,2026-02-21,15.70,,,,"Document environment 2, Deploy data model 4, Deploy environment 15",,,,,,,0.00,,true,
PRJ-0130,TSK-002467,Configure data model 21,Completed,Vandelay GmbH - Migration,PHS-00454,Discover & Design,Marco Sato,,2026-01-26,2026-02-25,18.58,true,,,"Document integration 18, Validate playbook 20",,,,,2026-01-26,2026-02-25,0.00,,true,Project Setup
PRJ-0130,TSK-002468,Validate integration 22,Completed,Vandelay GmbH - Migration,PHS-00452,Getting Started,Ingrid Sato,,2026-01-27,2026-02-20,15.39,true,,,,,,,,2026-01-27,2026-02-23,0.00,,true,
PRJ-0131,TSK-002469,Deploy data model 1,To do,Globex GmbH - Phase 1 Implementation,PHS-00457,Initiate,Priya Sato,,2026-01-23,2026-01-29,0.00,,,,,,,,,,,0.00,,false,Test Execution
PRJ-0131,TSK-002470,Train data model 2,Completed,Globex GmbH - Phase 1 Implementation,PHS-00458,Discover & Design,,,2026-01-24,2026-02-23,32.76,,,,Deploy data model 1,,,,,2026-01-24,2026-02-08,0.00,,true,
PRJ-0131,TSK-002471,Configure permission set 3,NA,Globex GmbH - Phase 1 Implementation,PHS-00457,Initiate,Tomas Sato,,2026-01-25,2026-02-14,10.64,,,,Train data model 2,,,,,,,0.00,,true,Test Execution
PRJ-0131,TSK-002472,Document report 4,To do,Globex GmbH - Phase 1 Implementation,PHS-00457,Initiate,,,2026-01-26,2026-02-09,22.91,,,,Configure permission set 3,,,,,,,0.00,,true,Transition
PRJ-0131,TSK-002473,Validate integration 5,NA,Globex GmbH - Phase 1 Implementation,PHS-00458,Discover & Design,Elena Sato,,2026-01-27,2026-02-13,32.12,,,,Document report 4,,,,,,,0.00,,true,Test Execution
PRJ-0131,TSK-002474,Validate permission set 6,To do,Globex GmbH - Phase 1 Implementation,PHS-00456,Getting Started,Priya Sato,,2026-01-28,2026-02-19,0.00,,,,Validate integration 5,,,,,,,0.00,,true,Project Setup
PRJ-0131,TSK-002475,Migrate integration 7,Completed,Globex GmbH - Phase 1 Implementation,PHS-00458,Discover & Design,Tomas Sato,,2026-01-29,2026-02-24,0.00,,,,Validate permission set 6,,,,,2026-01-29,2026-02-18,0.00,,true,Build and Deployment
PRJ-0131,TSK-002476,Audit playbook 8,To do,Globex GmbH - Phase 1 Implementation,PHS-00458,Discover & Design,Tomas Sato,,2026-01-30,2026-02-17,32.99,,,,Migrate integration 7,,,,,,,0.00,,true,Program Management
PRJ-0131,TSK-002477,Validate data model 9,To do,Globex GmbH - Phase 1 Implementation,PHS-00456,Getting Started,,,2026-01-31,2026-02-18,0.00,,,,Audit playbook 8,,,,,,,0.00,,false,
PRJ-0131,TSK-002478,Train permission set 10,To do,Globex GmbH - Phase 1 Implementation,PHS-00456,Getting Started,Elena Sato,,2026-02-01,2026-02-20,28.42,,,,Validate data model 9,,,,,,,0.00,,true,Transition
PRJ-0131,TSK-002479,Migrate permission set 11,Completed,Globex GmbH - Phase 1 Implementation,PHS-00456,Getting Started,Elena Sato,,2026-02-02,2026-02-12,35.56,,,,Train permission set 10,,,,,2026-02-02,2026-02-23,0.00,,true,Discovery
PRJ-0131,TSK-002480,Review playbook 12,Completed,Globex GmbH - Phase 1 Implementation,PHS-00456,Getting Started,Noah Diallo,,2026-02-03,2026-02-18,24.07,,,,Migrate permission set 11,,,,,2026-02-03,2026-02-04,0.00,,true,Project Setup
PRJ-0131,TSK-002481,Configure workflow 13,In progress,Globex GmbH - Phase 1 Implementation,PHS-00456,Getting Started,Noah Diallo,,2026-02-04,2026-02-11,0.00,,,,,,,,,2026-02-04,,0.00,,true,Program Management
PRJ-0131,TSK-002482,Validate template 14,Completed,Globex GmbH - Phase 1 Implementation,PHS-00456,Getting Started,,,2026-02-05,2026-02-25,19.33,,,,,,,,,2026-02-05,2026-03-04,0.00,,true,Discovery
PRJ-0131,TSK-002483,Review data model 15,In progress,Globex GmbH - Phase 1 Implementation,PHS-00456,Getting Started,Elena Sato,,2026-02-06,2026-03-08,0.00,,,,"Migrate integration 7, Validate data model 9, Train permission set 10, Configure workflow 13",,,,,2026-02-06,,0.00,,false,Project Setup
PRJ-0131,TSK-002484,Document workflow 16,Completed,Globex GmbH - Phase 1 Implementation,PHS-00456,Getting Started,Tomas Sato,,2026-02-07,2026-03-09,6.71,,,,,,,,,2026-02-07,2026-02-22,0.00,,true,Transition
PRJ-0131,TSK-002485,Validate workflow 17,To do,Globex GmbH - Phase 1 Implementation,PHS-00457,Initiate,Noah Diallo,,2026-02-08,2026-02-28,19.51,,,,,,,,,,,0.00,,true,
PRJ-0131,TSK-002486,Validate report 18,To do,Globex GmbH - Phase 1 Implementation,PHS-00456,Getting Started,Elena Sato,,2026-02-09,2026-03-07,24.69,true,,,"Deploy data model 1, Validate data model 9, Train permission set 10",,,,,,,0.00,,true,Transition
PRJ-0132,TSK-002487,Audit integration 1,Completed,Stark GmbH - Phase 1 Implementation,PHS-00462,Configure & Build,Hana Rossi,,2026-04-21,2026-05-12,0.00,,,,,,,,,2026-04-21,2026-05-03,0.00,,false,Build and Deployment
PRJ-0132,TSK-002488,Migrate workflow 2,To do,Stark GmbH - Phase 1 Implementation,PHS-00460,Initiate,Hana Rossi,,2026-04-22,2026-05-21,21.79,,,,Audit integration 1,,,,,,,0.00,,true,Discovery
PRJ-0132,TSK-002489,Deploy workflow 3,To do,Stark GmbH - Phase 1 Implementation,PHS-00462,Configure & Build,,,2026-04-23,2026-05-13,13.07,,,,Migrate workflow 2,,,,,,,0.00,,true,Program Management
PRJ-0132,TSK-002490,Audit report 4,Completed,Stark GmbH - Phase 1 Implementation,PHS-00461,Discover & Design,Hana Rossi,,2026-04-24,2026-05-24,9.99,,,,Deploy workflow 3,,,,,2026-04-24,2026-04-25,0.00,,false,Discovery
PRJ-0132,TSK-002491,Configure environment 5,In progress,Stark GmbH - Phase 1 Implementation,PHS-00460,Initiate,,,2026-04-25,2026-05-11,0.00,,,,Audit report 4,,,,,2026-04-25,,0.00,,true,
PRJ-0132,TSK-002492,Review template 6,To do,Stark GmbH - Phase 1 Implementation,PHS-00460,Initiate,Lena Rossi,,2026-04-26,2026-05-04,0.00,,,,Configure environment 5,,,,,,,0.00,,false,
PRJ-0132,TSK-002493,Train environment 7,Completed,Stark GmbH - Phase 1 Implementation,PHS-00460,Initiate,Lena Sato,,2026-04-27,2026-05-16,31.35,,,,Review template 6,,,,,2026-04-27,2026-05-07,0.00,,false,Discovery
PRJ-0132,TSK-002494,Document integration 8,Completed,Stark GmbH - Phase 1 Implementation,PHS-00461,Discover & Design,Hana Rossi,,2026-04-28,2026-04-29,0.00,,,,Train environment 7,,,,,2026-04-28,2026-05-27,0.00,,true,Project Setup
PRJ-0132,TSK-002495,Configure report 9,NA,Stark GmbH - Phase 1 Implementation,PHS-00460,Initiate,Elena Sato,,2026-04-29,2026-05-22,11.08,,,,Document integration 8,,,,,,,0.00,,true,Transition
PRJ-0132,TSK-002496,Audit playbook 10,Completed,Stark GmbH - Phase 1 Implementation,PHS-00462,Configure & Build,Lena Sato,,2026-04-30,2026-05-13,21.11,,,,Configure report 9,,,,,2026-04-30,2026-05-07,0.00,,true,Program Management
PRJ-0132,TSK-002497,Configure template 11,Completed,Stark GmbH - Phase 1 Implementation,PHS-00462,Configure & Build,Noah Diallo,,2026-05-01,2026-05-19,30.37,,,,Audit playbook 10,,,,,2026-05-01,2026-05-04,0.00,,true,Build and Deployment
PRJ-0132,TSK-002498,Document template 12,To do,Stark GmbH - Phase 1 Implementation,PHS-00460,Initiate,,,2026-05-02,2026-05-21,32.45,,,,Configure template 11,,,,,,,0.00,,false,Build and Deployment
PRJ-0132,TSK-002499,Review workflow 13,Completed,Stark GmbH - Phase 1 Implementation,PHS-00461,Discover & Design,Lena Sato,,2026-05-03,2026-05-09,23.57,,,,,,,,,2026-05-03,2026-06-01,0.00,,true,Transition
PRJ-0132,TSK-002500,Review permission set 14,Completed,Stark GmbH - Phase 1 Implementation,PHS-00461,Discover & Design,Noah Diallo,,2026-05-04,2026-05-05,0.00,,,,"Audit integration 1, Audit report 4, Configure environment 5, Train environment 7, Audit playbook 10",,,,,2026-05-04,2026-05-26,0.00,,false,Transition
PRJ-0132,TSK-002501,Migrate integration 15,To do,Stark GmbH - Phase 1 Implementation,PHS-00462,Configure & Build,Lena Sato,,2026-05-05,2026-05-13,0.00,,,,,,,,,,,0.00,,true,
PRJ-0132,TSK-002502,Train data model 16,Completed,Stark GmbH - Phase 1 Implementation,PHS-00460,Initiate,Elena Sato,,2026-05-06,2026-06-05,40.00,,,,,,,,,2026-05-06,2026-05-22,0.00,,true,Build and Deployment
PRJ-0132,TSK-002503,Configure permission set 17,To do,Stark GmbH - Phase 1 Implementation,PHS-00462,Configure & Build,,,2026-05-07,2026-05-24,0.00,,,,,,,,,,,0.00,,true,Build and Deployment
PRJ-0132,TSK-002504,Deploy workflow 18,Completed,Stark GmbH - Phase 1 Implementation,PHS-00461,Discover & Design,Noah Diallo,,2026-05-08,2026-05-20,1.44,,,,"Migrate workflow 2, Deploy workflow 3, Train environment 7, Configure report 9, Review workflow 13",,,,,2026-05-08,2026-05-22,0.00,,true,Program Management
PRJ-0132,TSK-002505,Review integration 19,NA,Stark GmbH - Phase 1 Implementation,PHS-00462,Configure & Build,Lena Sato,,2026-05-09,2026-06-06,31.69,,,,"Train environment 7, Configure report 9",,,,,,,0.00,,true,Test Execution
PRJ-0132,TSK-002506,Validate permission set 20,Completed,Stark GmbH - Phase 1 Implementation,PHS-00460,Initiate,Hana Rossi,,2026-05-10,2026-05-13,13.04,,,,"Audit integration 1, Configure environment 5, Document integration 8",,,,,2026-05-10,2026-05-31,0.00,,true,Program Management
PRJ-0132,TSK-002507,Train permission set 21,In progress,Stark GmbH - Phase 1 Implementation,PHS-00462,Configure & Build,,,2026-05-11,2026-05-23,0.00,,,,"Configure environment 5, Review template 6, Configure report 9, Deploy workflow 18, Review integration 19",,,,,2026-05-11,,0.00,,true,Test Execution
PRJ-0132,TSK-002508,Review template 22,Completed,Stark GmbH - Phase 1 Implementation,PHS-00461,Discover & Design,Noah Diallo,,2026-05-12,2026-06-09,6.56,,,,,TSK-002490,Audit report 4,,,2026-05-12,2026-05-20,0.00,,true,Project Setup
PRJ-0132,TSK-002509,Train data model 23,Completed,Stark GmbH - Phase 1 Implementation,PHS-00462,Configure & Build,Lena Sato,,2026-05-13,2026-05-19,32.16,,,,"Audit integration 1, Migrate workflow 2, Configure environment 5, Document integration 8",,,,,2026-05-13,2026-05-22,0.00,,true,Project Setup
PRJ-0132,TSK-002510,Deploy workflow 24,Blocked,Stark GmbH - Phase 1 Implementation,PHS-00461,Discover & Design,Noah Diallo,,2026-05-14,2026-05-24,30.48,,,,"Audit integration 1, Migrate workflow 2, Review template 6, Configure permission set 17",,,,,,,0.00,,true,Build and Deployment
PRJ-0132,TSK-002511,Train template 25,Completed,Stark GmbH - Phase 1 Implementation,PHS-00462,Configure & Build,,,2026-05-15,2026-05-22,0.71,,,,"Deploy workflow 3, Audit report 4, Review template 6, Document integration 8, Configure template 11",,,,,2026-05-15,2026-05-30,0.00,,true,Build and Deployment
PRJ-0132,TSK-002512,Audit workflow 26,Completed,Stark GmbH - Phase 1 Implementation,PHS-00461,Discover & Design,Hana Rossi,,2026-05-16,2026-05-31,4.63,true,,,"Deploy workflow 18, Train data model 23, Deploy workflow 24",,,,,2026-05-16,2026-05-17,0.00,,true,Discovery
PRJ-0132,TSK-002513,Migrate workflow 27,To do,Stark GmbH - Phase 1 Implementation,PHS-00460,Initiate,,,2026-05-17,2026-06-15,6.10,true,,,"Review template 6, Configure report 9, Migrate integration 15",,,,,,,0.00,,true,Transition
PRJ-0133,TSK-002514,Audit report 1,Completed,Aperture LLC - CLM Implementation,PHS-00465,Discover & Design,Mei Sato,,2026-03-17,2026-04-12,13.79,,,,,,,,,2026-03-17,2026-03-25,0.00,,true,Transition
PRJ-0133,TSK-002515,Validate permission set 2,Completed,Aperture LLC - CLM Implementation,PHS-00463,Getting Started,Amara Sato,,2026-03-18,2026-04-07,18.10,,,,Audit report 1,,,,,2026-03-18,2026-04-16,0.00,,true,
PRJ-0133,TSK-002516,Train report 3,Completed,Aperture LLC - CLM Implementation,PHS-00466,Configure & Build,Mei Sato,,2026-03-19,2026-04-05,2.48,,,,Validate permission set 2,,,,,2026-03-19,2026-04-13,0.00,,true,Program Management
PRJ-0133,TSK-002517,Validate workflow 4,Completed,Aperture LLC - CLM Implementation,PHS-00463,Getting Started,Priya Sato,,2026-03-20,2026-04-04,0.40,,,,Train report 3,,,,,2026-03-20,2026-03-28,0.00,,false,Project Setup
PRJ-0133,TSK-002518,Audit environment 5,Completed,Aperture LLC - CLM Implementation,PHS-00465,Discover & Design,,,2026-03-21,2026-03-31,29.80,,,,Validate workflow 4,,,,,2026-03-21,2026-04-12,0.00,,false,Test Execution
PRJ-0133,TSK-002519,Configure report 6,Completed,Aperture LLC - CLM Implementation,PHS-00467,Test,,,2026-03-22,2026-03-27,6.54,,,,Audit environment 5,,,,,2026-03-22,2026-04-14,0.00,,true,Project Setup
PRJ-0133,TSK-002520,Document playbook 7,Completed,Aperture LLC - CLM Implementation,PHS-00465,Discover & Design,Amara Diallo,,2026-03-23,2026-04-08,22.37,,,,Configure report 6,,,,,2026-03-23,2026-04-15,0.00,,true,Discovery
PRJ-0133,TSK-002521,Migrate report 8,Completed,Aperture LLC - CLM Implementation,PHS-00465,Discover & Design,,,2026-03-24,2026-04-15,26.83,,,,Document playbook 7,,,,,2026-03-24,2026-04-01,0.00,,true,Discovery
PRJ-0133,TSK-002522,Review template 9,Completed,Aperture LLC - CLM Implementation,PHS-00464,Initiate,Priya Sato,,2026-03-25,2026-03-28,0.00,,,,Migrate report 8,,,,,2026-03-25,2026-04-01,0.00,,true,Discovery
PRJ-0133,TSK-002523,Validate workflow 10,Completed,Aperture LLC - CLM Implementation,PHS-00466,Configure & Build,Priya Sato,,2026-03-26,2026-04-20,13.55,,,,Review template 9,,,,,2026-03-26,2026-04-22,0.00,,true,
PRJ-0133,TSK-002524,Train permission set 11,Completed,Aperture LLC - CLM Implementation,PHS-00468,Transfer,Amara Sato,,2026-03-27,2026-04-15,22.30,,,,Validate workflow 10,,,,,2026-03-27,2026-04-08,0.00,,true,Program Management
PRJ-0133,TSK-002525,Document data model 12,Completed,Aperture LLC - CLM Implementation,PHS-00463,Getting Started,Amara Berg,,2026-03-28,2026-04-27,0.00,,,,Train permission set 11,,,,,2026-03-28,2026-04-14,0.00,,true,Build and Deployment
PRJ-0133,TSK-002526,Migrate workflow 13,Completed,Aperture LLC - CLM Implementation,PHS-00465,Discover & Design,Priya Sato,,2026-03-29,2026-04-15,16.98,,,,"Document playbook 7, Validate workflow 10",,,,,2026-03-29,2026-04-05,0.00,,false,Program Management
PRJ-0133,TSK-002527,Configure playbook 14,Completed,Aperture LLC - CLM Implementation,PHS-00463,Getting Started,,,2026-03-30,2026-04-11,10.21,,,,,,,,,2026-03-30,2026-04-19,0.00,,true,
PRJ-0133,TSK-002528,Validate permission set 15,Completed,Aperture LLC - CLM Implementation,PHS-00468,Transfer,Priya Sato,,2026-03-31,2026-04-16,14.65,,,,,,,,,2026-03-31,2026-04-28,0.00,,false,Transition
PRJ-0133,TSK-002529,Train integration 16,Completed,Aperture LLC - CLM Implementation,PHS-00468,Transfer,Priya Sato,,2026-04-01,2026-04-25,7.22,,,,"Review template 9, Validate workflow 10, Configure playbook 14",,,,,2026-04-01,2026-04-20,0.00,,false,
PRJ-0133,TSK-002530,Migrate template 17,Completed,Aperture LLC - CLM Implementation,PHS-00464,Initiate,,,2026-04-02,2026-04-26,0.49,,,,,,,,,2026-04-02,2026-04-22,0.00,,false,Test Execution
PRJ-0133,TSK-002531,Validate template 18,Completed,Aperture LLC - CLM Implementation,PHS-00465,Discover & Design,Amara Berg,,2026-04-03,2026-04-19,20.33,,,,Review template 9,,,,,2026-04-03,2026-04-17,0.00,,true,Discovery
PRJ-0133,TSK-002532,Review playbook 19,Completed,Aperture LLC - CLM Implementation,PHS-00463,Getting Started,Priya Sato,,2026-04-04,2026-04-17,31.67,,,,"Train report 3, Audit environment 5, Configure report 6, Configure playbook 14, Validate permission set 15, Migrate template 17",,,,,2026-04-04,2026-05-04,0.00,,true,Project Setup
PRJ-0133,TSK-002533,Train data model 20,Completed,Aperture LLC - CLM Implementation,PHS-00466,Configure & Build,Amara Berg,,2026-04-05,2026-04-30,31.49,,,,"Audit environment 5, Configure report 6, Migrate report 8, Validate workflow 10, Validate permission set 15, Review playbook 19",,,,,2026-04-05,2026-04-28,0.00,,false,Build and Deployment
PRJ-0133,TSK-002534,Review playbook 21,Completed,Aperture LLC - CLM Implementation,PHS-00464,Initiate,Mei Sato,,2026-04-06,2026-04-17,0.00,,,,"Validate permission set 2, Document playbook 7, Review template 9, Configure playbook 14, Train integration 16, Validate template 18",,,,,2026-04-06,2026-04-24,0.00,,false,Test Execution
PRJ-0133,TSK-002535,Document template 22,Completed,Aperture LLC - CLM Implementation,PHS-00467,Test,Mei Sato,,2026-04-07,2026-04-20,0.00,,,,"Validate permission set 2, Audit environment 5",,,,,2026-04-07,2026-04-29,0.00,,true,Transition
PRJ-0133,TSK-002536,Configure template 23,Completed,Aperture LLC - CLM Implementation,PHS-00463,Getting Started,Arjun Sato,,2026-04-08,2026-04-21,20.37,,,,,,,,,2026-04-08,2026-04-12,0.00,,false,
PRJ-0133,TSK-002537,Audit workflow 24,Completed,Aperture LLC - CLM Implementation,PHS-00468,Transfer,Amara Sato,,2026-04-09,2026-04-10,0.00,,,,Validate permission set 15,,,,,2026-04-09,2026-04-12,0.00,,true,Program Management
PRJ-0133,TSK-002538,Configure integration 25,Completed,Aperture LLC - CLM Implementation,PHS-00468,Transfer,Amara Sato,,2026-04-10,2026-04-22,25.70,,,,,,,,,2026-04-10,2026-04-30,0.00,,true,Discovery
PRJ-0133,TSK-002539,Validate report 26,Completed,Aperture LLC - CLM Implementation,PHS-00463,Getting Started,,,2026-04-11,2026-05-11,20.84,true,,,"Train report 3, Audit environment 5, Validate workflow 10, Configure integration 25",,,,,2026-04-11,2026-04-25,0.00,,false,Project Setup
PRJ-0133,TSK-002540,Deploy environment 27,Completed,Aperture LLC - CLM Implementation,PHS-00467,Test,Priya Sato,,2026-04-12,2026-04-28,12.39,true,,,,,,,,2026-04-12,2026-05-09,0.00,,true,Build and Deployment
PRJ-0134,TSK-002541,Validate playbook 1,Completed,Cyberdyne LLC - Enterprise Rollout,PHS-00469,Getting Started,Mei Sato,,2026-05-05,2026-05-11,0.00,,,,,,,,,2026-05-05,2026-05-19,0.00,,false,Program Management
PRJ-0134,TSK-002542,Validate integration 2,In progress,Cyberdyne LLC - Enterprise Rollout,PHS-00471,Discover & Design,Yusuf Rossi,,2026-05-06,2026-05-30,27.64,,,,Validate playbook 1,,,,,2026-05-06,,0.00,,true,Discovery
PRJ-0134,TSK-002543,Migrate template 3,To do,Cyberdyne LLC - Enterprise Rollout,PHS-00469,Getting Started,Priya Sato,,2026-05-07,2026-05-17,28.26,,,,Validate integration 2,,,,,,,0.00,,true,Discovery
PRJ-0134,TSK-002544,Document integration 4,Completed,Cyberdyne LLC - Enterprise Rollout,PHS-00470,Initiate,Yusuf Rossi,,2026-05-08,2026-05-15,6.44,,,,Migrate template 3,,,,,2026-05-08,2026-05-31,0.00,,false,Build and Deployment
PRJ-0134,TSK-002545,Deploy template 5,Completed,Cyberdyne LLC - Enterprise Rollout,PHS-00469,Getting Started,Marco Sato,,2026-05-09,2026-05-29,25.93,,,,Document integration 4,,,,,2026-05-09,2026-05-15,0.00,,false,Discovery
PRJ-0134,TSK-002546,Migrate template 6,Completed,Cyberdyne LLC - Enterprise Rollout,PHS-00470,Initiate,Yusuf Sato,,2026-05-10,2026-06-07,10.70,,,,Deploy template 5,,,,,2026-05-10,2026-05-30,0.00,,true,Build and Deployment
PRJ-0134,TSK-002547,Document template 7,To do,Cyberdyne LLC - Enterprise Rollout,PHS-00469,Getting Started,Marco Sato,,2026-05-11,2026-06-03,14.00,,,,Migrate template 6,,,,,,,0.00,,true,Test Execution
PRJ-0134,TSK-002548,Migrate permission set 8,Completed,Cyberdyne LLC - Enterprise Rollout,PHS-00470,Initiate,Mei Sato,,2026-05-12,2026-05-15,0.00,,,,Document template 7,,,,,2026-05-12,2026-05-30,0.00,,true,Transition
PRJ-0134,TSK-002549,Review data model 9,Completed,Cyberdyne LLC - Enterprise Rollout,PHS-00471,Discover & Design,,,2026-05-13,2026-06-01,36.58,,,,Migrate permission set 8,,,,,2026-05-13,2026-05-30,0.00,,true,Discovery
PRJ-0134,TSK-002550,Validate template 10,To do,Cyberdyne LLC - Enterprise Rollout,PHS-00471,Discover & Design,Priya Sato,,2026-05-14,2026-05-18,20.26,,,,Review data model 9,,,,,,,0.00,,false,Build and Deployment
PRJ-0134,TSK-002551,Migrate workflow 11,Completed,Cyberdyne LLC - Enterprise Rollout,PHS-00470,Initiate,,,2026-05-15,2026-05-31,18.28,,,,Validate template 10,,,,,2026-05-15,2026-06-09,0.00,,true,Program Management
PRJ-0134,TSK-002552,Validate integration 12,Completed,Cyberdyne LLC - Enterprise Rollout,PHS-00471,Discover & Design,,,2026-05-16,2026-06-10,22.20,,,,Migrate workflow 11,,,,,2026-05-16,2026-06-13,0.00,,false,Project Setup
PRJ-0134,TSK-002553,Migrate integration 13,To do,Cyberdyne LLC - Enterprise Rollout,PHS-00469,Getting Started,Priya Sato,,2026-05-17,2026-05-19,25.54,,,,"Validate playbook 1, Validate integration 2, Deploy template 5, Migrate permission set 8, Migrate workflow 11",,,,,,,0.00,,true,Discovery
PRJ-0134,TSK-002554,Train integration 14,NA,Cyberdyne LLC - Enterprise Rollout,PHS-00470,Initiate,Elena Sato,,2026-05-18,2026-06-09,0.00,,,,"Document integration 4, Deploy template 5, Migrate template 6, Migrate permission set 8, Migrate workflow 11",,,,,,,0.00,,true,Discovery
PRJ-0134,TSK-002555,Document integration 15,To do,Cyberdyne LLC - Enterprise Rollout,PHS-00469,Getting Started,,,2026-05-19,2026-06-18,0.00,,,,"Validate playbook 1, Document integration 4, Deploy template 5, Migrate permission set 8",,,,,,,0.00,,true,
PRJ-0134,TSK-002556,Migrate integration 16,To do,Cyberdyne LLC - Enterprise Rollout,PHS-00471,Discover & Design,Mei Sato,,2026-05-20,2026-06-01,0.00,,,,,,,,,,,0.00,,true,Program Management
PRJ-0134,TSK-002557,Document integration 17,Completed,Cyberdyne LLC - Enterprise Rollout,PHS-00471,Discover & Design,Marco Sato,,2026-05-21,2026-05-24,3.44,,,,"Validate playbook 1, Migrate template 3, Review data model 9",,,,,2026-05-21,2026-06-07,0.00,,true,Discovery
PRJ-0134,TSK-002558,Review integration 18,To do,Cyberdyne LLC - Enterprise Rollout,PHS-00470,Initiate,,,2026-05-22,2026-06-14,22.23,,,,,,,,,,,0.00,,true,Project Setup
PRJ-0134,TSK-002559,Review data model 19,Completed,Cyberdyne LLC - Enterprise Rollout,PHS-00471,Discover & Design,,,2026-05-23,2026-05-31,34.53,,,,,TSK-002553,Migrate integration 13,,,2026-05-23,2026-06-06,0.00,,true,Build and Deployment
PRJ-0134,TSK-002560,Migrate integration 20,To do,Cyberdyne LLC - Enterprise Rollout,PHS-00470,Initiate,Yusuf Rossi,,2026-05-24,2026-06-20,0.00,,,,,,,,,,,0.00,,true,Discovery
PRJ-0134,TSK-002561,Migrate environment 21,In progress,Cyberdyne LLC - Enterprise Rollout,PHS-00470,Initiate,Yusuf Rossi,,2026-05-25,2026-06-10,31.06,true,,,"Migrate template 3, Migrate template 6, Review data model 9, Validate template 10, Migrate workflow 11, Migrate integration 16",,,,,2026-05-25,,0.00,,true,Project Setup
PRJ-0134,TSK-002562,Document report 22,Completed,Cyberdyne LLC - Enterprise Rollout,PHS-00471,Discover & Design,Mei Sato,,2026-05-26,2026-06-04,0.00,true,,,"Validate integration 2, Deploy template 5, Validate template 10, Migrate workflow 11, Document integration 17, Review integration 18",,,,,2026-05-26,2026-06-18,0.00,,false,Build and Deployment
PRJ-0135,TSK-002563,Train integration 1,In progress,Wonka LLC - Enterprise Rollout,PHS-00472,Getting Started,Yusuf Rossi,,2026-04-27,2026-05-16,39.56,,,,,,,,,2026-04-27,,0.00,,true,Program Management
PRJ-0135,TSK-002564,Review permission set 2,Completed,Wonka LLC - Enterprise Rollout,PHS-00472,Getting Started,,,2026-04-28,2026-05-26,1.45,,,,Train integration 1,,,,,2026-04-28,2026-05-26,0.00,,true,Transition
PRJ-0135,TSK-002565,Migrate permission set 3,Completed,Wonka LLC - Enterprise Rollout,PHS-00475,Configure & Build,Yusuf Rossi,,2026-04-29,2026-05-19,15.94,,,,Review permission set 2,,,,,2026-04-29,2026-05-07,0.00,,false,Program Management
PRJ-0135,TSK-002566,Configure report 4,In progress,Wonka LLC - Enterprise Rollout,PHS-00472,Getting Started,Yusuf Rossi,,2026-04-30,2026-05-13,12.70,,,,Migrate permission set 3,,,,,2026-04-30,,0.00,,true,
PRJ-0135,TSK-002567,Audit workflow 5,Completed,Wonka LLC - Enterprise Rollout,PHS-00474,Discover & Design,Amara Diallo,,2026-05-01,2026-05-06,18.95,,,,Configure report 4,,,,,2026-05-01,2026-05-25,0.00,,true,Transition
PRJ-0135,TSK-002568,Configure template 6,Completed,Wonka LLC - Enterprise Rollout,PHS-00475,Configure & Build,Sofia Rossi,,2026-05-02,2026-05-22,17.04,,,,Audit workflow 5,,,,,2026-05-02,2026-05-30,0.00,,true,Transition
PRJ-0135,TSK-002569,Deploy workflow 7,Blocked,Wonka LLC - Enterprise Rollout,PHS-00472,Getting Started,Yusuf Rossi,,2026-05-03,2026-05-13,0.00,,,,Configure template 6,,,,,,,0.00,,true,Transition
PRJ-0135,TSK-002570,Document permission set 8,Completed,Wonka LLC - Enterprise Rollout,PHS-00474,Discover & Design,Yusuf Rossi,,2026-05-04,2026-05-10,19.47,,,,Deploy workflow 7,,,,,2026-05-04,2026-05-24,0.00,,true,Test Execution
PRJ-0135,TSK-002571,Migrate data model 9,Completed,Wonka LLC - Enterprise Rollout,PHS-00472,Getting Started,Sofia Rossi,,2026-05-05,2026-05-30,22.82,,,,Document permission set 8,,,,,2026-05-05,2026-05-10,0.00,,true,Test Execution
PRJ-0135,TSK-002572,Train playbook 10,In progress,Wonka LLC - Enterprise Rollout,PHS-00472,Getting Started,Amara Diallo,,2026-05-06,2026-05-24,0.00,,,,Migrate data model 9,,,,,2026-05-06,,0.00,,true,Transition
PRJ-0135,TSK-002573,Configure integration 11,Blocked,Wonka LLC - Enterprise Rollout,PHS-00472,Getting Started,Yusuf Rossi,,2026-05-07,2026-05-08,7.48,,,,Train playbook 10,,,,,,,0.00,,true,Build and Deployment
PRJ-0135,TSK-002574,Deploy environment 12,Completed,Wonka LLC - Enterprise Rollout,PHS-00472,Getting Started,,,2026-05-08,2026-05-23,23.80,,,,Configure integration 11,,,,,2026-05-08,2026-05-10,0.00,,true,Transition
PRJ-0135,TSK-002575,Deploy report 13,In progress,Wonka LLC - Enterprise Rollout,PHS-00474,Discover & Design,,,2026-05-09,2026-06-06,38.12,,,,"Review permission set 2, Migrate permission set 3, Configure report 4, Audit workflow 5, Configure integration 11",,,,,2026-05-09,,0.00,,true,Program Management
PRJ-0135,TSK-002576,Deploy report 14,Completed,Wonka LLC - Enterprise Rollout,PHS-00474,Discover & Design,,,2026-05-10,2026-06-03,31.04,,,,,,,,,2026-05-10,2026-06-03,0.00,,true,Build and Deployment
PRJ-0135,TSK-002577,Migrate template 15,Completed,Wonka LLC - Enterprise Rollout,PHS-00472,Getting Started,Yusuf Rossi,,2026-05-11,2026-06-08,12.84,,,,"Audit workflow 5, Configure template 6",,,,,2026-05-11,2026-05-20,0.00,,false,Program Management
PRJ-0135,TSK-002578,Review environment 16,NA,Wonka LLC - Enterprise Rollout,PHS-00473,Initiate,Yusuf Rossi,,2026-05-12,2026-05-30,5.84,,,,"Migrate permission set 3, Train playbook 10",,,,,,,0.00,,true,Transition
PRJ-0135,TSK-002579,Review permission set 17,Completed,Wonka LLC - Enterprise Rollout,PHS-00475,Configure & Build,Amara Diallo,,2026-05-13,2026-05-21,12.77,true,,,,,,,,2026-05-13,2026-05-15,0.00,,true,Project Setup
PRJ-0136,TSK-002580,Audit integration 1,To do,Cyberdyne Ltd - CLM Implementation,PHS-00476,Getting Started,Elena Sato,,2026-02-08,2026-02-21,0.00,,,,,,,,,,,0.00,,true,Program Management
PRJ-0136,TSK-002581,Deploy integration 2,Completed,Cyberdyne Ltd - CLM Implementation,PHS-00476,Getting Started,,,2026-02-09,2026-02-22,18.52,,,,Audit integration 1,,,,,2026-02-09,2026-03-04,0.00,,true,Project Setup
PRJ-0136,TSK-002582,Document integration 3,To do,Cyberdyne Ltd - CLM Implementation,PHS-00477,Initiate,,,2026-02-10,2026-03-04,10.45,,,,Deploy integration 2,,,,,,,0.00,,true,Discovery
PRJ-0136,TSK-002583,Validate report 4,To do,Cyberdyne Ltd - CLM Implementation,PHS-00477,Initiate,,,2026-02-11,2026-03-11,27.33,,,,Document integration 3,,,,,,,0.00,,true,Project Setup
PRJ-0136,TSK-002584,Review environment 5,Completed,Cyberdyne Ltd - CLM Implementation,PHS-00478,Discover & Design,Elena Sato,,2026-02-12,2026-03-14,0.00,,,,Validate report 4,,,,,2026-02-12,2026-02-19,0.00,,false,Test Execution
PRJ-0136,TSK-002585,Validate environment 6,Completed,Cyberdyne Ltd - CLM Implementation,PHS-00476,Getting Started,,,2026-02-13,2026-02-18,13.98,,,,Review environment 5,,,,,2026-02-13,2026-03-15,0.00,,false,Transition
PRJ-0136,TSK-002586,Document data model 7,In progress,Cyberdyne Ltd - CLM Implementation,PHS-00478,Discover & Design,Elena Sato,,2026-02-14,2026-02-23,0.00,,,,Validate environment 6,,,,,2026-02-14,,0.00,,true,Discovery
PRJ-0136,TSK-002587,Review data model 8,To do,Cyberdyne Ltd - CLM Implementation,PHS-00477,Initiate,Yusuf Rossi,,2026-02-15,2026-02-25,0.00,,,,Document data model 7,,,,,,,0.00,,true,Project Setup
PRJ-0136,TSK-002588,Deploy data model 9,Completed,Cyberdyne Ltd - CLM Implementation,PHS-00479,Configure & Build,Amara Diallo,,2026-02-16,2026-03-04,27.06,,,,Review data model 8,,,,,2026-02-16,2026-02-22,0.00,,true,Build and Deployment
PRJ-0136,TSK-002589,Train integration 10,NA,Cyberdyne Ltd - CLM Implementation,PHS-00476,Getting Started,Elena Sato,,2026-02-17,2026-03-19,0.00,,,,Deploy data model 9,,,,,,,0.00,,false,Build and Deployment
PRJ-0136,TSK-002590,Configure data model 11,To do,Cyberdyne Ltd - CLM Implementation,PHS-00478,Discover & Design,Amara Diallo,,2026-02-18,2026-03-03,0.00,,,,Train integration 10,,,,,,,0.00,,true,
PRJ-0136,TSK-002591,Document template 12,In progress,Cyberdyne Ltd - CLM Implementation,PHS-00477,Initiate,Sofia Rossi,,2026-02-19,2026-03-15,20.34,,,,Configure data model 11,,,,,2026-02-19,,0.00,,false,Program Management
PRJ-0136,TSK-002592,Deploy playbook 13,Completed,Cyberdyne Ltd - CLM Implementation,PHS-00476,Getting Started,Yusuf Rossi,,2026-02-20,2026-03-11,0.00,,,,,,,,,2026-02-20,2026-03-05,0.00,,true,Build and Deployment
PRJ-0136,TSK-002593,Deploy playbook 14,Completed,Cyberdyne Ltd - CLM Implementation,PHS-00476,Getting Started,Yusuf Rossi,,2026-02-21,2026-03-01,37.04,,,,"Document integration 3, Document data model 7, Review data model 8, Deploy playbook 13",,,,,2026-02-21,2026-02-22,0.00,,true,Program Management
PRJ-0136,TSK-002594,Document playbook 15,To do,Cyberdyne Ltd - CLM Implementation,PHS-00479,Configure & Build,,,2026-02-22,2026-02-23,0.00,,,,,,,,,,,0.00,,true,Program Management
PRJ-0136,TSK-002595,Review permission set 16,Completed,Cyberdyne Ltd - CLM Implementation,PHS-00479,Configure & Build,Yusuf Rossi,,2026-02-23,2026-03-11,35.28,,,,Deploy integration 2,,,,,2026-02-23,2026-03-13,0.00,,true,Project Setup
PRJ-0136,TSK-002596,Validate playbook 17,Completed,Cyberdyne Ltd - CLM Implementation,PHS-00476,Getting Started,Elena Sato,,2026-02-24,2026-02-26,2.86,,,,Document integration 3,,,,,2026-02-24,2026-03-10,0.00,,true,Transition
PRJ-0136,TSK-002597,Train playbook 18,Completed,Cyberdyne Ltd - CLM Implementation,PHS-00476,Getting Started,Kwame Rossi,,2026-02-25,2026-03-12,21.10,,,,"Document integration 3, Review data model 8, Deploy data model 9, Deploy playbook 13, Validate playbook 17",,,,,2026-02-25,2026-02-27,0.00,,true,Test Execution
PRJ-0136,TSK-002598,Deploy workflow 19,In progress,Cyberdyne Ltd - CLM Implementation,PHS-00478,Discover & Design,Elena Sato,,2026-02-26,2026-03-05,0.00,,,,Train playbook 18,,,,,2026-02-26,,0.00,,true,Test Execution
PRJ-0136,TSK-002599,Document report 20,Completed,Cyberdyne Ltd - CLM Implementation,PHS-00476,Getting Started,Kwame Rossi,,2026-02-27,2026-03-21,10.29,,,,"Validate report 4, Review environment 5, Document data model 7, Deploy playbook 13",,,,,2026-02-27,2026-03-17,0.00,,true,
PRJ-0136,TSK-002600,Configure environment 21,Completed,Cyberdyne Ltd - CLM Implementation,PHS-00479,Configure & Build,,,2026-02-28,2026-03-05,0.00,,,,"Validate report 4, Document data model 7, Deploy playbook 13",,,,,2026-02-28,2026-03-09,0.00,,true,Test Execution
PRJ-0136,TSK-002601,Review playbook 22,Completed,Cyberdyne Ltd - CLM Implementation,PHS-00478,Discover & Design,Kwame Rossi,,2026-03-01,2026-03-16,28.72,,,,,TSK-002587,Review data model 8,,,2026-03-01,2026-03-14,0.00,,true,Program Management
PRJ-0136,TSK-002602,Train workflow 23,Completed,Cyberdyne Ltd - CLM Implementation,PHS-00478,Discover & Design,Elena Sato,,2026-03-02,2026-03-26,8.27,,,,"Deploy integration 2, Train integration 10, Deploy playbook 14, Review permission set 16",,,,,2026-03-02,2026-04-01,0.00,,true,
PRJ-0136,TSK-002603,Document data model 24,Completed,Cyberdyne Ltd - CLM Implementation,PHS-00476,Getting Started,,,2026-03-03,2026-03-17,13.67,,,,Validate report 4,,,,,2026-03-03,2026-03-11,0.00,,true,Build and Deployment
PRJ-0136,TSK-002604,Audit playbook 25,To do,Cyberdyne Ltd - CLM Implementation,PHS-00479,Configure & Build,Kwame Rossi,,2026-03-04,2026-03-25,29.04,true,,,"Audit integration 1, Document data model 7, Review playbook 22",,,,,,,0.00,,true,Test Execution
PRJ-0136,TSK-002605,Validate report 26,In progress,Cyberdyne Ltd - CLM Implementation,PHS-00477,Initiate,Kwame Rossi,,2026-03-05,2026-03-27,0.00,true,,,"Validate report 4, Train playbook 18",,,,,2026-03-05,,0.00,,true,Test Execution
PRJ-0137,TSK-002606,Audit integration 1,To do,Cyberdyne LLC - Enterprise Rollout,PHS-00480,Getting Started,Ingrid Sato,,2026-01-05,2026-02-04,12.30,,,,,,,,,,,0.00,,true,Discovery
PRJ-0137,TSK-002607,Document workflow 2,To do,Cyberdyne LLC - Enterprise Rollout,PHS-00481,Initiate,Priya Diallo,,2026-01-06,2026-01-18,0.00,,,,Audit integration 1,,,,,,,0.00,,true,Program Management
PRJ-0137,TSK-002608,Validate report 3,Completed,Cyberdyne LLC - Enterprise Rollout,PHS-00480,Getting Started,Marco Sato,,2026-01-07,2026-01-11,17.90,,,,Document workflow 2,,,,,2026-01-07,2026-01-11,0.00,,true,Transition
PRJ-0137,TSK-002609,Audit template 4,In progress,Cyberdyne LLC - Enterprise Rollout,PHS-00482,Discover & Design,Marco Sato,,2026-01-08,2026-01-27,1.41,,,,Validate report 3,,,,,2026-01-08,,0.00,,true,Discovery
PRJ-0137,TSK-002610,Deploy data model 5,To do,Cyberdyne LLC - Enterprise Rollout,PHS-00481,Initiate,Hana Rossi,,2026-01-09,2026-01-27,26.24,,,,Audit template 4,,,,,,,0.00,,true,
PRJ-0137,TSK-002611,Audit integration 6,To do,Cyberdyne LLC - Enterprise Rollout,PHS-00480,Getting Started,Ingrid Sato,,2026-01-10,2026-01-26,39.85,,,,Deploy data model 5,,,,,,,0.00,,true,Build and Deployment
PRJ-0137,TSK-002612,Migrate workflow 7,Completed,Cyberdyne LLC - Enterprise Rollout,PHS-00482,Discover & Design,Daniel Kaya,,2026-01-11,2026-02-07,26.99,,,,Audit integration 6,,,,,2026-01-11,2026-02-08,0.00,,false,Program Management
PRJ-0137,TSK-002613,Audit workflow 8,Blocked,Cyberdyne LLC - Enterprise Rollout,PHS-00480,Getting Started,Priya Diallo,,2026-01-12,2026-02-08,13.37,,,,Migrate workflow 7,,,,,,,0.00,,true,Program Management
PRJ-0137,TSK-002614,Validate integration 9,Blocked,Cyberdyne LLC - Enterprise Rollout,PHS-00480,Getting Started,,,2026-01-13,2026-01-25,33.24,,,,Audit workflow 8,,,,,,,0.00,,false,Project Setup
PRJ-0137,TSK-002615,Train workflow 10,Completed,Cyberdyne LLC - Enterprise Rollout,PHS-00480,Getting Started,,,2026-01-14,2026-01-20,16.92,,,,Validate integration 9,,,,,2026-01-14,2026-01-17,0.00,,true,Transition
PRJ-0137,TSK-002616,Configure report 11,Completed,Cyberdyne LLC - Enterprise Rollout,PHS-00480,Getting Started,,,2026-01-15,2026-02-12,7.18,,,,Train workflow 10,,,,,2026-01-15,2026-02-04,0.00,,true,Test Execution
PRJ-0137,TSK-002617,Audit report 12,Completed,Cyberdyne LLC - Enterprise Rollout,PHS-00480,Getting Started,Marco Sato,,2026-01-16,2026-01-26,4.07,,,,Configure report 11,,,,,2026-01-16,2026-01-29,0.00,,false,
PRJ-0137,TSK-002618,Migrate permission set 13,To do,Cyberdyne LLC - Enterprise Rollout,PHS-00482,Discover & Design,,,2026-01-17,2026-02-06,29.79,,,,"Deploy data model 5, Audit integration 6",,,,,,,0.00,,true,Transition
PRJ-0137,TSK-002619,Migrate template 14,Completed,Cyberdyne LLC - Enterprise Rollout,PHS-00481,Initiate,Priya Diallo,,2026-01-18,2026-02-11,36.87,,,,,,,,,2026-01-18,2026-01-27,0.00,,true,Project Setup
PRJ-0137,TSK-002620,Train environment 15,Completed,Cyberdyne LLC - Enterprise Rollout,PHS-00480,Getting Started,Hana Rossi,,2026-01-19,2026-01-21,2.83,,,,Audit integration 6,,,,,2026-01-19,2026-02-01,0.00,,true,Test Execution
PRJ-0137,TSK-002621,Migrate workflow 16,Completed,Cyberdyne LLC - Enterprise Rollout,PHS-00480,Getting Started,,,2026-01-20,2026-02-14,4.62,,,,,,,,,2026-01-20,2026-01-28,0.00,,true,Transition
PRJ-0137,TSK-002622,Deploy workflow 17,Completed,Cyberdyne LLC - Enterprise Rollout,PHS-00481,Initiate,Daniel Kaya,,2026-01-21,2026-01-26,17.89,,,,"Audit integration 1, Document workflow 2, Audit workflow 8, Train workflow 10, Train environment 15",,,,,2026-01-21,2026-02-15,0.00,,true,Project Setup
PRJ-0137,TSK-002623,Configure integration 18,Blocked,Cyberdyne LLC - Enterprise Rollout,PHS-00481,Initiate,Marco Sato,,2026-01-22,2026-02-01,8.19,,,,"Validate report 3, Migrate workflow 7, Train workflow 10, Configure report 11, Deploy workflow 17",,,,,,,0.00,,true,Test Execution
PRJ-0137,TSK-002624,Review permission set 19,Completed,Cyberdyne LLC - Enterprise Rollout,PHS-00482,Discover & Design,,,2026-01-23,2026-02-19,20.76,,,,"Audit integration 1, Audit template 4, Audit integration 6, Migrate workflow 7, Audit workflow 8, Train environment 15",,,,,2026-01-23,2026-02-10,0.00,,true,Project Setup
PRJ-0137,TSK-002625,Configure permission set 20,Completed,Cyberdyne LLC - Enterprise Rollout,PHS-00482,Discover & Design,,,2026-01-24,2026-02-06,1.25,,,,"Audit workflow 8, Train workflow 10, Migrate permission set 13, Review permission set 19",,,,,2026-01-24,2026-02-04,0.00,,true,Test Execution
PRJ-0137,TSK-002626,Validate playbook 21,In progress,Cyberdyne LLC - Enterprise Rollout,PHS-00480,Getting Started,,,2026-01-25,2026-01-27,37.72,,,,"Audit template 4, Migrate workflow 7, Configure permission set 20",,,,,2026-01-25,,0.00,,true,Project Setup
PRJ-0137,TSK-002627,Train data model 22,Completed,Cyberdyne LLC - Enterprise Rollout,PHS-00482,Discover & Design,Hana Rossi,,2026-01-26,2026-02-09,24.09,,,,"Document workflow 2, Migrate workflow 7, Migrate template 14, Train environment 15, Configure permission set 20",,,,,2026-01-26,2026-01-30,0.00,,true,Transition
PRJ-0137,TSK-002628,Review workflow 23,To do,Cyberdyne LLC - Enterprise Rollout,PHS-00480,Getting Started,Priya Diallo,,2026-01-27,2026-02-10,0.00,,,,"Document workflow 2, Audit integration 6, Migrate permission set 13, Deploy workflow 17",,,,,,,0.00,,true,Build and Deployment
PRJ-0137,TSK-002629,Validate integration 24,To do,Cyberdyne LLC - Enterprise Rollout,PHS-00481,Initiate,Hana Rossi,,2026-01-28,2026-02-26,0.00,,,,,TSK-002611,Audit integration 6,,,,,0.00,,false,Discovery
PRJ-0137,TSK-002630,Configure report 25,In progress,Cyberdyne LLC - Enterprise Rollout,PHS-00481,Initiate,,,2026-01-29,2026-02-25,9.73,,,,"Migrate template 14, Train environment 15, Review permission set 19",,,,,2026-01-29,,0.00,,false,Transition
PRJ-0137,TSK-002631,Train environment 26,NA,Cyberdyne LLC - Enterprise Rollout,PHS-00480,Getting Started,,,2026-01-30,2026-02-11,0.00,,,,"Audit template 4, Train workflow 10, Configure report 11, Migrate permission set 13, Configure permission set 20",,,,,,,0.00,,true,Project Setup
PRJ-0137,TSK-002632,Validate report 27,To do,Cyberdyne LLC - Enterprise Rollout,PHS-00482,Discover & Design,Priya Diallo,,2026-01-31,2026-02-24,0.00,,,,"Audit workflow 8, Validate integration 9, Configure report 11, Configure permission set 20",,,,,,,0.00,,true,Transition
PRJ-0137,TSK-002633,Review template 28,Completed,Cyberdyne LLC - Enterprise Rollout,PHS-00481,Initiate,Hana Rossi,,2026-02-01,2026-02-24,32.06,true,,,,,,,,2026-02-01,2026-02-18,0.00,,false,Build and Deployment
PRJ-0137,TSK-002634,Validate data model 29,NA,Cyberdyne LLC - Enterprise Rollout,PHS-00482,Discover & Design,Priya Diallo,,2026-02-02,2026-02-16,37.67,true,,,,,,,,,,0.00,,false,Build and Deployment
PRJ-0137,TSK-002635,Configure permission set 30,Completed,Cyberdyne LLC - Enterprise Rollout,PHS-00480,Getting Started,Hana Rossi,,2026-02-03,2026-03-01,2.12,true,,,,,,,,2026-02-03,2026-03-04,0.00,,true,Program Management
PRJ-0138,TSK-002636,Train playbook 1,NA,Wonka GmbH - CLM Implementation,PHS-00488,Transfer,Noah Novak,,2026-04-02,2026-04-03,0.00,,,,,,,,,,,0.00,,true,Build and Deployment
PRJ-0138,TSK-002637,Migrate permission set 2,Completed,Wonka GmbH - CLM Implementation,PHS-00485,Discover & Design,Amara Diallo,,2026-04-03,2026-04-20,39.38,,,,Train playbook 1,,,,,2026-04-03,2026-04-29,0.00,,true,
PRJ-0138,TSK-002638,Train playbook 3,To do,Wonka GmbH - CLM Implementation,PHS-00488,Transfer,,,2026-04-04,2026-04-26,0.00,,,,Migrate permission set 2,,,,,,,0.00,,false,
PRJ-0138,TSK-002639,Validate integration 4,Completed,Wonka GmbH - CLM Implementation,PHS-00488,Transfer,,,2026-04-05,2026-04-13,6.25,,,,Train playbook 3,,,,,2026-04-05,2026-04-19,0.00,,true,Program Management
PRJ-0138,TSK-002640,Configure permission set 5,In progress,Wonka GmbH - CLM Implementation,PHS-00485,Discover & Design,Yusuf Rossi,,2026-04-06,2026-04-18,38.46,,,,Validate integration 4,,,,,2026-04-06,,0.00,,false,Test Execution
PRJ-0138,TSK-002641,Review template 6,Completed,Wonka GmbH - CLM Implementation,PHS-00488,Transfer,Amara Berg,,2026-04-07,2026-04-14,21.36,,,,Configure permission set 5,,,,,2026-04-07,2026-04-08,0.00,,false,Discovery
PRJ-0138,TSK-002642,Deploy template 7,In progress,Wonka GmbH - CLM Implementation,PHS-00486,Configure & Build,,,2026-04-08,2026-05-07,0.00,,,,Review template 6,,,,,2026-04-08,,0.00,,false,Transition
PRJ-0138,TSK-002643,Migrate workflow 8,Blocked,Wonka GmbH - CLM Implementation,PHS-00487,Test,Yusuf Rossi,,2026-04-09,2026-04-26,0.00,,,,Deploy template 7,,,,,,,0.00,,true,Project Setup
PRJ-0138,TSK-002644,Review playbook 9,In progress,Wonka GmbH - CLM Implementation,PHS-00483,Getting Started,Amara Berg,,2026-04-10,2026-05-01,14.62,,,,Migrate workflow 8,,,,,2026-04-10,,0.00,,true,Transition
PRJ-0138,TSK-002645,Review data model 10,Completed,Wonka GmbH - CLM Implementation,PHS-00484,Initiate,,,2026-04-11,2026-05-06,13.63,,,,Review playbook 9,,,,,2026-04-11,2026-05-07,0.00,,true,Test Execution
PRJ-0138,TSK-002646,Configure report 11,Completed,Wonka GmbH - CLM Implementation,PHS-00484,Initiate,,,2026-04-12,2026-04-14,6.51,,,,Review data model 10,,,,,2026-04-12,2026-04-20,0.00,,true,Project Setup
PRJ-0138,TSK-002647,Train report 12,To do,Wonka GmbH - CLM Implementation,PHS-00485,Discover & Design,Yusuf Rossi,,2026-04-13,2026-05-01,7.59,,,,Configure report 11,,,,,,,0.00,,true,Build and Deployment
PRJ-0138,TSK-002648,Audit template 13,Completed,Wonka GmbH - CLM Implementation,PHS-00488,Transfer,,,2026-04-14,2026-05-03,20.12,,,,,,,,,2026-04-14,2026-05-03,0.00,,true,Project Setup
PRJ-0138,TSK-002649,Migrate playbook 14,Completed,Wonka GmbH - CLM Implementation,PHS-00484,Initiate,Yusuf Rossi,,2026-04-15,2026-04-17,15.51,,,,"Configure permission set 5, Deploy template 7, Review playbook 9",,,,,2026-04-15,2026-04-21,0.00,,true,Test Execution
PRJ-0138,TSK-002650,Configure playbook 15,To do,Wonka GmbH - CLM Implementation,PHS-00484,Initiate,,,2026-04-16,2026-04-17,23.83,,,,"Train playbook 1, Configure permission set 5, Review template 6, Deploy template 7, Audit template 13",,,,,,,0.00,,true,
PRJ-0138,TSK-002651,Train permission set 16,Completed,Wonka GmbH - CLM Implementation,PHS-00486,Configure & Build,,,2026-04-17,2026-05-05,25.08,,,,,,,,,2026-04-17,2026-04-25,0.00,,true,Transition
PRJ-0138,TSK-002652,Review permission set 17,To do,Wonka GmbH - CLM Implementation,PHS-00486,Configure & Build,Yusuf Rossi,,2026-04-18,2026-05-01,0.00,,,,"Train playbook 1, Review template 6, Deploy template 7, Review data model 10",,,,,,,0.00,,true,Test Execution
PRJ-0138,TSK-002653,Migrate workflow 18,Completed,Wonka GmbH - CLM Implementation,PHS-00488,Transfer,Yusuf Rossi,,2026-04-19,2026-04-28,7.50,,,,,TSK-002640,Configure permission set 5,,,2026-04-19,2026-05-08,0.00,,true,Transition
PRJ-0138,TSK-002654,Review permission set 19,NA,Wonka GmbH - CLM Implementation,PHS-00484,Initiate,Amara Diallo,,2026-04-20,2026-04-24,39.82,,,,,TSK-002642,Deploy template 7,,,,,0.00,,true,Build and Deployment
PRJ-0138,TSK-002655,Migrate data model 20,To do,Wonka GmbH - CLM Implementation,PHS-00486,Configure & Build,Elena Sato,,2026-04-21,2026-04-28,12.88,true,,,"Migrate permission set 2, Configure report 11",,,,,,,0.00,,true,Discovery
PRJ-0138,TSK-002656,Validate report 21,Completed,Wonka GmbH - CLM Implementation,PHS-00485,Discover & Design,Amara Diallo,,2026-04-22,2026-05-17,17.11,true,,,"Train playbook 3, Configure permission set 5, Review template 6, Migrate workflow 8",,,,,2026-04-22,2026-04-24,0.00,,true,Test Execution
PRJ-0139,TSK-002657,Train workflow 1,Completed,Acme LLC - Phase 1 Implementation,PHS-00490,Initiate,Marco Sato,,2026-06-09,2026-07-06,1.48,,,,,,,,,2026-06-09,2026-06-21,0.00,,false,Program Management
PRJ-0139,TSK-002658,Document template 2,To do,Acme LLC - Phase 1 Implementation,PHS-00491,Discover & Design,,,2026-06-10,2026-06-17,22.04,,,,Train workflow 1,,,,,,,0.00,,true,Program Management
PRJ-0139,TSK-002659,Document template 3,To do,Acme LLC - Phase 1 Implementation,PHS-00490,Initiate,Marco Sato,,2026-06-11,2026-06-15,0.00,,,,Document template 2,,,,,,,0.00,,true,Discovery
PRJ-0139,TSK-002660,Review data model 4,Completed,Acme LLC - Phase 1 Implementation,PHS-00490,Initiate,Marco Sato,,2026-06-12,2026-06-27,34.55,,,,Document template 3,,,,,2026-06-12,2026-06-28,0.00,,true,Discovery
PRJ-0139,TSK-002661,Audit workflow 5,Completed,Acme LLC - Phase 1 Implementation,PHS-00491,Discover & Design,,,2026-06-13,2026-07-02,35.33,,,,Review data model 4,,,,,2026-06-13,2026-06-28,0.00,,false,Project Setup
PRJ-0139,TSK-002662,Train workflow 6,Completed,Acme LLC - Phase 1 Implementation,PHS-00491,Discover & Design,,,2026-06-14,2026-07-09,0.00,,,,Audit workflow 5,,,,,2026-06-14,2026-06-16,0.00,,true,Project Setup
PRJ-0139,TSK-002663,Deploy playbook 7,To do,Acme LLC - Phase 1 Implementation,PHS-00489,Getting Started,Lena Kaya,,2026-06-15,2026-06-16,14.46,,,,Train workflow 6,,,,,,,0.00,,true,Project Setup
PRJ-0139,TSK-002664,Validate playbook 8,Completed,Acme LLC - Phase 1 Implementation,PHS-00490,Initiate,Marco Sato,,2026-06-16,2026-07-15,0.57,,,,Deploy playbook 7,,,,,2026-06-16,2026-06-18,0.00,,true,Test Execution
PRJ-0139,TSK-002665,Audit data model 9,In progress,Acme LLC - Phase 1 Implementation,PHS-00490,Initiate,,,2026-06-17,2026-07-13,0.00,,,,Validate playbook 8,,,,,2026-06-17,,0.00,,true,Discovery
PRJ-0139,TSK-002666,Validate data model 10,In progress,Acme LLC - Phase 1 Implementation,PHS-00492,Configure & Build,Lena Kaya,,2026-06-18,2026-06-26,0.00,,,,Audit data model 9,,,,,2026-06-18,,0.00,,true,Program Management
PRJ-0139,TSK-002667,Train integration 11,Completed,Acme LLC - Phase 1 Implementation,PHS-00489,Getting Started,Lena Kaya,,2026-06-19,2026-07-12,12.09,,,,Validate data model 10,,,,,2026-06-19,2026-07-05,0.00,,true,Discovery
PRJ-0139,TSK-002668,Review workflow 12,Completed,Acme LLC - Phase 1 Implementation,PHS-00492,Configure & Build,Lena Kaya,,2026-06-20,2026-07-10,28.68,,,,Train integration 11,,,,,2026-06-20,2026-07-10,0.00,,true,Project Setup
PRJ-0139,TSK-002669,Migrate data model 13,Completed,Acme LLC - Phase 1 Implementation,PHS-00490,Initiate,,,2026-06-21,2026-06-27,0.00,,,,Deploy playbook 7,,,,,2026-06-21,2026-06-29,0.00,,true,Project Setup
PRJ-0139,TSK-002670,Validate data model 14,In progress,Acme LLC - Phase 1 Implementation,PHS-00490,Initiate,,,2026-06-22,2026-07-14,0.00,,,,"Document template 3, Review data model 4, Audit workflow 5",,,,,2026-06-22,,0.00,,true,Program Management
PRJ-0139,TSK-002671,Audit environment 15,Completed,Acme LLC - Phase 1 Implementation,PHS-00490,Initiate,Marco Sato,,2026-06-23,2026-07-23,0.05,,,,,,,,,2026-06-23,2026-07-02,0.00,,true,Transition
PRJ-0139,TSK-002672,Validate permission set 16,To do,Acme LLC - Phase 1 Implementation,PHS-00491,Discover & Design,Lena Kaya,,2026-06-24,2026-07-14,0.00,,,,,,,,,,,0.00,,true,Build and Deployment
PRJ-0139,TSK-002673,Review template 17,Completed,Acme LLC - Phase 1 Implementation,PHS-00490,Initiate,,,2026-06-25,2026-06-29,0.00,,,,Train workflow 6,,,,,2026-06-25,2026-07-20,0.00,,true,Test Execution
PRJ-0139,TSK-002674,Train data model 18,Completed,Acme LLC - Phase 1 Implementation,PHS-00492,Configure & Build,Lena Kaya,,2026-06-26,2026-07-11,0.00,,,,,,,,,2026-06-26,2026-07-15,0.00,,true,Transition
PRJ-0139,TSK-002675,Review data model 19,Completed,Acme LLC - Phase 1 Implementation,PHS-00491,Discover & Design,,,2026-06-27,2026-07-22,30.38,,,,,,,,,2026-06-27,2026-07-12,0.00,,true,Test Execution
PRJ-0139,TSK-002676,Configure workflow 20,Completed,Acme LLC - Phase 1 Implementation,PHS-00490,Initiate,Marco Sato,,2026-06-28,2026-07-08,0.00,,,,,,,,,2026-06-28,2026-07-01,0.00,,true,Build and Deployment
PRJ-0139,TSK-002677,Train report 21,Completed,Acme LLC - Phase 1 Implementation,PHS-00489,Getting Started,Lena Kaya,,2026-06-29,2026-07-04,37.31,,,,,,,,,2026-06-29,2026-07-23,0.00,,true,Project Setup
PRJ-0139,TSK-002678,Audit permission set 22,To do,Acme LLC - Phase 1 Implementation,PHS-00492,Configure & Build,,,2026-06-30,2026-07-07,0.00,,,,"Document template 2, Train integration 11, Review template 17, Train data model 18, Review data model 19, Train report 21",,,,,,,0.00,,false,Project Setup
PRJ-0139,TSK-002679,Train integration 23,Completed,Acme LLC - Phase 1 Implementation,PHS-00492,Configure & Build,Lena Kaya,,2026-07-01,2026-07-14,32.86,,,,,,,,,2026-07-01,2026-07-18,0.00,,false,Build and Deployment
PRJ-0139,TSK-002680,Audit integration 24,Completed,Acme LLC - Phase 1 Implementation,PHS-00489,Getting Started,Marco Sato,,2026-07-02,2026-07-16,23.71,,,,"Train workflow 1, Document template 3, Deploy playbook 7, Validate data model 14, Review template 17, Review data model 19",,,,,2026-07-02,2026-07-21,0.00,,false,Transition
PRJ-0139,TSK-002681,Migrate workflow 25,Blocked,Acme LLC - Phase 1 Implementation,PHS-00491,Discover & Design,Lena Kaya,,2026-07-03,2026-07-22,1.23,,,,,,,,,,,0.00,,false,Build and Deployment
PRJ-0139,TSK-002682,Review data model 26,Completed,Acme LLC - Phase 1 Implementation,PHS-00491,Discover & Design,,,2026-07-04,2026-07-11,0.00,,,,"Audit environment 15, Review template 17",,,,,2026-07-04,2026-07-14,0.00,,false,Transition
PRJ-0139,TSK-002683,Migrate report 27,Completed,Acme LLC - Phase 1 Implementation,PHS-00492,Configure & Build,,,2026-07-05,2026-07-31,7.57,true,,,Review data model 4,,,,,2026-07-05,2026-07-18,0.00,,true,Build and Deployment
PRJ-0139,TSK-002684,Configure permission set 28,In progress,Acme LLC - Phase 1 Implementation,PHS-00491,Discover & Design,Lena Kaya,,2026-07-06,2026-07-23,0.00,true,,,"Validate data model 10, Audit environment 15, Configure workflow 20, Migrate workflow 25",,,,,2026-07-06,,0.00,,true,Program Management
PRJ-0140,TSK-002685,Audit report 1,To do,Stark Inc - Migration,PHS-00497,Test,,,2026-05-03,2026-06-02,28.70,,,,,,,,,,,0.00,,true,
PRJ-0140,TSK-002686,Validate permission set 2,Blocked,Stark Inc - Migration,PHS-00493,Getting Started,Mei Kaya,,2026-05-04,2026-05-19,38.06,,,,Audit report 1,,,,,,,0.00,,true,Discovery
PRJ-0140,TSK-002687,Audit integration 3,In progress,Stark Inc - Migration,PHS-00495,Discover & Design,Mei Kaya,,2026-05-05,2026-06-03,0.00,,,,Validate permission set 2,,,,,2026-05-05,,0.00,,true,Project Setup
PRJ-0140,TSK-002688,Configure template 4,Completed,Stark Inc - Migration,PHS-00496,Configure & Build,Hana Kaya,,2026-05-06,2026-05-12,14.73,,,,Audit integration 3,,,,,2026-05-06,2026-05-17,0.00,,true,Test Execution
PRJ-0140,TSK-002689,Migrate data model 5,Completed,Stark Inc - Migration,PHS-00494,Initiate,Hana Kaya,,2026-05-07,2026-05-08,33.21,,,,Configure template 4,,,,,2026-05-07,2026-05-17,0.00,,true,Transition
PRJ-0140,TSK-002690,Review integration 6,Completed,Stark Inc - Migration,PHS-00497,Test,,,2026-05-08,2026-06-05,6.27,,,,Migrate data model 5,,,,,2026-05-08,2026-05-29,0.00,,true,Test Execution
PRJ-0140,TSK-002691,Review playbook 7,Completed,Stark Inc - Migration,PHS-00496,Configure & Build,Mei Kaya,,2026-05-09,2026-05-30,28.45,,,,Review integration 6,,,,,2026-05-09,2026-06-01,0.00,,true,Transition
PRJ-0140,TSK-002692,Migrate template 8,Completed,Stark Inc - Migration,PHS-00493,Getting Started,,,2026-05-10,2026-05-14,27.50,,,,Review playbook 7,,,,,2026-05-10,2026-06-04,0.00,,true,
PRJ-0140,TSK-002693,Train environment 9,Completed,Stark Inc - Migration,PHS-00495,Discover & Design,,,2026-05-11,2026-06-06,38.69,,,,Migrate template 8,,,,,2026-05-11,2026-05-19,0.00,,true,Build and Deployment
PRJ-0140,TSK-002694,Document template 10,In progress,Stark Inc - Migration,PHS-00496,Configure & Build,Mei Kaya,,2026-05-12,2026-06-09,0.00,,,,Train environment 9,,,,,2026-05-12,,0.00,,true,Build and Deployment
PRJ-0140,TSK-002695,Validate environment 11,Completed,Stark Inc - Migration,PHS-00497,Test,Mei Kaya,,2026-05-13,2026-05-31,36.82,,,,Document template 10,,,,,2026-05-13,2026-05-21,0.00,,true,
PRJ-0140,TSK-002696,Migrate permission set 12,Completed,Stark Inc - Migration,PHS-00496,Configure & Build,,,2026-05-14,2026-05-31,36.73,,,,Validate environment 11,,,,,2026-05-14,2026-06-02,0.00,,true,
PRJ-0140,TSK-002697,Configure template 13,To do,Stark Inc - Migration,PHS-00494,Initiate,,,2026-05-15,2026-06-14,26.11,,,,"Review integration 6, Validate environment 11",,,,,,,0.00,,false,Transition
PRJ-0140,TSK-002698,Review environment 14,Completed,Stark Inc - Migration,PHS-00494,Initiate,,,2026-05-16,2026-06-14,35.75,,,,"Configure template 4, Train environment 9, Document template 10",,,,,2026-05-16,2026-05-22,0.00,,true,Project Setup
PRJ-0140,TSK-002699,Review data model 15,Completed,Stark Inc - Migration,PHS-00495,Discover & Design,Mei Kaya,,2026-05-17,2026-06-07,6.17,,,,,TSK-002697,Configure template 13,,,2026-05-17,2026-05-23,0.00,,true,Program Management
PRJ-0140,TSK-002700,Migrate data model 16,Completed,Stark Inc - Migration,PHS-00494,Initiate,Mei Kaya,,2026-05-18,2026-05-19,30.78,,,,"Audit integration 3, Configure template 4, Review environment 14",,,,,2026-05-18,2026-05-20,0.00,,true,Project Setup
PRJ-0140,TSK-002701,Configure workflow 17,NA,Stark Inc - Migration,PHS-00496,Configure & Build,Mei Kaya,,2026-05-19,2026-05-23,0.00,,,,,TSK-002690,Review integration 6,,,,,0.00,,false,
PRJ-0140,TSK-002702,Migrate environment 18,To do,Stark Inc - Migration,PHS-00495,Discover & Design,Hana Kaya,,2026-05-20,2026-05-26,27.57,,,,,,,,,,,0.00,,true,Test Execution
PRJ-0140,TSK-002703,Audit template 19,Completed,Stark Inc - Migration,PHS-00494,Initiate,Hana Kaya,,2026-05-21,2026-05-23,9.79,,,,,TSK-002686,Validate permission set 2,,,2026-05-21,2026-06-16,0.00,,true,Transition
PRJ-0140,TSK-002704,Validate template 20,Completed,Stark Inc - Migration,PHS-00496,Configure & Build,,,2026-05-22,2026-05-29,22.39,,,,"Audit report 1, Review integration 6, Validate environment 11, Migrate environment 18",,,,,2026-05-22,2026-05-28,0.00,,true,Transition
PRJ-0140,TSK-002705,Validate workflow 21,To do,Stark Inc - Migration,PHS-00494,Initiate,Mei Kaya,,2026-05-23,2026-06-21,0.00,,,,Document template 10,,,,,,,0.00,,true,Program Management
PRJ-0140,TSK-002706,Configure workflow 22,To do,Stark Inc - Migration,PHS-00495,Discover & Design,Hana Kaya,,2026-05-24,2026-05-26,26.85,,,,Validate workflow 21,,,,,,,0.00,,true,Program Management
PRJ-0140,TSK-002707,Configure data model 23,Blocked,Stark Inc - Migration,PHS-00496,Configure & Build,,,2026-05-25,2026-06-04,20.79,,,,"Audit report 1, Configure template 4, Document template 10, Migrate environment 18, Audit template 19",,,,,,,0.00,,true,Transition
PRJ-0140,TSK-002708,Configure template 24,NA,Stark Inc - Migration,PHS-00497,Test,Mei Kaya,,2026-05-26,2026-06-24,0.00,,,,,,,,,,,0.00,,true,
PRJ-0140,TSK-002709,Configure template 25,Completed,Stark Inc - Migration,PHS-00494,Initiate,Mei Kaya,,2026-05-27,2026-05-28,0.00,,,,"Train environment 9, Validate environment 11, Configure data model 23",,,,,2026-05-27,2026-06-08,0.00,,true,Test Execution
PRJ-0140,TSK-002710,Deploy environment 26,Completed,Stark Inc - Migration,PHS-00494,Initiate,Hana Kaya,,2026-05-28,2026-06-08,0.00,,,,,,,,,2026-05-28,2026-05-30,0.00,,true,Project Setup
PRJ-0140,TSK-002711,Validate permission set 27,Completed,Stark Inc - Migration,PHS-00496,Configure & Build,Mei Kaya,,2026-05-29,2026-06-24,20.70,,,,"Audit report 1, Migrate template 8, Train environment 9, Review data model 15, Validate workflow 21",,,,,2026-05-29,2026-06-03,0.00,,true,Project Setup
PRJ-0140,TSK-002712,Document environment 28,Completed,Stark Inc - Migration,PHS-00497,Test,,,2026-05-30,2026-06-04,15.12,,,,,,,,,2026-05-30,2026-06-24,0.00,,true,Discovery
PRJ-0140,TSK-002713,Validate workflow 29,Completed,Stark Inc - Migration,PHS-00497,Test,Mei Kaya,,2026-05-31,2026-06-18,11.87,true,,,"Document template 10, Document environment 28",,,,,2026-05-31,2026-06-04,0.00,,false,Discovery
PRJ-0140,TSK-002714,Migrate permission set 30,Completed,Stark Inc - Migration,PHS-00493,Getting Started,Mei Kaya,,2026-06-01,2026-06-09,29.94,true,,,"Validate permission set 2, Migrate data model 5",,,,,2026-06-01,2026-06-06,0.00,,true,Discovery
PRJ-0140,TSK-002715,Review environment 31,In progress,Stark Inc - Migration,PHS-00496,Configure & Build,Hana Kaya,,2026-06-02,2026-07-02,7.68,true,,,,,,,,2026-06-02,,0.00,,true,Build and Deployment
PRJ-0141,TSK-002716,Deploy workflow 1,Completed,Northwind LLC - Enterprise Rollout,PHS-00498,Getting Started,,,2026-07-19,2026-07-30,11.88,,,,,,,,,2026-07-19,2026-08-04,0.00,,true,Transition
PRJ-0141,TSK-002717,Configure environment 2,Completed,Northwind LLC - Enterprise Rollout,PHS-00499,Initiate,,,2026-07-20,2026-08-17,5.99,,,,Deploy workflow 1,,,,,2026-07-20,2026-07-30,0.00,,true,Transition
PRJ-0141,TSK-002718,Deploy environment 3,Completed,Northwind LLC - Enterprise Rollout,PHS-00499,Initiate,Zara Kaya,,2026-07-21,2026-08-16,0.00,,,,Configure environment 2,,,,,2026-07-21,2026-08-19,0.00,,true,Transition
PRJ-0141,TSK-002719,Document report 4,Completed,Northwind LLC - Enterprise Rollout,PHS-00500,Discover & Design,Zara Kaya,,2026-07-22,2026-07-30,4.18,,,,Deploy environment 3,,,,,2026-07-22,2026-07-26,0.00,,true,Project Setup
PRJ-0141,TSK-002720,Configure report 5,Completed,Northwind LLC - Enterprise Rollout,PHS-00499,Initiate,Zara Kaya,,2026-07-23,2026-07-30,0.00,,,,Document report 4,,,,,2026-07-23,2026-08-03,0.00,,false,Program Management
PRJ-0141,TSK-002721,Audit data model 6,Completed,Northwind LLC - Enterprise Rollout,PHS-00498,Getting Started,,,2026-07-24,2026-08-08,31.36,,,,Configure report 5,,,,,2026-07-24,2026-08-23,0.00,,true,Transition
PRJ-0141,TSK-002722,Document workflow 7,Completed,Northwind LLC - Enterprise Rollout,PHS-00500,Discover & Design,Arjun Sato,,2026-07-25,2026-08-19,24.76,,,,Audit data model 6,,,,,2026-07-25,2026-08-06,0.00,,true,Build and Deployment
PRJ-0141,TSK-002723,Configure workflow 8,Completed,Northwind LLC - Enterprise Rollout,PHS-00500,Discover & Design,Zara Kaya,,2026-07-26,2026-08-06,18.66,,,,Document workflow 7,,,,,2026-07-26,2026-08-07,0.00,,true,Test Execution
PRJ-0141,TSK-002724,Deploy report 9,Completed,Northwind LLC - Enterprise Rollout,PHS-00499,Initiate,Arjun Sato,,2026-07-27,2026-08-15,39.08,,,,Configure workflow 8,,,,,2026-07-27,2026-08-12,0.00,,true,
PRJ-0141,TSK-002725,Review report 10,Completed,Northwind LLC - Enterprise Rollout,PHS-00500,Discover & Design,Zara Kaya,,2026-07-28,2026-08-01,3.49,,,,Deploy report 9,,,,,2026-07-28,2026-08-14,0.00,,true,Discovery
PRJ-0141,TSK-002726,Validate permission set 11,Completed,Northwind LLC - Enterprise Rollout,PHS-00499,Initiate,,,2026-07-29,2026-08-05,6.90,,,,Review report 10,,,,,2026-07-29,2026-08-07,0.00,,true,Build and Deployment
PRJ-0141,TSK-002727,Review report 12,Completed,Northwind LLC - Enterprise Rollout,PHS-00498,Getting Started,Zara Kaya,,2026-07-30,2026-08-05,8.03,,,,Validate permission set 11,,,,,2026-07-30,2026-08-15,0.00,,true,
PRJ-0141,TSK-002728,Audit data model 13,Completed,Northwind LLC - Enterprise Rollout,PHS-00499,Initiate,Zara Kaya,,2026-07-31,2026-08-09,30.27,,,,,,,,,2026-07-31,2026-08-18,0.00,,false,Discovery
PRJ-0141,TSK-002729,Review environment 14,Completed,Northwind LLC - Enterprise Rollout,PHS-00500,Discover & Design,,,2026-08-01,2026-08-09,2.69,,,,,,,,,2026-08-01,2026-08-06,0.00,,true,Program Management
PRJ-0141,TSK-002730,Migrate integration 15,Completed,Northwind LLC - Enterprise Rollout,PHS-00499,Initiate,Zara Kaya,,2026-08-02,2026-08-31,13.50,,,,,,,,,2026-08-02,2026-08-26,0.00,,true,Test Execution
PRJ-0141,TSK-002731,Deploy integration 16,Completed,Northwind LLC - Enterprise Rollout,PHS-00499,Initiate,Zara Kaya,,2026-08-03,2026-08-31,12.67,,,,"Configure environment 2, Review report 10, Validate permission set 11, Audit data model 13, Migrate integration 15",,,,,2026-08-03,2026-08-19,0.00,,true,Project Setup
PRJ-0141,TSK-002732,Deploy integration 17,Completed,Northwind LLC - Enterprise Rollout,PHS-00500,Discover & Design,Arjun Sato,,2026-08-04,2026-08-12,11.14,,,,,,,,,2026-08-04,2026-09-02,0.00,,true,Transition
PRJ-0141,TSK-002733,Configure template 18,Completed,Northwind LLC - Enterprise Rollout,PHS-00500,Discover & Design,,,2026-08-05,2026-08-08,28.28,,,,"Configure workflow 8, Validate permission set 11, Audit data model 13, Migrate integration 15, Deploy integration 17",,,,,2026-08-05,2026-08-06,0.00,,true,Project Setup
PRJ-0141,TSK-002734,Migrate report 19,Completed,Northwind LLC - Enterprise Rollout,PHS-00498,Getting Started,Zara Kaya,,2026-08-06,2026-08-14,36.45,,,,,,,,,2026-08-06,2026-08-23,0.00,,true,Discovery
PRJ-0141,TSK-002735,Configure environment 20,Completed,Northwind LLC - Enterprise Rollout,PHS-00498,Getting Started,Arjun Sato,,2026-08-07,2026-08-18,36.81,,,,"Audit data model 6, Configure workflow 8, Validate permission set 11, Deploy integration 17",,,,,2026-08-07,2026-08-09,0.00,,false,Discovery
PRJ-0141,TSK-002736,Review workflow 21,Completed,Northwind LLC - Enterprise Rollout,PHS-00498,Getting Started,Arjun Sato,,2026-08-08,2026-09-07,23.68,,,,"Deploy workflow 1, Configure report 5",,,,,2026-08-08,2026-09-01,0.00,,false,Test Execution
PRJ-0141,TSK-002737,Review permission set 22,Completed,Northwind LLC - Enterprise Rollout,PHS-00501,Configure & Build,Arjun Sato,,2026-08-09,2026-08-22,0.00,,,,"Configure environment 2, Configure report 5, Audit data model 6",,,,,2026-08-09,2026-08-21,0.00,,true,Discovery
PRJ-0141,TSK-002738,Document template 23,Completed,Northwind LLC - Enterprise Rollout,PHS-00500,Discover & Design,Arjun Sato,,2026-08-10,2026-08-30,16.97,,,,,,,,,2026-08-10,2026-08-29,0.00,,true,Build and Deployment
PRJ-0141,TSK-002739,Deploy report 24,Completed,Northwind LLC - Enterprise Rollout,PHS-00498,Getting Started,Arjun Sato,,2026-08-11,2026-09-09,35.24,,,,"Migrate integration 15, Document template 23",,,,,2026-08-11,2026-08-17,0.00,,true,Discovery
PRJ-0141,TSK-002740,Migrate report 25,Completed,Northwind LLC - Enterprise Rollout,PHS-00499,Initiate,Zara Kaya,,2026-08-12,2026-09-08,0.00,true,,,"Document report 4, Configure workflow 8, Audit data model 13, Migrate integration 15, Deploy report 24",,,,,2026-08-12,2026-09-11,0.00,,true,Project Setup
PRJ-0141,TSK-002741,Deploy report 26,Completed,Northwind LLC - Enterprise Rollout,PHS-00500,Discover & Design,,,2026-08-13,2026-09-06,0.00,true,,,"Configure report 5, Migrate integration 15, Migrate report 19, Deploy report 24, Migrate report 25",,,,,2026-08-13,2026-08-17,0.00,,true,Build and Deployment
PRJ-0142,TSK-002742,Train workflow 1,Completed,Cyberdyne Ltd - Migration,PHS-00502,Getting Started,,,2026-03-29,2026-04-23,0.00,,,,,,,,,2026-03-29,2026-04-24,0.00,,false,Discovery
PRJ-0142,TSK-002743,Deploy playbook 2,To do,Cyberdyne Ltd - Migration,PHS-00505,Configure & Build,Mei Sato,,2026-03-30,2026-04-10,0.00,,,,Train workflow 1,,,,,,,0.00,,true,Discovery
PRJ-0142,TSK-002744,Train permission set 3,To do,Cyberdyne Ltd - Migration,PHS-00503,Initiate,Zara Kaya,,2026-03-31,2026-04-25,14.66,,,,Deploy playbook 2,,,,,,,0.00,,false,Build and Deployment
PRJ-0142,TSK-002745,Train playbook 4,Completed,Cyberdyne Ltd - Migration,PHS-00505,Configure & Build,Priya Sato,,2026-04-01,2026-04-03,28.46,,,,Train permission set 3,,,,,2026-04-01,2026-04-08,0.00,,true,Transition
PRJ-0142,TSK-002746,Audit environment 5,Completed,Cyberdyne Ltd - Migration,PHS-00503,Initiate,Tomas Novak,,2026-04-02,2026-04-30,21.14,,,,Train playbook 4,,,,,2026-04-02,2026-04-15,0.00,,true,Build and Deployment
PRJ-0142,TSK-002747,Validate playbook 6,NA,Cyberdyne Ltd - Migration,PHS-00505,Configure & Build,Sofia Rossi,,2026-04-03,2026-04-06,0.00,,,,Audit environment 5,,,,,,,0.00,,true,Discovery
PRJ-0142,TSK-002748,Train template 7,Completed,Cyberdyne Ltd - Migration,PHS-00503,Initiate,Sofia Rossi,,2026-04-04,2026-04-22,36.51,,,,Validate playbook 6,,,,,2026-04-04,2026-04-09,0.00,,true,Program Management
PRJ-0142,TSK-002749,Review data model 8,Completed,Cyberdyne Ltd - Migration,PHS-00504,Discover & Design,,,2026-04-05,2026-04-20,11.08,,,,Train template 7,,,,,2026-04-05,2026-04-15,0.00,,true,Discovery
PRJ-0142,TSK-002750,Document report 9,Completed,Cyberdyne Ltd - Migration,PHS-00504,Discover & Design,,,2026-04-06,2026-04-08,11.21,,,,Review data model 8,,,,,2026-04-06,2026-04-15,0.00,,true,
PRJ-0142,TSK-002751,Deploy workflow 10,To do,Cyberdyne Ltd - Migration,PHS-00504,Discover & Design,Priya Sato,,2026-04-07,2026-04-18,11.37,,,,Document report 9,,,,,,,0.00,,true,
PRJ-0142,TSK-002752,Train report 11,Completed,Cyberdyne Ltd - Migration,PHS-00503,Initiate,Sofia Rossi,,2026-04-08,2026-04-11,10.50,,,,Deploy workflow 10,,,,,2026-04-08,2026-04-09,0.00,,true,Transition
PRJ-0142,TSK-002753,Audit integration 12,Completed,Cyberdyne Ltd - Migration,PHS-00504,Discover & Design,Mei Sato,,2026-04-09,2026-04-28,33.58,,,,Train report 11,,,,,2026-04-09,2026-05-01,0.00,,true,Program Management
PRJ-0142,TSK-002754,Document playbook 13,Completed,Cyberdyne Ltd - Migration,PHS-00504,Discover & Design,Sofia Rossi,,2026-04-10,2026-04-29,8.15,,,,,TSK-002753,Audit integration 12,,,2026-04-10,2026-04-14,0.00,,true,Program Management
PRJ-0142,TSK-002755,Migrate permission set 14,Blocked,Cyberdyne Ltd - Migration,PHS-00503,Initiate,Zara Kaya,,2026-04-11,2026-04-15,32.47,,,,"Train playbook 4, Audit environment 5",,,,,,,0.00,,true,
PRJ-0142,TSK-002756,Review integration 15,Completed,Cyberdyne Ltd - Migration,PHS-00502,Getting Started,Zara Kaya,,2026-04-12,2026-04-24,29.89,,,,,,,,,2026-04-12,2026-04-27,0.00,,false,
PRJ-0142,TSK-002757,Audit workflow 16,To do,Cyberdyne Ltd - Migration,PHS-00503,Initiate,Sofia Rossi,,2026-04-13,2026-04-18,0.00,,,,,,,,,,,0.00,,true,Program Management
PRJ-0142,TSK-002758,Review template 17,In progress,Cyberdyne Ltd - Migration,PHS-00505,Configure & Build,,,2026-04-14,2026-04-18,0.00,,,,"Train workflow 1, Deploy playbook 2, Document report 9, Train report 11, Audit workflow 16",,,,,2026-04-14,,0.00,,true,Project Setup
PRJ-0142,TSK-002759,Configure template 18,Completed,Cyberdyne Ltd - Migration,PHS-00505,Configure & Build,Priya Sato,,2026-04-15,2026-04-26,1.36,,,,"Train template 7, Review data model 8, Review integration 15",,,,,2026-04-15,2026-04-30,0.00,,true,Discovery
PRJ-0142,TSK-002760,Migrate playbook 19,In progress,Cyberdyne Ltd - Migration,PHS-00505,Configure & Build,,,2026-04-16,2026-04-17,0.00,,,,,,,,,2026-04-16,,0.00,,true,Program Management
PRJ-0142,TSK-002761,Configure report 20,To do,Cyberdyne Ltd - Migration,PHS-00505,Configure & Build,Sofia Rossi,,2026-04-17,2026-05-07,38.59,,,,,,,,,,,0.00,,true,Transition
PRJ-0142,TSK-002762,Review permission set 21,Completed,Cyberdyne Ltd - Migration,PHS-00505,Configure & Build,,,2026-04-18,2026-05-10,0.00,,,,,,,,,2026-04-18,2026-05-17,0.00,,true,Program Management
PRJ-0142,TSK-002763,Document playbook 22,Completed,Cyberdyne Ltd - Migration,PHS-00503,Initiate,,,2026-04-19,2026-04-30,11.75,,,,,,,,,2026-04-19,2026-04-28,0.00,,true,Program Management
PRJ-0142,TSK-002764,Train data model 23,To do,Cyberdyne Ltd - Migration,PHS-00505,Configure & Build,Zara Kaya,,2026-04-20,2026-05-16,0.16,,,,"Train workflow 1, Deploy playbook 2, Audit workflow 16",,,,,,,0.00,,true,Transition
PRJ-0142,TSK-002765,Review workflow 24,Completed,Cyberdyne Ltd - Migration,PHS-00502,Getting Started,Tomas Novak,,2026-04-21,2026-05-20,0.89,,,,,,,,,2026-04-21,2026-05-18,0.00,,true,Test Execution
PRJ-0142,TSK-002766,Document permission set 25,Completed,Cyberdyne Ltd - Migration,PHS-00503,Initiate,,,2026-04-22,2026-05-03,33.13,,,,Document playbook 13,,,,,2026-04-22,2026-05-10,0.00,,true,Discovery
PRJ-0142,TSK-002767,Migrate template 26,Blocked,Cyberdyne Ltd - Migration,PHS-00505,Configure & Build,Sofia Rossi,,2026-04-23,2026-05-08,0.00,,,,,,,,,,,0.00,,true,Test Execution
PRJ-0142,TSK-002768,Validate permission set 27,Completed,Cyberdyne Ltd - Migration,PHS-00503,Initiate,,,2026-04-24,2026-04-26,0.00,true,,,Review permission set 21,,,,,2026-04-24,2026-05-24,0.00,,true,Program Management
PRJ-0142,TSK-002769,Document integration 28,NA,Cyberdyne Ltd - Migration,PHS-00505,Configure & Build,,,2026-04-25,2026-05-20,0.00,true,,,"Train workflow 1, Train template 7, Migrate playbook 19, Review workflow 24",,,,,,,0.00,,true,Build and Deployment
PRJ-0143,TSK-002770,Audit permission set 1,In progress,Umbrella LLC - Integration Program,PHS-00507,Initiate,Mei Sato,,2026-02-01,2026-02-20,29.17,,,,,,,,,2026-02-01,,0.00,,true,Program Management
PRJ-0143,TSK-002771,Validate environment 2,Completed,Umbrella LLC - Integration Program,PHS-00507,Initiate,,,2026-02-02,2026-02-06,17.54,,,,Audit permission set 1,,,,,2026-02-02,2026-02-25,0.00,,false,Discovery
PRJ-0143,TSK-002772,Configure data model 3,In progress,Umbrella LLC - Integration Program,PHS-00507,Initiate,Mei Sato,,2026-02-03,2026-02-15,0.00,,,,Validate environment 2,,,,,2026-02-03,,0.00,,false,Test Execution
PRJ-0143,TSK-002773,Configure template 4,Completed,Umbrella LLC - Integration Program,PHS-00507,Initiate,Mei Sato,,2026-02-04,2026-02-22,1.11,,,,Configure data model 3,,,,,2026-02-04,2026-03-06,0.00,,true,Transition
PRJ-0143,TSK-002774,Deploy environment 5,To do,Umbrella LLC - Integration Program,PHS-00506,Getting Started,Mei Sato,,2026-02-05,2026-03-07,0.00,,,,Configure template 4,,,,,,,0.00,,true,Test Execution
PRJ-0143,TSK-002775,Validate environment 6,Completed,Umbrella LLC - Integration Program,PHS-00507,Initiate,Mei Sato,,2026-02-06,2026-02-18,2.88,,,,Deploy environment 5,,,,,2026-02-06,2026-02-09,0.00,,true,Discovery
PRJ-0143,TSK-002776,Train workflow 7,Completed,Umbrella LLC - Integration Program,PHS-00507,Initiate,,,2026-02-07,2026-02-10,3.26,,,,Validate environment 6,,,,,2026-02-07,2026-03-08,0.00,,true,Test Execution
PRJ-0143,TSK-002777,Document data model 8,Completed,Umbrella LLC - Integration Program,PHS-00507,Initiate,Mei Sato,,2026-02-08,2026-02-09,38.24,,,,Train workflow 7,,,,,2026-02-08,2026-03-07,0.00,,true,Project Setup
PRJ-0143,TSK-002778,Audit permission set 9,Completed,Umbrella LLC - Integration Program,PHS-00506,Getting Started,Mei Sato,,2026-02-09,2026-03-03,13.26,,,,Document data model 8,,,,,2026-02-09,2026-03-03,0.00,,true,Build and Deployment
PRJ-0143,TSK-002779,Configure playbook 10,To do,Umbrella LLC - Integration Program,PHS-00507,Initiate,Mei Sato,,2026-02-10,2026-02-24,2.79,,,,Audit permission set 9,,,,,,,0.00,,true,Program Management
PRJ-0143,TSK-002780,Deploy permission set 11,To do,Umbrella LLC - Integration Program,PHS-00507,Initiate,Mei Sato,,2026-02-11,2026-02-24,28.71,,,,Configure playbook 10,,,,,,,0.00,,true,
PRJ-0143,TSK-002781,Migrate data model 12,Completed,Umbrella LLC - Integration Program,PHS-00506,Getting Started,Mei Sato,,2026-02-12,2026-03-08,28.76,true,,,Deploy permission set 11,,,,,2026-02-12,2026-02-23,0.00,,true,Discovery
PRJ-0144,TSK-002782,Review template 1,Completed,Hooli GmbH - CLM Implementation,PHS-00509,Initiate,Ingrid Sato,,2026-01-27,2026-02-21,12.41,,,,,,,,,2026-01-27,2026-02-17,0.00,,true,Test Execution
PRJ-0144,TSK-002783,Audit template 2,Completed,Hooli GmbH - CLM Implementation,PHS-00508,Getting Started,Ingrid Sato,,2026-01-28,2026-02-17,29.62,,,,Review template 1,,,,,2026-01-28,2026-02-13,0.00,,true,Project Setup
PRJ-0144,TSK-002784,Migrate workflow 3,Completed,Hooli GmbH - CLM Implementation,PHS-00509,Initiate,Tomas Sato,,2026-01-29,2026-02-20,0.00,,,,Audit template 2,,,,,2026-01-29,2026-02-08,0.00,,true,Test Execution
PRJ-0144,TSK-002785,Audit report 4,Completed,Hooli GmbH - CLM Implementation,PHS-00508,Getting Started,Elena Diallo,,2026-01-30,2026-02-28,10.45,,,,Migrate workflow 3,,,,,2026-01-30,2026-02-11,0.00,,true,Transition
PRJ-0144,TSK-002786,Configure data model 5,Completed,Hooli GmbH - CLM Implementation,PHS-00508,Getting Started,,,2026-01-31,2026-02-08,0.00,,,,Audit report 4,,,,,2026-01-31,2026-02-14,0.00,,true,Test Execution
PRJ-0144,TSK-002787,Review template 6,Completed,Hooli GmbH - CLM Implementation,PHS-00508,Getting Started,Tomas Sato,,2026-02-01,2026-03-02,33.51,,,,Configure data model 5,,,,,2026-02-01,2026-02-05,0.00,,true,
PRJ-0144,TSK-002788,Configure workflow 7,Completed,Hooli GmbH - CLM Implementation,PHS-00510,Discover & Design,Ingrid Sato,,2026-02-02,2026-02-03,22.48,,,,Review template 6,,,,,2026-02-02,2026-02-07,0.00,,true,Build and Deployment
PRJ-0144,TSK-002789,Configure playbook 8,Completed,Hooli GmbH - CLM Implementation,PHS-00508,Getting Started,Tomas Sato,,2026-02-03,2026-02-07,32.85,,,,Configure workflow 7,,,,,2026-02-03,2026-02-10,0.00,,true,Transition
PRJ-0144,TSK-002790,Audit environment 9,Completed,Hooli GmbH - CLM Implementation,PHS-00510,Discover & Design,Yusuf Sato,,2026-02-04,2026-02-24,5.64,,,,Configure playbook 8,,,,,2026-02-04,2026-02-28,0.00,,true,Transition
PRJ-0144,TSK-002791,Audit data model 10,Completed,Hooli GmbH - CLM Implementation,PHS-00509,Initiate,,,2026-02-05,2026-02-11,7.31,,,,Audit environment 9,,,,,2026-02-05,2026-02-25,0.00,,true,Program Management
PRJ-0144,TSK-002792,Audit data model 11,Completed,Hooli GmbH - CLM Implementation,PHS-00510,Discover & Design,,,2026-02-06,2026-02-10,37.34,,,,Audit data model 10,,,,,2026-02-06,2026-02-15,0.00,,true,Program Management
PRJ-0144,TSK-002793,Configure workflow 12,Completed,Hooli GmbH - CLM Implementation,PHS-00509,Initiate,,,2026-02-07,2026-03-01,23.51,,,,Audit data model 11,,,,,2026-02-07,2026-02-09,0.00,,true,
PRJ-0144,TSK-002794,Document playbook 13,Completed,Hooli GmbH - CLM Implementation,PHS-00509,Initiate,Daniel Kaya,,2026-02-08,2026-02-17,10.05,,,,"Review template 1, Audit template 2, Review template 6, Configure workflow 7, Audit data model 11",,,,,2026-02-08,2026-03-09,0.00,,true,Test Execution
PRJ-0144,TSK-002795,Train report 14,Completed,Hooli GmbH - CLM Implementation,PHS-00508,Getting Started,Yusuf Sato,,2026-02-09,2026-02-10,19.73,,,,,TSK-002787,Review template 6,,,2026-02-09,2026-02-19,0.00,,true,Test Execution
PRJ-0144,TSK-002796,Configure environment 15,Completed,Hooli GmbH - CLM Implementation,PHS-00509,Initiate,Ingrid Sato,,2026-02-10,2026-02-19,1.39,,,,"Migrate workflow 3, Configure workflow 7, Configure playbook 8, Audit data model 10, Audit data model 11",,,,,2026-02-10,2026-03-04,0.00,,true,Discovery
PRJ-0144,TSK-002797,Deploy playbook 16,Completed,Hooli GmbH - CLM Implementation,PHS-00508,Getting Started,Yusuf Sato,,2026-02-11,2026-02-15,0.14,,,,"Audit template 2, Audit environment 9",,,,,2026-02-11,2026-03-11,0.00,,true,Program Management
PRJ-0144,TSK-002798,Review data model 17,Completed,Hooli GmbH - CLM Implementation,PHS-00510,Discover & Design,Yusuf Sato,,2026-02-12,2026-03-09,25.87,,,,"Audit template 2, Audit report 4, Configure playbook 8, Audit data model 11",,,,,2026-02-12,2026-02-21,0.00,,true,Project Setup
PRJ-0144,TSK-002799,Migrate template 18,Completed,Hooli GmbH - CLM Implementation,PHS-00509,Initiate,,,2026-02-13,2026-02-26,2.92,true,,,,,,,,2026-02-13,2026-03-03,0.00,,true,Project Setup
PRJ-0145,TSK-002800,Document permission set 1,Completed,Cyberdyne Inc - Migration,PHS-00512,Initiate,,,2026-03-18,2026-04-01,0.00,,,,,,,,,2026-03-18,2026-04-16,0.00,,true,Test Execution
PRJ-0145,TSK-002801,Train integration 2,Completed,Cyberdyne Inc - Migration,PHS-00515,Test,Tomas Sato,,2026-03-19,2026-04-14,28.26,,,,Document permission set 1,,,,,2026-03-19,2026-04-11,0.00,,false,Build and Deployment
PRJ-0145,TSK-002802,Train playbook 3,Completed,Cyberdyne Inc - Migration,PHS-00513,Discover & Design,Arjun Sato,,2026-03-20,2026-04-19,36.23,,,,Train integration 2,,,,,2026-03-20,2026-04-05,0.00,,true,Test Execution
PRJ-0145,TSK-002803,Document environment 4,Completed,Cyberdyne Inc - Migration,PHS-00511,Getting Started,,,2026-03-21,2026-04-13,4.49,,,,Train playbook 3,,,,,2026-03-21,2026-04-16,0.00,,true,Transition
PRJ-0145,TSK-002804,Validate environment 5,Completed,Cyberdyne Inc - Migration,PHS-00514,Configure & Build,Amara Berg,,2026-03-22,2026-04-12,34.26,,,,Document environment 4,,,,,2026-03-22,2026-03-26,0.00,,true,Discovery
PRJ-0145,TSK-002805,Document environment 6,Completed,Cyberdyne Inc - Migration,PHS-00511,Getting Started,Amara Berg,,2026-03-23,2026-04-14,26.20,,,,Validate environment 5,,,,,2026-03-23,2026-04-22,0.00,,true,Project Setup
PRJ-0145,TSK-002806,Audit template 7,Completed,Cyberdyne Inc - Migration,PHS-00511,Getting Started,Amara Berg,,2026-03-24,2026-03-29,0.00,,,,Document environment 6,,,,,2026-03-24,2026-04-06,0.00,,false,Discovery
PRJ-0145,TSK-002807,Deploy integration 8,Completed,Cyberdyne Inc - Migration,PHS-00511,Getting Started,,,2026-03-25,2026-04-06,0.00,,,,Audit template 7,,,,,2026-03-25,2026-04-08,0.00,,true,Discovery
PRJ-0145,TSK-002808,Audit integration 9,Completed,Cyberdyne Inc - Migration,PHS-00515,Test,,,2026-03-26,2026-04-07,24.65,,,,Deploy integration 8,,,,,2026-03-26,2026-04-11,0.00,,true,Program Management
PRJ-0145,TSK-002809,Review template 10,Completed,Cyberdyne Inc - Migration,PHS-00512,Initiate,Arjun Sato,,2026-03-27,2026-04-01,0.00,,,,Audit integration 9,,,,,2026-03-27,2026-04-04,0.00,,false,
PRJ-0145,TSK-002810,Review permission set 11,Completed,Cyberdyne Inc - Migration,PHS-00511,Getting Started,Tomas Sato,,2026-03-28,2026-04-27,8.16,,,,Review template 10,,,,,2026-03-28,2026-04-08,0.00,,true,
PRJ-0145,TSK-002811,Migrate environment 12,Completed,Cyberdyne Inc - Migration,PHS-00511,Getting Started,,,2026-03-29,2026-04-13,15.60,,,,Review permission set 11,,,,,2026-03-29,2026-04-28,0.00,,true,Test Execution
PRJ-0145,TSK-002812,Document permission set 13,Completed,Cyberdyne Inc - Migration,PHS-00512,Initiate,,,2026-03-30,2026-04-12,7.61,,,,"Train playbook 3, Document environment 4, Audit template 7, Audit integration 9",,,,,2026-03-30,2026-04-16,0.00,,true,Project Setup
PRJ-0145,TSK-002813,Review workflow 14,Completed,Cyberdyne Inc - Migration,PHS-00514,Configure & Build,,,2026-03-31,2026-04-14,20.07,,,,,,,,,2026-03-31,2026-04-13,0.00,,false,
PRJ-0145,TSK-002814,Validate playbook 15,Completed,Cyberdyne Inc - Migration,PHS-00513,Discover & Design,Tomas Novak,,2026-04-01,2026-04-27,36.79,,,,"Document environment 6, Audit template 7, Review template 10, Review workflow 14",,,,,2026-04-01,2026-04-28,0.00,,true,Test Execution
PRJ-0145,TSK-002815,Migrate permission set 16,Completed,Cyberdyne Inc - Migration,PHS-00516,Transfer,Tomas Novak,,2026-04-02,2026-04-05,33.04,,,,"Document permission set 1, Document environment 4, Audit template 7, Audit integration 9, Review workflow 14",,,,,2026-04-02,2026-04-10,0.00,,false,
PRJ-0145,TSK-002816,Audit data model 17,Completed,Cyberdyne Inc - Migration,PHS-00515,Test,Tomas Sato,,2026-04-03,2026-04-10,0.00,,,,,TSK-002806,Audit template 7,,,2026-04-03,2026-04-05,0.00,,true,Discovery
PRJ-0145,TSK-002817,Train permission set 18,Completed,Cyberdyne Inc - Migration,PHS-00516,Transfer,,,2026-04-04,2026-04-13,12.24,,,,"Audit integration 9, Review workflow 14, Migrate permission set 16",,,,,2026-04-04,2026-04-05,0.00,,true,Build and Deployment
PRJ-0145,TSK-002818,Document integration 19,Completed,Cyberdyne Inc - Migration,PHS-00514,Configure & Build,Arjun Sato,,2026-04-05,2026-05-02,30.40,,,,"Train playbook 3, Document environment 4, Validate environment 5",,,,,2026-04-05,2026-04-14,0.00,,true,Discovery
PRJ-0145,TSK-002819,Review environment 20,Completed,Cyberdyne Inc - Migration,PHS-00511,Getting Started,Arjun Sato,,2026-04-06,2026-04-18,12.67,true,,,"Validate environment 5, Document environment 6, Review template 10, Document permission set 13, Validate playbook 15, Migrate permission set 16",,,,,2026-04-06,2026-04-30,0.00,,true,Transition
PRJ-0145,TSK-002820,Validate workflow 21,Completed,Cyberdyne Inc - Migration,PHS-00511,Getting Started,Arjun Sato,,2026-04-07,2026-04-13,0.00,true,,,Validate playbook 15,,,,,2026-04-07,2026-04-09,0.00,,true,Discovery
PRJ-0146,TSK-002821,Audit data model 1,To do,Hooli GmbH - Phase 1 Implementation,PHS-00519,Discover & Design,,,2026-06-06,2026-06-12,0.00,,,,,,,,,,,0.00,,false,Project Setup
PRJ-0146,TSK-002822,Document environment 2,To do,Hooli GmbH - Phase 1 Implementation,PHS-00520,Configure & Build,Ingrid Sato,,2026-06-07,2026-07-02,0.00,,,,Audit data model 1,,,,,,,0.00,,true,Project Setup
PRJ-0146,TSK-002823,Validate data model 3,Completed,Hooli GmbH - Phase 1 Implementation,PHS-00520,Configure & Build,Ingrid Sato,,2026-06-08,2026-07-01,11.34,,,,Document environment 2,,,,,2026-06-08,2026-06-27,0.00,,true,Transition
PRJ-0146,TSK-002824,Audit data model 4,To do,Hooli GmbH - Phase 1 Implementation,PHS-00520,Configure & Build,Ingrid Sato,,2026-06-09,2026-06-28,0.00,,,,Validate data model 3,,,,,,,0.00,,true,Project Setup
PRJ-0146,TSK-002825,Configure permission set 5,To do,Hooli GmbH - Phase 1 Implementation,PHS-00519,Discover & Design,,,2026-06-10,2026-06-24,0.00,,,,Audit data model 4,,,,,,,0.00,,true,
PRJ-0146,TSK-002826,Deploy template 6,Completed,Hooli GmbH - Phase 1 Implementation,PHS-00519,Discover & Design,Ingrid Sato,,2026-06-11,2026-06-22,35.13,,,,Configure permission set 5,,,,,2026-06-11,2026-06-29,0.00,,true,
PRJ-0146,TSK-002827,Train permission set 7,In progress,Hooli GmbH - Phase 1 Implementation,PHS-00517,Getting Started,,,2026-06-12,2026-06-23,0.00,,,,Deploy template 6,,,,,2026-06-12,,0.00,,true,Build and Deployment
PRJ-0146,TSK-002828,Train report 8,To do,Hooli GmbH - Phase 1 Implementation,PHS-00519,Discover & Design,Mei Sato,,2026-06-13,2026-07-12,28.14,,,,Train permission set 7,,,,,,,0.00,,true,Transition
PRJ-0146,TSK-002829,Review report 9,In progress,Hooli GmbH - Phase 1 Implementation,PHS-00520,Configure & Build,,,2026-06-14,2026-06-27,11.11,,,,Train report 8,,,,,2026-06-14,,0.00,,true,Program Management
PRJ-0146,TSK-002830,Validate permission set 10,To do,Hooli GmbH - Phase 1 Implementation,PHS-00517,Getting Started,,,2026-06-15,2026-07-10,15.95,,,,Review report 9,,,,,,,0.00,,true,Program Management
PRJ-0146,TSK-002831,Deploy report 11,To do,Hooli GmbH - Phase 1 Implementation,PHS-00518,Initiate,,,2026-06-16,2026-07-13,0.00,,,,Validate permission set 10,,,,,,,0.00,,true,Test Execution
PRJ-0146,TSK-002832,Deploy data model 12,To do,Hooli GmbH - Phase 1 Implementation,PHS-00519,Discover & Design,Ingrid Sato,,2026-06-17,2026-07-06,36.63,,,,Deploy report 11,,,,,,,0.00,,true,Discovery
PRJ-0146,TSK-002833,Migrate playbook 13,To do,Hooli GmbH - Phase 1 Implementation,PHS-00518,Initiate,,,2026-06-18,2026-07-12,24.45,,,,"Configure permission set 5, Deploy report 11",,,,,,,0.00,,true,Project Setup
PRJ-0146,TSK-002834,Train template 14,Completed,Hooli GmbH - Phase 1 Implementation,PHS-00517,Getting Started,Ingrid Sato,,2026-06-19,2026-06-26,1.54,,,,"Configure permission set 5, Deploy template 6, Review report 9",,,,,2026-06-19,2026-07-08,0.00,,true,Test Execution
PRJ-0146,TSK-002835,Audit workflow 15,Completed,Hooli GmbH - Phase 1 Implementation,PHS-00519,Discover & Design,,,2026-06-20,2026-07-01,37.75,,,,"Validate data model 3, Deploy template 6, Review report 9, Deploy report 11, Train template 14",,,,,2026-06-20,2026-06-29,0.00,,true,
PRJ-0146,TSK-002836,Audit workflow 16,To do,Hooli GmbH - Phase 1 Implementation,PHS-00519,Discover & Design,Ingrid Sato,,2026-06-21,2026-07-14,18.70,,,,"Validate data model 3, Deploy template 6, Deploy report 11",,,,,,,0.00,,true,Project Setup
PRJ-0146,TSK-002837,Train workflow 17,Completed,Hooli GmbH - Phase 1 Implementation,PHS-00518,Initiate,,,2026-06-22,2026-07-15,37.83,,,,,,,,,2026-06-22,2026-07-05,0.00,,true,Discovery
PRJ-0146,TSK-002838,Deploy template 18,To do,Hooli GmbH - Phase 1 Implementation,PHS-00520,Configure & Build,,,2026-06-23,2026-07-12,0.00,,,,,TSK-002822,Document environment 2,,,,,0.00,,true,Project Setup
PRJ-0146,TSK-002839,Audit integration 19,Completed,Hooli GmbH - Phase 1 Implementation,PHS-00518,Initiate,Mei Sato,,2026-06-24,2026-07-19,37.21,,,,"Validate data model 3, Validate permission set 10, Train workflow 17, Deploy template 18",,,,,2026-06-24,2026-06-30,0.00,,true,Project Setup
PRJ-0146,TSK-002840,Train environment 20,Completed,Hooli GmbH - Phase 1 Implementation,PHS-00518,Initiate,Mei Sato,,2026-06-25,2026-06-26,33.81,,,,Train template 14,,,,,2026-06-25,2026-07-08,0.00,,true,Project Setup
PRJ-0146,TSK-002841,Configure integration 21,To do,Hooli GmbH - Phase 1 Implementation,PHS-00519,Discover & Design,Mei Sato,,2026-06-26,2026-06-27,19.21,,,,"Deploy template 6, Review report 9, Train template 14, Audit integration 19",,,,,,,0.00,,true,Build and Deployment
PRJ-0146,TSK-002842,Review report 22,To do,Hooli GmbH - Phase 1 Implementation,PHS-00520,Configure & Build,Ingrid Sato,,2026-06-27,2026-07-10,0.00,,,,Document environment 2,,,,,,,0.00,,true,Discovery
PRJ-0146,TSK-002843,Review environment 23,To do,Hooli GmbH - Phase 1 Implementation,PHS-00520,Configure & Build,,,2026-06-28,2026-07-14,0.00,,,,,,,,,,,0.00,,false,Program Management
PRJ-0146,TSK-002844,Train data model 24,Completed,Hooli GmbH - Phase 1 Implementation,PHS-00517,Getting Started,Ingrid Sato,,2026-06-29,2026-07-12,35.82,true,,,,,,,,2026-06-29,2026-07-28,0.00,,true,Test Execution
PRJ-0146,TSK-002845,Review integration 25,Completed,Hooli GmbH - Phase 1 Implementation,PHS-00519,Discover & Design,Mei Sato,,2026-06-30,2026-07-30,22.92,true,,,,,,,,2026-06-30,2026-07-07,0.00,,true,Test Execution
PRJ-0147,TSK-002846,Audit environment 1,To do,Wayne LLC - CLM Implementation,PHS-00522,Initiate,,,2026-01-22,2026-02-18,0.00,,,,,,,,,,,0.00,,true,Discovery
PRJ-0147,TSK-002847,Audit workflow 2,To do,Wayne LLC - CLM Implementation,PHS-00522,Initiate,Yusuf Diallo,,2026-01-23,2026-02-18,0.00,,,,Audit environment 1,,,,,,,0.00,,false,Build and Deployment
PRJ-0147,TSK-002848,Train playbook 3,In progress,Wayne LLC - CLM Implementation,PHS-00524,Configure & Build,Yusuf Diallo,,2026-01-24,2026-02-15,0.00,,,,Audit workflow 2,,,,,2026-01-24,,0.00,,true,Discovery
PRJ-0147,TSK-002849,Document data model 4,To do,Wayne LLC - CLM Implementation,PHS-00522,Initiate,,,2026-01-25,2026-02-20,0.00,,,,Train playbook 3,,,,,,,0.00,,true,Transition
PRJ-0147,TSK-002850,Train report 5,In progress,Wayne LLC - CLM Implementation,PHS-00523,Discover & Design,Noah Novak,,2026-01-26,2026-02-05,0.00,,,,Document data model 4,,,,,2026-01-26,,0.00,,true,Project Setup
PRJ-0147,TSK-002851,Train workflow 6,In progress,Wayne LLC - CLM Implementation,PHS-00526,Transfer,Yusuf Diallo,,2026-01-27,2026-02-24,21.41,,,,Train report 5,,,,,2026-01-27,,0.00,,true,Project Setup
PRJ-0147,TSK-002852,Migrate playbook 7,Completed,Wayne LLC - CLM Implementation,PHS-00521,Getting Started,Amara Berg,,2026-01-28,2026-02-05,23.94,,,,Train workflow 6,,,,,2026-01-28,2026-02-26,0.00,,true,Test Execution
PRJ-0147,TSK-002853,Train playbook 8,Completed,Wayne LLC - CLM Implementation,PHS-00524,Configure & Build,Noah Novak,,2026-01-29,2026-02-10,38.39,,,,Migrate playbook 7,,,,,2026-01-29,2026-02-16,0.00,,true,Program Management
PRJ-0147,TSK-002854,Deploy report 9,To do,Wayne LLC - CLM Implementation,PHS-00525,Test,,,2026-01-30,2026-02-19,0.00,,,,Train playbook 8,,,,,,,0.00,,true,Test Execution
PRJ-0147,TSK-002855,Document playbook 10,Completed,Wayne LLC - CLM Implementation,PHS-00523,Discover & Design,Hana Rossi,,2026-01-31,2026-02-15,24.33,,,,Deploy report 9,,,,,2026-01-31,2026-02-20,0.00,,false,Build and Deployment
PRJ-0147,TSK-002856,Migrate environment 11,To do,Wayne LLC - CLM Implementation,PHS-00524,Configure & Build,,,2026-02-01,2026-02-08,35.79,,,,Document playbook 10,,,,,,,0.00,,false,Build and Deployment
PRJ-0147,TSK-002857,Migrate permission set 12,Completed,Wayne LLC - CLM Implementation,PHS-00522,Initiate,Yusuf Diallo,,2026-02-02,2026-02-23,8.59,,,,Migrate environment 11,,,,,2026-02-02,2026-02-19,0.00,,true,Transition
PRJ-0147,TSK-002858,Train environment 13,To do,Wayne LLC - CLM Implementation,PHS-00523,Discover & Design,Hana Rossi,,2026-02-03,2026-02-28,27.84,,,,"Train workflow 6, Migrate playbook 7",,,,,,,0.00,,false,
PRJ-0147,TSK-002859,Deploy integration 14,To do,Wayne LLC - CLM Implementation,PHS-00526,Transfer,,,2026-02-04,2026-02-06,0.00,,,,"Audit environment 1, Audit workflow 2, Document data model 4, Deploy report 9",,,,,,,0.00,,false,Project Setup
PRJ-0147,TSK-002860,Configure report 15,Completed,Wayne LLC - CLM Implementation,PHS-00522,Initiate,,,2026-02-05,2026-02-28,22.25,,,,,,,,,2026-02-05,2026-02-26,0.00,,true,Test Execution
PRJ-0147,TSK-002861,Train playbook 16,Completed,Wayne LLC - CLM Implementation,PHS-00521,Getting Started,Amara Berg,,2026-02-06,2026-03-04,9.29,,,,"Audit workflow 2, Document data model 4, Document playbook 10, Migrate environment 11",,,,,2026-02-06,2026-02-17,0.00,,true,Discovery
PRJ-0147,TSK-002862,Configure data model 17,Completed,Wayne LLC - CLM Implementation,PHS-00524,Configure & Build,,,2026-02-07,2026-02-17,0.00,,,,Audit environment 1,,,,,2026-02-07,2026-02-18,0.00,,true,Discovery
PRJ-0147,TSK-002863,Migrate integration 18,Completed,Wayne LLC - CLM Implementation,PHS-00526,Transfer,Yusuf Diallo,,2026-02-08,2026-03-06,33.27,true,,,"Migrate playbook 7, Train playbook 8, Migrate environment 11, Deploy integration 14",,,,,2026-02-08,2026-03-08,0.00,,false,
PRJ-0148,TSK-002864,Validate integration 1,In progress,Northwind GmbH - Migration,PHS-00530,Configure & Build,,,2026-03-22,2026-03-31,0.00,,,,,,,,,2026-03-22,,0.00,,true,Transition
PRJ-0148,TSK-002865,Document template 2,Completed,Northwind GmbH - Migration,PHS-00528,Initiate,,,2026-03-23,2026-03-29,29.81,,,,Validate integration 1,,,,,2026-03-23,2026-04-07,0.00,,true,Discovery
PRJ-0148,TSK-002866,Document template 3,To do,Northwind GmbH - Migration,PHS-00530,Configure & Build,,,2026-03-24,2026-04-14,31.70,,,,Document template 2,,,,,,,0.00,,true,
PRJ-0148,TSK-002867,Audit playbook 4,In progress,Northwind GmbH - Migration,PHS-00528,Initiate,Ingrid Sato,,2026-03-25,2026-04-02,33.44,,,,Document template 3,,,,,2026-03-25,,0.00,,true,Test Execution
PRJ-0148,TSK-002868,Review template 5,To do,Northwind GmbH - Migration,PHS-00531,Test,Hana Rossi,,2026-03-26,2026-04-12,30.39,,,,Audit playbook 4,,,,,,,0.00,,true,Program Management
PRJ-0148,TSK-002869,Review data model 6,Completed,Northwind GmbH - Migration,PHS-00530,Configure & Build,,,2026-03-27,2026-03-31,33.30,,,,Review template 5,,,,,2026-03-27,2026-04-10,0.00,,true,Program Management
PRJ-0148,TSK-002870,Migrate template 7,Completed,Northwind GmbH - Migration,PHS-00528,Initiate,Yusuf Sato,,2026-03-28,2026-04-21,0.00,,,,Review data model 6,,,,,2026-03-28,2026-04-20,0.00,,true,Project Setup
PRJ-0148,TSK-002871,Document data model 8,Completed,Northwind GmbH - Migration,PHS-00531,Test,Hana Rossi,,2026-03-29,2026-04-26,10.26,,,,Migrate template 7,,,,,2026-03-29,2026-03-31,0.00,,true,Test Execution
PRJ-0148,TSK-002872,Validate playbook 9,Completed,Northwind GmbH - Migration,PHS-00527,Getting Started,Hana Rossi,,2026-03-30,2026-04-25,7.02,,,,Document data model 8,,,,,2026-03-30,2026-04-15,0.00,,true,
PRJ-0148,TSK-002873,Migrate template 10,NA,Northwind GmbH - Migration,PHS-00530,Configure & Build,,,2026-03-31,2026-04-05,0.00,,,,Validate playbook 9,,,,,,,0.00,,false,Project Setup
PRJ-0148,TSK-002874,Validate data model 11,In progress,Northwind GmbH - Migration,PHS-00530,Configure & Build,,,2026-04-01,2026-04-27,0.00,,,,Migrate template 10,,,,,2026-04-01,,0.00,,false,Project Setup
PRJ-0148,TSK-002875,Configure playbook 12,Blocked,Northwind GmbH - Migration,PHS-00530,Configure & Build,Noah Novak,,2026-04-02,2026-04-22,7.40,,,,Validate data model 11,,,,,,,0.00,,true,Build and Deployment
PRJ-0148,TSK-002876,Document integration 13,Completed,Northwind GmbH - Migration,PHS-00530,Configure & Build,Hana Rossi,,2026-04-03,2026-05-01,31.25,,,,"Document template 2, Review template 5, Validate playbook 9, Validate data model 11",,,,,2026-04-03,2026-04-28,0.00,,true,Transition
PRJ-0148,TSK-002877,Validate permission set 14,Completed,Northwind GmbH - Migration,PHS-00527,Getting Started,Noah Novak,,2026-04-04,2026-04-12,16.48,,,,Document template 2,,,,,2026-04-04,2026-04-23,0.00,,true,Program Management
PRJ-0148,TSK-002878,Migrate environment 15,Blocked,Northwind GmbH - Migration,PHS-00527,Getting Started,Yusuf Sato,,2026-04-05,2026-04-06,19.62,,,,,,,,,,,0.00,,true,Project Setup
PRJ-0148,TSK-002879,Deploy permission set 16,Completed,Northwind GmbH - Migration,PHS-00527,Getting Started,,,2026-04-06,2026-04-13,38.03,,,,,,,,,2026-04-06,2026-05-05,0.00,,true,Program Management
PRJ-0148,TSK-002880,Audit playbook 17,To do,Northwind GmbH - Migration,PHS-00529,Discover & Design,,,2026-04-07,2026-04-19,2.03,,,,"Document data model 8, Validate playbook 9",,,,,,,0.00,,true,Discovery
PRJ-0148,TSK-002881,Validate data model 18,In progress,Northwind GmbH - Migration,PHS-00529,Discover & Design,Yusuf Sato,,2026-04-08,2026-05-05,13.73,,,,"Review template 5, Document data model 8, Audit playbook 17",,,,,2026-04-08,,0.00,,true,Project Setup
PRJ-0148,TSK-002882,Validate data model 19,In progress,Northwind GmbH - Migration,PHS-00528,Initiate,Noah Novak,,2026-04-09,2026-05-03,17.03,,,,"Document template 3, Review data model 6, Migrate template 7",,,,,2026-04-09,,0.00,,true,Program Management
PRJ-0148,TSK-002883,Document environment 20,In progress,Northwind GmbH - Migration,PHS-00531,Test,Yusuf Sato,,2026-04-10,2026-04-30,0.00,,,,,,,,,2026-04-10,,0.00,,true,Transition
PRJ-0148,TSK-002884,Deploy integration 21,Completed,Northwind GmbH - Migration,PHS-00528,Initiate,Hana Rossi,,2026-04-11,2026-04-20,14.12,,,,,,,,,2026-04-11,2026-04-28,0.00,,true,Project Setup
PRJ-0148,TSK-002885,Review playbook 22,In progress,Northwind GmbH - Migration,PHS-00527,Getting Started,Yusuf Sato,,2026-04-12,2026-05-07,0.00,,,,"Review template 5, Deploy permission set 16, Validate data model 18",,,,,2026-04-12,,0.00,,true,Test Execution
PRJ-0148,TSK-002886,Review environment 23,To do,Northwind GmbH - Migration,PHS-00528,Initiate,Ingrid Sato,,2026-04-13,2026-04-24,0.00,true,,,"Document template 2, Review template 5, Document data model 8",,,,,,,0.00,,true,Transition
PRJ-0148,TSK-002887,Migrate environment 24,In progress,Northwind GmbH - Migration,PHS-00527,Getting Started,Yusuf Sato,,2026-04-14,2026-04-19,0.00,true,,,,,,,,2026-04-14,,0.00,,true,Transition
PRJ-0149,TSK-002888,Review integration 1,Completed,Hooli Inc - Phase 2 Rollout,PHS-00532,Getting Started,Hana Rossi,,2026-05-28,2026-06-03,28.95,,,,,,,,,2026-05-28,2026-06-18,0.00,,true,Build and Deployment
PRJ-0149,TSK-002889,Audit permission set 2,NA,Hooli Inc - Phase 2 Rollout,PHS-00532,Getting Started,Hana Rossi,,2026-05-29,2026-06-19,3.41,,,,Review integration 1,,,,,,,0.00,,true,Discovery
PRJ-0149,TSK-002890,Audit environment 3,Completed,Hooli Inc - Phase 2 Rollout,PHS-00533,Initiate,,,2026-05-30,2026-06-02,0.00,,,,Audit permission set 2,,,,,2026-05-30,2026-06-25,0.00,,true,Discovery
PRJ-0149,TSK-002891,Audit playbook 4,To do,Hooli Inc - Phase 2 Rollout,PHS-00533,Initiate,Marco Sato,,2026-05-31,2026-06-02,0.00,,,,Audit environment 3,,,,,,,0.00,,true,Build and Deployment
PRJ-0149,TSK-002892,Review workflow 5,To do,Hooli Inc - Phase 2 Rollout,PHS-00533,Initiate,Kwame Novak,,2026-06-01,2026-06-27,25.60,,,,Audit playbook 4,,,,,,,0.00,,true,Test Execution
PRJ-0149,TSK-002893,Configure playbook 6,To do,Hooli Inc - Phase 2 Rollout,PHS-00533,Initiate,Hana Rossi,,2026-06-02,2026-06-04,0.00,,,,Review workflow 5,,,,,,,0.00,,false,Transition
PRJ-0149,TSK-002894,Configure environment 7,NA,Hooli Inc - Phase 2 Rollout,PHS-00533,Initiate,Kwame Novak,,2026-06-03,2026-06-13,0.00,,,,Configure playbook 6,,,,,,,0.00,,false,Discovery
PRJ-0149,TSK-002895,Review template 8,To do,Hooli Inc - Phase 2 Rollout,PHS-00533,Initiate,Daniel Kaya,,2026-06-04,2026-07-02,17.35,,,,Configure environment 7,,,,,,,0.00,,true,Build and Deployment
PRJ-0149,TSK-002896,Validate permission set 9,In progress,Hooli Inc - Phase 2 Rollout,PHS-00532,Getting Started,Kwame Novak,,2026-06-05,2026-06-22,0.00,,,,Review template 8,,,,,2026-06-05,,0.00,,true,Test Execution
PRJ-0149,TSK-002897,Configure workflow 10,To do,Hooli Inc - Phase 2 Rollout,PHS-00532,Getting Started,,,2026-06-06,2026-06-22,13.04,,,,Validate permission set 9,,,,,,,0.00,,true,Project Setup
PRJ-0149,TSK-002898,Configure integration 11,To do,Hooli Inc - Phase 2 Rollout,PHS-00533,Initiate,Kwame Novak,,2026-06-07,2026-06-30,0.00,,,,Configure workflow 10,,,,,,,0.00,,true,Program Management
PRJ-0149,TSK-002899,Document data model 12,To do,Hooli Inc - Phase 2 Rollout,PHS-00532,Getting Started,Marco Sato,,2026-06-08,2026-06-24,11.49,,,,Configure integration 11,,,,,,,0.00,,true,Test Execution
PRJ-0149,TSK-002900,Train data model 13,To do,Hooli Inc - Phase 2 Rollout,PHS-00533,Initiate,Daniel Kaya,,2026-06-09,2026-06-17,27.95,,,,"Review integration 1, Audit environment 3, Configure playbook 6",,,,,,,0.00,,true,Test Execution
PRJ-0149,TSK-002901,Migrate playbook 14,In progress,Hooli Inc - Phase 2 Rollout,PHS-00532,Getting Started,Hana Rossi,,2026-06-10,2026-06-19,16.02,,,,"Configure playbook 6, Configure environment 7",,,,,2026-06-10,,0.00,,true,Project Setup
PRJ-0149,TSK-002902,Configure template 15,To do,Hooli Inc - Phase 2 Rollout,PHS-00533,Initiate,Kwame Novak,,2026-06-11,2026-06-16,0.46,,,,,,,,,,,0.00,,true,Transition
PRJ-0149,TSK-002903,Train permission set 16,In progress,Hooli Inc - Phase 2 Rollout,PHS-00533,Initiate,Daniel Kaya,,2026-06-12,2026-06-18,29.61,,,,"Review integration 1, Configure environment 7, Migrate playbook 14, Configure template 15",,,,,2026-06-12,,0.00,,true,Discovery
PRJ-0149,TSK-002904,Deploy integration 17,In progress,Hooli Inc - Phase 2 Rollout,PHS-00533,Initiate,,,2026-06-13,2026-06-16,23.35,,,,,TSK-002896,Validate permission set 9,,,2026-06-13,,0.00,,true,Build and Deployment
PRJ-0149,TSK-002905,Deploy playbook 18,In progress,Hooli Inc - Phase 2 Rollout,PHS-00533,Initiate,Hana Rossi,,2026-06-14,2026-06-25,0.00,,,,,,,,,2026-06-14,,0.00,,true,Project Setup
PRJ-0149,TSK-002906,Audit template 19,To do,Hooli Inc - Phase 2 Rollout,PHS-00532,Getting Started,Daniel Kaya,,2026-06-15,2026-06-20,35.47,,,,,,,,,,,0.00,,true,Discovery
PRJ-0149,TSK-002907,Validate data model 20,Completed,Hooli Inc - Phase 2 Rollout,PHS-00532,Getting Started,Daniel Kaya,,2026-06-16,2026-06-20,8.54,,,,,,,,,2026-06-16,2026-06-19,0.00,,true,Program Management
PRJ-0149,TSK-002908,Document template 21,To do,Hooli Inc - Phase 2 Rollout,PHS-00533,Initiate,Kwame Novak,,2026-06-17,2026-06-19,10.16,true,,,"Review integration 1, Audit permission set 2",,,,,,,0.00,,true,Test Execution
PRJ-0149,TSK-002909,Deploy environment 22,To do,Hooli Inc - Phase 2 Rollout,PHS-00533,Initiate,Marco Sato,,2026-06-18,2026-07-05,32.97,true,,,"Audit playbook 4, Configure playbook 6, Configure workflow 10, Train data model 13, Train permission set 16",,,,,,,0.00,,true,Build and Deployment
PRJ-0150,TSK-002910,Document data model 1,To do,Northwind Inc - Phase 1 Implementation,PHS-00535,Initiate,Tomas Sato,,2026-05-08,2026-05-15,0.00,,,,,,,,,,,0.00,,true,Build and Deployment
PRJ-0150,TSK-002911,Deploy workflow 2,To do,Northwind Inc - Phase 1 Implementation,PHS-00535,Initiate,,,2026-05-09,2026-05-25,21.14,,,,Document data model 1,,,,,,,0.00,,true,Project Setup
PRJ-0150,TSK-002912,Train integration 3,In progress,Northwind Inc - Phase 1 Implementation,PHS-00535,Initiate,Tomas Sato,,2026-05-10,2026-05-26,0.00,,,,Deploy workflow 2,,,,,2026-05-10,,0.00,,true,Discovery
PRJ-0150,TSK-002913,Document playbook 4,Completed,Northwind Inc - Phase 1 Implementation,PHS-00536,Discover & Design,Tomas Sato,,2026-05-11,2026-05-31,1.82,,,,Train integration 3,,,,,2026-05-11,2026-06-09,0.00,,true,Test Execution
PRJ-0150,TSK-002914,Deploy template 5,In progress,Northwind Inc - Phase 1 Implementation,PHS-00534,Getting Started,Priya Diallo,,2026-05-12,2026-05-15,26.92,,,,Document playbook 4,,,,,2026-05-12,,0.00,,true,Test Execution
PRJ-0150,TSK-002915,Configure integration 6,Completed,Northwind Inc - Phase 1 Implementation,PHS-00534,Getting Started,Priya Diallo,,2026-05-13,2026-05-20,4.70,,,,Deploy template 5,,,,,2026-05-13,2026-06-12,0.00,,true,Project Setup
PRJ-0150,TSK-002916,Configure workflow 7,Blocked,Northwind Inc - Phase 1 Implementation,PHS-00535,Initiate,Tomas Sato,,2026-05-14,2026-05-25,0.00,,,,Configure integration 6,,,,,,,0.00,,false,
PRJ-0150,TSK-002917,Review data model 8,Completed,Northwind Inc - Phase 1 Implementation,PHS-00534,Getting Started,Priya Diallo,,2026-05-15,2026-05-26,5.57,,,,Configure workflow 7,,,,,2026-05-15,2026-05-20,0.00,,true,
PRJ-0150,TSK-002918,Deploy permission set 9,To do,Northwind Inc - Phase 1 Implementation,PHS-00534,Getting Started,,,2026-05-16,2026-05-31,0.00,,,,Review data model 8,,,,,,,0.00,,true,Discovery
PRJ-0150,TSK-002919,Configure data model 10,Completed,Northwind Inc - Phase 1 Implementation,PHS-00535,Initiate,,,2026-05-17,2026-05-22,0.00,,,,Deploy permission set 9,,,,,2026-05-17,2026-06-10,0.00,,true,Discovery
PRJ-0150,TSK-002920,Audit workflow 11,Completed,Northwind Inc - Phase 1 Implementation,PHS-00534,Getting Started,,,2026-05-18,2026-05-27,9.43,,,,Configure data model 10,,,,,2026-05-18,2026-05-22,0.00,,true,Transition
PRJ-0150,TSK-002921,Train permission set 12,To do,Northwind Inc - Phase 1 Implementation,PHS-00534,Getting Started,Priya Diallo,,2026-05-19,2026-06-07,0.00,,,,Audit workflow 11,,,,,,,0.00,,false,Discovery
PRJ-0150,TSK-002922,Validate environment 13,Completed,Northwind Inc - Phase 1 Implementation,PHS-00534,Getting Started,,,2026-05-20,2026-06-10,0.00,,,,"Configure integration 6, Configure workflow 7",,,,,2026-05-20,2026-06-11,0.00,,true,Test Execution
PRJ-0150,TSK-002923,Audit data model 14,To do,Northwind Inc - Phase 1 Implementation,PHS-00535,Initiate,Tomas Sato,,2026-05-21,2026-05-26,0.00,,,,,,,,,,,0.00,,true,Program Management
PRJ-0150,TSK-002924,Document workflow 15,To do,Northwind Inc - Phase 1 Implementation,PHS-00534,Getting Started,,,2026-05-22,2026-06-15,0.00,,,,,,,,,,,0.00,,true,Build and Deployment
PRJ-0150,TSK-002925,Migrate report 16,In progress,Northwind Inc - Phase 1 Implementation,PHS-00534,Getting Started,Tomas Sato,,2026-05-23,2026-05-29,19.77,,,,,TSK-002915,Configure integration 6,,,2026-05-23,,0.00,,true,Program Management
PRJ-0150,TSK-002926,Validate permission set 17,NA,Northwind Inc - Phase 1 Implementation,PHS-00536,Discover & Design,Tomas Sato,,2026-05-24,2026-06-15,29.69,,,,"Deploy workflow 2, Configure data model 10, Audit data model 14",,,,,,,0.00,,true,Project Setup
PRJ-0150,TSK-002927,Train template 18,Completed,Northwind Inc - Phase 1 Implementation,PHS-00535,Initiate,Tomas Sato,,2026-05-25,2026-06-17,34.99,,,,"Train integration 3, Review data model 8, Document workflow 15",,,,,2026-05-25,2026-06-01,0.00,,true,Program Management
PRJ-0150,TSK-002928,Document workflow 19,Completed,Northwind Inc - Phase 1 Implementation,PHS-00536,Discover & Design,Tomas Sato,,2026-05-26,2026-05-27,11.79,,,,"Document data model 1, Validate permission set 17, Train template 18",,,,,2026-05-26,2026-06-14,0.00,,false,Build and Deployment
PRJ-0150,TSK-002929,Validate report 20,In progress,Northwind Inc - Phase 1 Implementation,PHS-00534,Getting Started,,,2026-05-27,2026-06-21,0.00,,,,"Document playbook 4, Audit data model 14, Train template 18",,,,,2026-05-27,,0.00,,true,Transition
PRJ-0150,TSK-002930,Document integration 21,Completed,Northwind Inc - Phase 1 Implementation,PHS-00535,Initiate,,,2026-05-28,2026-06-12,0.00,,,,"Document playbook 4, Configure workflow 7, Review data model 8, Validate permission set 17, Train template 18",,,,,2026-05-28,2026-06-21,0.00,,true,Transition
PRJ-0150,TSK-002931,Audit data model 22,To do,Northwind Inc - Phase 1 Implementation,PHS-00535,Initiate,Priya Diallo,,2026-05-29,2026-06-01,5.72,,,,,,,,,,,0.00,,false,Build and Deployment
PRJ-0150,TSK-002932,Migrate workflow 23,In progress,Northwind Inc - Phase 1 Implementation,PHS-00534,Getting Started,Tomas Sato,,2026-05-30,2026-06-17,0.00,,,,,,,,,2026-05-30,,0.00,,true,Project Setup
PRJ-0150,TSK-002933,Validate environment 24,Completed,Northwind Inc - Phase 1 Implementation,PHS-00536,Discover & Design,,,2026-05-31,2026-06-17,36.76,,,,"Document playbook 4, Configure integration 6, Audit workflow 11, Audit data model 14",,,,,2026-05-31,2026-06-30,0.00,,true,Build and Deployment
PRJ-0150,TSK-002934,Review integration 25,To do,Northwind Inc - Phase 1 Implementation,PHS-00536,Discover & Design,Tomas Sato,,2026-06-01,2026-06-06,4.13,,,,"Configure workflow 7, Validate report 20",,,,,,,0.00,,false,Test Execution
PRJ-0150,TSK-002935,Document report 26,To do,Northwind Inc - Phase 1 Implementation,PHS-00534,Getting Started,Tomas Sato,,2026-06-02,2026-06-11,27.83,,,,"Deploy workflow 2, Deploy permission set 9",,,,,,,0.00,,false,Transition
PRJ-0150,TSK-002936,Validate integration 27,In progress,Northwind Inc - Phase 1 Implementation,PHS-00535,Initiate,,,2026-06-03,2026-06-30,0.00,,,,"Document data model 1, Deploy workflow 2, Configure integration 6, Review data model 8, Migrate report 16",,,,,2026-06-03,,0.00,,true,Transition
PRJ-0150,TSK-002937,Document permission set 28,To do,Northwind Inc - Phase 1 Implementation,PHS-00535,Initiate,Tomas Sato,,2026-06-04,2026-06-15,0.00,,,,"Train integration 3, Deploy template 5, Configure integration 6, Review data model 8, Document report 26, Validate integration 27",,,,,,,0.00,,true,Program Management
PRJ-0150,TSK-002938,Train workflow 29,NA,Northwind Inc - Phase 1 Implementation,PHS-00534,Getting Started,Tomas Sato,,2026-06-05,2026-07-04,0.00,,,,,,,,,,,0.00,,true,Project Setup
PRJ-0150,TSK-002939,Configure report 30,To do,Northwind Inc - Phase 1 Implementation,PHS-00536,Discover & Design,,,2026-06-06,2026-06-08,23.14,,,,"Audit data model 22, Train workflow 29",,,,,,,0.00,,true,Transition
PRJ-0150,TSK-002940,Migrate integration 31,To do,Northwind Inc - Phase 1 Implementation,PHS-00534,Getting Started,Tomas Sato,,2026-06-07,2026-06-22,0.00,,,,"Deploy workflow 2, Deploy template 5, Audit workflow 11, Audit data model 14, Validate integration 27",,,,,,,0.00,,true,Program Management
PRJ-0150,TSK-002941,Deploy data model 32,Completed,Northwind Inc - Phase 1 Implementation,PHS-00534,Getting Started,Tomas Sato,,2026-06-08,2026-06-16,4.65,,,,,,,,,2026-06-08,2026-07-05,0.00,,true,Test Execution
PRJ-0150,TSK-002942,Migrate template 33,To do,Northwind Inc - Phase 1 Implementation,PHS-00535,Initiate,Priya Diallo,,2026-06-09,2026-06-24,18.47,,,,"Audit workflow 11, Validate environment 13, Review integration 25, Document report 26, Validate integration 27",,,,,,,0.00,,true,Transition
PRJ-0150,TSK-002943,Configure playbook 34,Completed,Northwind Inc - Phase 1 Implementation,PHS-00536,Discover & Design,,,2026-06-10,2026-06-29,0.00,,,,,,,,,2026-06-10,2026-07-01,0.00,,true,Discovery
PRJ-0150,TSK-002944,Document report 35,To do,Northwind Inc - Phase 1 Implementation,PHS-00536,Discover & Design,Tomas Sato,,2026-06-11,2026-06-16,0.00,true,,,"Configure workflow 7, Document report 26, Document permission set 28, Configure playbook 34",,,,,,,0.00,,true,Project Setup
PRJ-0150,TSK-002945,Validate integration 36,Completed,Northwind Inc - Phase 1 Implementation,PHS-00536,Discover & Design,,,2026-06-12,2026-06-14,0.00,true,,,"Document data model 1, Configure workflow 7, Deploy permission set 9, Audit workflow 11, Audit data model 22",,,,,2026-06-12,2026-06-14,0.00,,true,Build and Deployment
PRJ-0150,TSK-002946,Review data model 37,Completed,Northwind Inc - Phase 1 Implementation,PHS-00534,Getting Started,Tomas Sato,,2026-06-13,2026-06-30,36.09,true,,,"Configure workflow 7, Review data model 8, Validate report 20, Audit data model 22, Validate integration 27, Document permission set 28",,,,,2026-06-13,2026-07-08,0.00,,true,Project Setup
PRJ-0151,TSK-002947,Audit permission set 1,Completed,Soylent Inc - Migration,PHS-00539,Discover & Design,,,2026-04-07,2026-04-10,1.87,,,,,,,,,2026-04-07,2026-04-10,0.00,,true,Discovery
PRJ-0151,TSK-002948,Configure template 2,In progress,Soylent Inc - Migration,PHS-00537,Getting Started,Noah Diallo,,2026-04-08,2026-04-22,2.33,,,,Audit permission set 1,,,,,2026-04-08,,0.00,,true,
PRJ-0151,TSK-002949,Audit environment 3,To do,Soylent Inc - Migration,PHS-00539,Discover & Design,Noah Diallo,,2026-04-09,2026-05-02,0.00,,,,Configure template 2,,,,,,,0.00,,false,Program Management
PRJ-0151,TSK-002950,Document permission set 4,Completed,Soylent Inc - Migration,PHS-00538,Initiate,Noah Diallo,,2026-04-10,2026-04-21,0.00,,,,Audit environment 3,,,,,2026-04-10,2026-05-03,0.00,,false,
PRJ-0151,TSK-002951,Deploy template 5,To do,Soylent Inc - Migration,PHS-00540,Configure & Build,Amara Berg,,2026-04-11,2026-04-22,0.00,,,,Document permission set 4,,,,,,,0.00,,true,Project Setup
PRJ-0151,TSK-002952,Train permission set 6,In progress,Soylent Inc - Migration,PHS-00538,Initiate,Noah Diallo,,2026-04-12,2026-04-14,0.00,,,,Deploy template 5,,,,,2026-04-12,,0.00,,true,Build and Deployment
PRJ-0151,TSK-002953,Document environment 7,Completed,Soylent Inc - Migration,PHS-00537,Getting Started,Amara Berg,,2026-04-13,2026-04-17,8.87,,,,Train permission set 6,,,,,2026-04-13,2026-04-23,0.00,,true,Transition
PRJ-0151,TSK-002954,Train data model 8,To do,Soylent Inc - Migration,PHS-00540,Configure & Build,,,2026-04-14,2026-05-05,14.88,,,,Document environment 7,,,,,,,0.00,,true,Test Execution
PRJ-0151,TSK-002955,Deploy integration 9,In progress,Soylent Inc - Migration,PHS-00538,Initiate,Noah Diallo,,2026-04-15,2026-05-09,0.00,,,,Train data model 8,,,,,2026-04-15,,0.00,,true,Transition
PRJ-0151,TSK-002956,Train environment 10,Completed,Soylent Inc - Migration,PHS-00540,Configure & Build,Amara Berg,,2026-04-16,2026-04-29,2.88,,,,Deploy integration 9,,,,,2026-04-16,2026-04-22,0.00,,true,Discovery
PRJ-0151,TSK-002957,Deploy integration 11,To do,Soylent Inc - Migration,PHS-00537,Getting Started,Noah Diallo,,2026-04-17,2026-05-06,19.12,,,,Train environment 10,,,,,,,0.00,,false,Program Management
PRJ-0151,TSK-002958,Document integration 12,In progress,Soylent Inc - Migration,PHS-00537,Getting Started,Amara Berg,,2026-04-18,2026-04-30,27.14,,,,Deploy integration 11,,,,,2026-04-18,,0.00,,true,Project Setup
PRJ-0151,TSK-002959,Configure integration 13,Completed,Soylent Inc - Migration,PHS-00540,Configure & Build,Amara Berg,,2026-04-19,2026-04-24,7.53,,,,,,,,,2026-04-19,2026-05-02,0.00,,false,
PRJ-0151,TSK-002960,Migrate environment 14,To do,Soylent Inc - Migration,PHS-00540,Configure & Build,Amara Berg,,2026-04-20,2026-05-01,0.00,,,,,,,,,,,0.00,,true,Build and Deployment
PRJ-0151,TSK-002961,Review data model 15,Completed,Soylent Inc - Migration,PHS-00539,Discover & Design,Noah Diallo,,2026-04-21,2026-04-29,9.05,,,,,,,,,2026-04-21,2026-04-28,0.00,,true,
PRJ-0151,TSK-002962,Train environment 16,Blocked,Soylent Inc - Migration,PHS-00539,Discover & Design,Noah Diallo,,2026-04-22,2026-04-29,0.00,,,,"Configure template 2, Deploy template 5",,,,,,,0.00,,true,Transition
PRJ-0151,TSK-002963,Validate workflow 17,Completed,Soylent Inc - Migration,PHS-00540,Configure & Build,,,2026-04-23,2026-05-16,22.19,,,,,,,,,2026-04-23,2026-05-05,0.00,,true,Test Execution
PRJ-0151,TSK-002964,Audit playbook 18,To do,Soylent Inc - Migration,PHS-00539,Discover & Design,,,2026-04-24,2026-05-02,0.00,,,,"Train permission set 6, Deploy integration 11, Configure integration 13, Review data model 15",,,,,,,0.00,,false,
PRJ-0151,TSK-002965,Document template 19,Completed,Soylent Inc - Migration,PHS-00537,Getting Started,Noah Diallo,,2026-04-25,2026-05-07,27.04,,,,,TSK-002959,Configure integration 13,,,2026-04-25,2026-05-20,0.00,,true,Build and Deployment
PRJ-0151,TSK-002966,Deploy template 20,Completed,Soylent Inc - Migration,PHS-00537,Getting Started,,,2026-04-26,2026-05-20,7.55,true,,,"Audit permission set 1, Audit environment 3, Train permission set 6, Train environment 16",,,,,2026-04-26,2026-05-05,0.00,,false,
PRJ-0151,TSK-002967,Validate environment 21,In progress,Soylent Inc - Migration,PHS-00537,Getting Started,Noah Diallo,,2026-04-27,2026-05-27,32.32,true,,,,,,,,2026-04-27,,0.00,,true,Test Execution
PRJ-0152,TSK-002968,Train workflow 1,In progress,Globex Ltd - Enterprise Rollout,PHS-00543,Discover & Design,,,2026-05-14,2026-05-23,12.59,,,,,,,,,2026-05-14,,0.00,,true,Build and Deployment
PRJ-0152,TSK-002969,Review report 2,Completed,Globex Ltd - Enterprise Rollout,PHS-00542,Initiate,Sofia Rossi,,2026-05-15,2026-06-12,14.99,,,,Train workflow 1,,,,,2026-05-15,2026-05-27,0.00,,false,Discovery
PRJ-0152,TSK-002970,Deploy integration 3,To do,Globex Ltd - Enterprise Rollout,PHS-00546,Transfer,Kwame Rossi,,2026-05-16,2026-05-24,0.00,,,,Review report 2,,,,,,,0.00,,true,Transition
PRJ-0152,TSK-002971,Review playbook 4,To do,Globex Ltd - Enterprise Rollout,PHS-00542,Initiate,,,2026-05-17,2026-06-16,33.72,,,,Deploy integration 3,,,,,,,0.00,,true,Program Management
PRJ-0152,TSK-002972,Migrate integration 5,Completed,Globex Ltd - Enterprise Rollout,PHS-00545,Test,,,2026-05-18,2026-06-01,22.44,,,,Review playbook 4,,,,,2026-05-18,2026-06-05,0.00,,true,Transition
PRJ-0152,TSK-002973,Document data model 6,To do,Globex Ltd - Enterprise Rollout,PHS-00546,Transfer,Hana Rossi,,2026-05-19,2026-05-21,37.44,,,,Migrate integration 5,,,,,,,0.00,,true,Build and Deployment
PRJ-0152,TSK-002974,Train playbook 7,In progress,Globex Ltd - Enterprise Rollout,PHS-00545,Test,Sofia Rossi,,2026-05-20,2026-06-10,6.49,,,,Document data model 6,,,,,2026-05-20,,0.00,,true,Build and Deployment
PRJ-0152,TSK-002975,Deploy environment 8,Completed,Globex Ltd - Enterprise Rollout,PHS-00546,Transfer,Hana Rossi,,2026-05-21,2026-05-30,12.41,,,,Train playbook 7,,,,,2026-05-21,2026-06-16,0.00,,true,Build and Deployment
PRJ-0152,TSK-002976,Configure integration 9,Completed,Globex Ltd - Enterprise Rollout,PHS-00545,Test,,,2026-05-22,2026-06-03,22.25,,,,Deploy environment 8,,,,,2026-05-22,2026-06-05,0.00,,true,Build and Deployment
PRJ-0152,TSK-002977,Review template 10,To do,Globex Ltd - Enterprise Rollout,PHS-00544,Configure & Build,Hana Rossi,,2026-05-23,2026-05-26,4.22,,,,Configure integration 9,,,,,,,0.00,,false,
PRJ-0152,TSK-002978,Migrate workflow 11,Completed,Globex Ltd - Enterprise Rollout,PHS-00541,Getting Started,Kwame Rossi,,2026-05-24,2026-06-07,25.52,,,,Review template 10,,,,,2026-05-24,2026-06-04,0.00,,false,Transition
PRJ-0152,TSK-002979,Configure integration 12,To do,Globex Ltd - Enterprise Rollout,PHS-00542,Initiate,Kwame Rossi,,2026-05-25,2026-06-07,0.00,,,,Migrate workflow 11,,,,,,,0.00,,false,Program Management
PRJ-0152,TSK-002980,Migrate template 13,Completed,Globex Ltd - Enterprise Rollout,PHS-00544,Configure & Build,Hana Rossi,,2026-05-26,2026-05-28,25.37,,,,,,,,,2026-05-26,2026-06-04,0.00,,true,Transition
PRJ-0152,TSK-002981,Validate playbook 14,Completed,Globex Ltd - Enterprise Rollout,PHS-00544,Configure & Build,Hana Rossi,,2026-05-27,2026-06-26,0.00,,,,"Train workflow 1, Review playbook 4",,,,,2026-05-27,2026-06-13,0.00,,true,
PRJ-0152,TSK-002982,Train playbook 15,Completed,Globex Ltd - Enterprise Rollout,PHS-00541,Getting Started,,,2026-05-28,2026-06-27,5.96,,,,,,,,,2026-05-28,2026-06-10,0.00,,false,
PRJ-0152,TSK-002983,Configure data model 16,To do,Globex Ltd - Enterprise Rollout,PHS-00544,Configure & Build,Hana Rossi,,2026-05-29,2026-06-19,0.00,,,,,,,,,,,0.00,,true,Discovery
PRJ-0152,TSK-002984,Deploy workflow 17,In progress,Globex Ltd - Enterprise Rollout,PHS-00542,Initiate,,,2026-05-30,2026-05-31,0.00,,,,,,,,,2026-05-30,,0.00,,true,Project Setup
PRJ-0152,TSK-002985,Migrate workflow 18,Completed,Globex Ltd - Enterprise Rollout,PHS-00543,Discover & Design,Hana Rossi,,2026-05-31,2026-06-13,35.73,,,,,,,,,2026-05-31,2026-06-20,0.00,,true,Project Setup
PRJ-0152,TSK-002986,Migrate workflow 19,In progress,Globex Ltd - Enterprise Rollout,PHS-00544,Configure & Build,Kwame Rossi,,2026-06-01,2026-06-28,0.00,,,,"Document data model 6, Configure integration 9, Migrate workflow 18",,,,,2026-06-01,,0.00,,true,Test Execution
PRJ-0152,TSK-002987,Document workflow 20,Completed,Globex Ltd - Enterprise Rollout,PHS-00541,Getting Started,Hana Rossi,,2026-06-02,2026-06-08,0.00,,,,Configure data model 16,,,,,2026-06-02,2026-07-02,0.00,,true,Transition
PRJ-0152,TSK-002988,Validate workflow 21,Completed,Globex Ltd - Enterprise Rollout,PHS-00544,Configure & Build,Hana Rossi,,2026-06-03,2026-06-04,0.00,,,,,,,,,2026-06-03,2026-06-16,0.00,,false,Transition
PRJ-0152,TSK-002989,Train report 22,Completed,Globex Ltd - Enterprise Rollout,PHS-00541,Getting Started,Hana Rossi,,2026-06-04,2026-06-18,34.33,,,,,,,,,2026-06-04,2026-06-10,0.00,,true,Program Management
PRJ-0152,TSK-002990,Review report 23,Completed,Globex Ltd - Enterprise Rollout,PHS-00542,Initiate,Hana Rossi,,2026-06-05,2026-06-14,13.50,,,,"Review report 2, Migrate workflow 11, Validate playbook 14, Configure data model 16, Deploy workflow 17, Document workflow 20",,,,,2026-06-05,2026-07-05,0.00,,true,Test Execution
PRJ-0152,TSK-002991,Review playbook 24,In progress,Globex Ltd - Enterprise Rollout,PHS-00543,Discover & Design,,,2026-06-06,2026-07-02,0.00,true,,,,,,,,2026-06-06,,0.00,,true,Discovery
PRJ-0152,TSK-002992,Document integration 25,To do,Globex Ltd - Enterprise Rollout,PHS-00544,Configure & Build,,,2026-06-07,2026-07-06,0.00,true,,,,,,,,,,0.00,,true,Project Setup
PRJ-0153,TSK-002993,Document permission set 1,Completed,Soylent Ltd - CLM Implementation,PHS-00548,Initiate,,,2026-04-20,2026-05-09,18.55,,,,,,,,,2026-04-20,2026-05-13,0.00,,true,
PRJ-0153,TSK-002994,Review report 2,To do,Soylent Ltd - CLM Implementation,PHS-00547,Getting Started,Yusuf Rossi,,2026-04-21,2026-05-06,38.09,,,,Document permission set 1,,,,,,,0.00,,true,Program Management
PRJ-0153,TSK-002995,Review permission set 3,Completed,Soylent Ltd - CLM Implementation,PHS-00548,Initiate,Lena Sato,,2026-04-22,2026-05-12,36.71,,,,Review report 2,,,,,2026-04-22,2026-05-19,0.00,,true,Transition
PRJ-0153,TSK-002996,Review template 4,Completed,Soylent Ltd - CLM Implementation,PHS-00547,Getting Started,Yusuf Rossi,,2026-04-23,2026-05-10,27.54,,,,Review permission set 3,,,,,2026-04-23,2026-05-03,0.00,,true,Build and Deployment
PRJ-0153,TSK-002997,Train playbook 5,To do,Soylent Ltd - CLM Implementation,PHS-00548,Initiate,Yusuf Rossi,,2026-04-24,2026-05-23,35.24,,,,Review template 4,,,,,,,0.00,,true,Build and Deployment
PRJ-0153,TSK-002998,Review template 6,Completed,Soylent Ltd - CLM Implementation,PHS-00548,Initiate,,,2026-04-25,2026-04-28,28.50,,,,Train playbook 5,,,,,2026-04-25,2026-05-02,0.00,,true,
PRJ-0153,TSK-002999,Document template 7,Completed,Soylent Ltd - CLM Implementation,PHS-00548,Initiate,Yusuf Rossi,,2026-04-26,2026-04-29,21.38,,,,Review template 6,,,,,2026-04-26,2026-04-30,0.00,,false,Discovery
PRJ-0153,TSK-003000,Configure report 8,In progress,Soylent Ltd - CLM Implementation,PHS-00548,Initiate,,,2026-04-27,2026-05-21,0.00,,,,Document template 7,,,,,2026-04-27,,0.00,,true,Program Management
PRJ-0153,TSK-003001,Audit playbook 9,To do,Soylent Ltd - CLM Implementation,PHS-00548,Initiate,,,2026-04-28,2026-04-29,0.00,,,,Configure report 8,,,,,,,0.00,,false,
PRJ-0153,TSK-003002,Train workflow 10,To do,Soylent Ltd - CLM Implementation,PHS-00548,Initiate,,,2026-04-29,2026-05-14,0.00,,,,Audit playbook 9,,,,,,,0.00,,true,Test Execution
PRJ-0153,TSK-003003,Audit permission set 11,Completed,Soylent Ltd - CLM Implementation,PHS-00547,Getting Started,Lena Sato,,2026-04-30,2026-05-19,18.22,,,,Train workflow 10,,,,,2026-04-30,2026-05-25,0.00,,true,Program Management
PRJ-0153,TSK-003004,Validate playbook 12,To do,Soylent Ltd - CLM Implementation,PHS-00547,Getting Started,,,2026-05-01,2026-05-31,0.00,,,,Audit permission set 11,,,,,,,0.00,,true,
PRJ-0153,TSK-003005,Validate workflow 13,Completed,Soylent Ltd - CLM Implementation,PHS-00547,Getting Started,,,2026-05-02,2026-05-09,26.75,,,,,TSK-002994,Review report 2,,,2026-05-02,2026-05-03,0.00,,true,
PRJ-0153,TSK-003006,Document permission set 14,Completed,Soylent Ltd - CLM Implementation,PHS-00547,Getting Started,Lena Sato,,2026-05-03,2026-05-27,0.00,,,,"Document permission set 1, Review template 6, Configure report 8, Audit playbook 9, Validate workflow 13",,,,,2026-05-03,2026-05-16,0.00,,true,Discovery
PRJ-0153,TSK-003007,Train playbook 15,Completed,Soylent Ltd - CLM Implementation,PHS-00548,Initiate,,,2026-05-04,2026-05-05,5.47,,,,,,,,,2026-05-04,2026-06-02,0.00,,true,Discovery
PRJ-0153,TSK-003008,Document environment 16,Completed,Soylent Ltd - CLM Implementation,PHS-00547,Getting Started,Arjun Sato,,2026-05-05,2026-05-11,35.92,,,,Document permission set 1,,,,,2026-05-05,2026-05-11,0.00,,false,Test Execution
PRJ-0153,TSK-003009,Configure environment 17,Completed,Soylent Ltd - CLM Implementation,PHS-00548,Initiate,Yusuf Rossi,,2026-05-06,2026-05-31,13.37,,,,"Review permission set 3, Review template 4, Configure report 8, Train playbook 15",,,,,2026-05-06,2026-05-22,0.00,,false,Build and Deployment
PRJ-0153,TSK-003010,Configure integration 18,Completed,Soylent Ltd - CLM Implementation,PHS-00547,Getting Started,Yusuf Rossi,,2026-05-07,2026-05-20,0.00,,,,"Document permission set 1, Review permission set 3, Review template 6, Train workflow 10, Document permission set 14",,,,,2026-05-07,2026-05-16,0.00,,true,Program Management
PRJ-0153,TSK-003011,Deploy report 19,In progress,Soylent Ltd - CLM Implementation,PHS-00548,Initiate,Arjun Sato,,2026-05-08,2026-05-30,34.60,,,,,,,,,2026-05-08,,0.00,,true,Test Execution
PRJ-0153,TSK-003012,Train playbook 20,To do,Soylent Ltd - CLM Implementation,PHS-00547,Getting Started,,,2026-05-09,2026-05-13,37.19,,,,"Review template 6, Configure environment 17, Deploy report 19",,,,,,,0.00,,true,Project Setup
PRJ-0153,TSK-003013,Validate playbook 21,Completed,Soylent Ltd - CLM Implementation,PHS-00547,Getting Started,Yusuf Rossi,,2026-05-10,2026-05-11,0.00,,,,"Review report 2, Document template 7, Audit permission set 11, Document environment 16, Train playbook 20",,,,,2026-05-10,2026-05-23,0.00,,true,Discovery
PRJ-0153,TSK-003014,Migrate data model 22,In progress,Soylent Ltd - CLM Implementation,PHS-00548,Initiate,Arjun Sato,,2026-05-11,2026-06-10,21.50,,,,"Review report 2, Train playbook 5, Audit permission set 11",,,,,2026-05-11,,0.00,,true,Build and Deployment
PRJ-0153,TSK-003015,Validate environment 23,In progress,Soylent Ltd - CLM Implementation,PHS-00547,Getting Started,Lena Sato,,2026-05-12,2026-06-02,27.81,,,,"Document permission set 1, Review template 4, Document template 7",,,,,2026-05-12,,0.00,,true,Test Execution
PRJ-0153,TSK-003016,Configure integration 24,In progress,Soylent Ltd - CLM Implementation,PHS-00547,Getting Started,Mei Sato,,2026-05-13,2026-05-31,39.41,true,,,"Review template 6, Train workflow 10, Validate environment 23",,,,,2026-05-13,,0.00,,true,Project Setup
PRJ-0153,TSK-003017,Train integration 25,Completed,Soylent Ltd - CLM Implementation,PHS-00547,Getting Started,,,2026-05-14,2026-05-24,14.45,true,,,,,,,,2026-05-14,2026-06-02,0.00,,true,
PRJ-0154,TSK-003018,Train permission set 1,To do,Tyrell Inc - CLM Implementation,PHS-00552,Configure & Build,Tomas Sato,,2026-05-29,2026-06-22,2.44,,,,,,,,,,,0.00,,true,
PRJ-0154,TSK-003019,Document integration 2,Completed,Tyrell Inc - CLM Implementation,PHS-00550,Initiate,Tomas Sato,,2026-05-30,2026-06-16,7.03,,,,Train permission set 1,,,,,2026-05-30,2026-06-23,0.00,,true,Program Management
PRJ-0154,TSK-003020,Train workflow 3,To do,Tyrell Inc - CLM Implementation,PHS-00551,Discover & Design,,,2026-05-31,2026-06-03,5.90,,,,Document integration 2,,,,,,,0.00,,false,Test Execution
PRJ-0154,TSK-003021,Deploy environment 4,Completed,Tyrell Inc - CLM Implementation,PHS-00549,Getting Started,,,2026-06-01,2026-06-03,36.08,,,,Train workflow 3,,,,,2026-06-01,2026-07-01,0.00,,true,Test Execution
PRJ-0154,TSK-003022,Audit environment 5,To do,Tyrell Inc - CLM Implementation,PHS-00552,Configure & Build,,,2026-06-02,2026-06-29,39.17,,,,Deploy environment 4,,,,,,,0.00,,true,Discovery
PRJ-0154,TSK-003023,Validate permission set 6,Completed,Tyrell Inc - CLM Implementation,PHS-00550,Initiate,,,2026-06-03,2026-06-08,0.00,,,,Audit environment 5,,,,,2026-06-03,2026-07-03,0.00,,true,Test Execution
PRJ-0154,TSK-003024,Document report 7,To do,Tyrell Inc - CLM Implementation,PHS-00550,Initiate,Tomas Sato,,2026-06-04,2026-06-06,0.00,,,,Validate permission set 6,,,,,,,0.00,,false,
PRJ-0154,TSK-003025,Train environment 8,Completed,Tyrell Inc - CLM Implementation,PHS-00550,Initiate,,,2026-06-05,2026-06-22,27.22,,,,Document report 7,,,,,2026-06-05,2026-06-23,0.00,,false,Project Setup
PRJ-0154,TSK-003026,Validate workflow 9,In progress,Tyrell Inc - CLM Implementation,PHS-00552,Configure & Build,Tomas Sato,,2026-06-06,2026-06-17,0.00,,,,Train environment 8,,,,,2026-06-06,,0.00,,true,Discovery
PRJ-0154,TSK-003027,Migrate permission set 10,To do,Tyrell Inc - CLM Implementation,PHS-00550,Initiate,Tomas Sato,,2026-06-07,2026-07-04,28.30,,,,Validate workflow 9,,,,,,,0.00,,true,Transition
PRJ-0154,TSK-003028,Review playbook 11,To do,Tyrell Inc - CLM Implementation,PHS-00552,Configure & Build,,,2026-06-08,2026-06-11,0.00,,,,Migrate permission set 10,,,,,,,0.00,,false,Project Setup
PRJ-0154,TSK-003029,Train playbook 12,In progress,Tyrell Inc - CLM Implementation,PHS-00550,Initiate,Tomas Sato,,2026-06-09,2026-06-21,0.76,,,,Review playbook 11,,,,,2026-06-09,,0.00,,true,Test Execution
PRJ-0154,TSK-003030,Deploy data model 13,To do,Tyrell Inc - CLM Implementation,PHS-00550,Initiate,Tomas Sato,,2026-06-10,2026-06-21,0.00,,,,"Document integration 2, Document report 7, Review playbook 11",,,,,,,0.00,,true,Project Setup
PRJ-0154,TSK-003031,Configure data model 14,Completed,Tyrell Inc - CLM Implementation,PHS-00550,Initiate,Tomas Sato,,2026-06-11,2026-06-17,22.83,,,,Validate workflow 9,,,,,2026-06-11,2026-07-06,0.00,,true,Transition
PRJ-0154,TSK-003032,Migrate playbook 15,NA,Tyrell Inc - CLM Implementation,PHS-00552,Configure & Build,Tomas Sato,,2026-06-12,2026-06-21,0.00,,,,,,,,,,,0.00,,true,Build and Deployment
PRJ-0154,TSK-003033,Validate integration 16,Completed,Tyrell Inc - CLM Implementation,PHS-00550,Initiate,Tomas Sato,,2026-06-13,2026-06-17,29.28,,,,,,,,,2026-06-13,2026-07-06,0.00,,true,Program Management
PRJ-0154,TSK-003034,Review integration 17,Completed,Tyrell Inc - CLM Implementation,PHS-00551,Discover & Design,,,2026-06-14,2026-06-16,20.44,,,,,,,,,2026-06-14,2026-07-04,0.00,,true,Build and Deployment
PRJ-0154,TSK-003035,Audit permission set 18,To do,Tyrell Inc - CLM Implementation,PHS-00549,Getting Started,,,2026-06-15,2026-07-12,0.00,,,,,,,,,,,0.00,,true,Build and Deployment
PRJ-0154,TSK-003036,Audit environment 19,Completed,Tyrell Inc - CLM Implementation,PHS-00549,Getting Started,Tomas Sato,,2026-06-16,2026-06-25,38.73,,,,,,,,,2026-06-16,2026-07-05,0.00,,true,Build and Deployment
PRJ-0154,TSK-003037,Document data model 20,To do,Tyrell Inc - CLM Implementation,PHS-00552,Configure & Build,Tomas Sato,,2026-06-17,2026-07-10,0.00,,,,,,,,,,,0.00,,false,Discovery
PRJ-0154,TSK-003038,Deploy integration 21,To do,Tyrell Inc - CLM Implementation,PHS-00549,Getting Started,Tomas Sato,,2026-06-18,2026-06-23,0.00,true,,,"Train workflow 3, Review playbook 11",,,,,,,0.00,,false,Discovery
PRJ-0154,TSK-003039,Review data model 22,Completed,Tyrell Inc - CLM Implementation,PHS-00549,Getting Started,Tomas Sato,,2026-06-19,2026-07-01,3.58,true,,,,,,,,2026-06-19,2026-06-26,0.00,,true,Discovery
PRJ-0155,TSK-003040,Audit environment 1,Completed,Northwind LLC - Phase 2 Rollout,PHS-00554,Initiate,Yusuf Sato,,2026-06-18,2026-07-15,28.88,,,,,,,,,2026-06-18,2026-07-11,0.00,,true,Transition
PRJ-0155,TSK-003041,Deploy integration 2,NA,Northwind LLC - Phase 2 Rollout,PHS-00553,Getting Started,,,2026-06-19,2026-07-03,9.00,,,,Audit environment 1,,,,,,,0.00,,false,Transition
PRJ-0155,TSK-003042,Train integration 3,To do,Northwind LLC - Phase 2 Rollout,PHS-00554,Initiate,Marco Sato,,2026-06-20,2026-07-01,0.00,,,,Deploy integration 2,,,,,,,0.00,,true,Build and Deployment
PRJ-0155,TSK-003043,Audit environment 4,Blocked,Northwind LLC - Phase 2 Rollout,PHS-00553,Getting Started,Yusuf Sato,,2026-06-21,2026-07-19,19.85,,,,Train integration 3,,,,,,,0.00,,true,Project Setup
PRJ-0155,TSK-003044,Migrate integration 5,Completed,Northwind LLC - Phase 2 Rollout,PHS-00554,Initiate,Tomas Sato,,2026-06-22,2026-07-04,34.93,,,,Audit environment 4,,,,,2026-06-22,2026-07-11,0.00,,true,Discovery
PRJ-0155,TSK-003045,Train template 6,Completed,Northwind LLC - Phase 2 Rollout,PHS-00553,Getting Started,,,2026-06-23,2026-07-08,0.00,,,,Migrate integration 5,,,,,2026-06-23,2026-07-01,0.00,,true,Test Execution
PRJ-0155,TSK-003046,Train environment 7,To do,Northwind LLC - Phase 2 Rollout,PHS-00554,Initiate,Amara Berg,,2026-06-24,2026-06-27,19.61,,,,Train template 6,,,,,,,0.00,,true,Test Execution
PRJ-0155,TSK-003047,Train playbook 8,Completed,Northwind LLC - Phase 2 Rollout,PHS-00554,Initiate,,,2026-06-25,2026-06-29,12.10,,,,Train environment 7,,,,,2026-06-25,2026-07-24,0.00,,true,Transition
PRJ-0155,TSK-003048,Review environment 9,Completed,Northwind LLC - Phase 2 Rollout,PHS-00553,Getting Started,,,2026-06-26,2026-07-08,0.00,,,,Train playbook 8,,,,,2026-06-26,2026-07-25,0.00,,true,Project Setup
PRJ-0155,TSK-003049,Configure environment 10,Completed,Northwind LLC - Phase 2 Rollout,PHS-00554,Initiate,,,2026-06-27,2026-06-28,21.20,,,,Review environment 9,,,,,2026-06-27,2026-07-11,0.00,,true,Project Setup
PRJ-0155,TSK-003050,Train data model 11,To do,Northwind LLC - Phase 2 Rollout,PHS-00554,Initiate,Amara Berg,,2026-06-28,2026-07-15,0.00,,,,Configure environment 10,,,,,,,0.00,,true,Build and Deployment
PRJ-0155,TSK-003051,Migrate environment 12,Completed,Northwind LLC - Phase 2 Rollout,PHS-00553,Getting Started,Amara Berg,,2026-06-29,2026-07-05,31.70,,,,Train data model 11,,,,,2026-06-29,2026-07-14,0.00,,true,Program Management
PRJ-0155,TSK-003052,Validate workflow 13,Completed,Northwind LLC - Phase 2 Rollout,PHS-00554,Initiate,Tomas Sato,,2026-06-30,2026-07-14,3.69,,,,,,,,,2026-06-30,2026-07-24,0.00,,true,Program Management
PRJ-0155,TSK-003053,Review permission set 14,To do,Northwind LLC - Phase 2 Rollout,PHS-00554,Initiate,Yusuf Sato,,2026-07-01,2026-07-16,0.00,,,,Train environment 7,,,,,,,0.00,,true,Build and Deployment
PRJ-0155,TSK-003054,Validate playbook 15,Completed,Northwind LLC - Phase 2 Rollout,PHS-00553,Getting Started,,,2026-07-02,2026-07-15,17.38,,,,,,,,,2026-07-02,2026-07-28,0.00,,true,Transition
PRJ-0155,TSK-003055,Migrate playbook 16,Completed,Northwind LLC - Phase 2 Rollout,PHS-00554,Initiate,Marco Sato,,2026-07-03,2026-07-21,0.00,,,,"Audit environment 1, Train integration 3, Audit environment 4, Migrate integration 5, Train playbook 8, Review permission set 14",,,,,2026-07-03,2026-07-30,0.00,,false,
PRJ-0155,TSK-003056,Document template 17,Completed,Northwind LLC - Phase 2 Rollout,PHS-00553,Getting Started,Marco Sato,,2026-07-04,2026-08-02,16.27,,,,"Train template 6, Train playbook 8, Review environment 9",,,,,2026-07-04,2026-08-01,0.00,,false,
PRJ-0155,TSK-003057,Review environment 18,In progress,Northwind LLC - Phase 2 Rollout,PHS-00554,Initiate,Yusuf Sato,,2026-07-05,2026-07-17,33.91,,,,Migrate playbook 16,,,,,2026-07-05,,0.00,,true,Project Setup
PRJ-0155,TSK-003058,Review data model 19,Completed,Northwind LLC - Phase 2 Rollout,PHS-00553,Getting Started,,,2026-07-06,2026-07-29,9.90,,,,"Audit environment 1, Train data model 11, Validate workflow 13, Validate playbook 15, Review environment 18",,,,,2026-07-06,2026-07-23,0.00,,true,
PRJ-0155,TSK-003059,Validate template 20,Completed,Northwind LLC - Phase 2 Rollout,PHS-00554,Initiate,Amara Berg,,2026-07-07,2026-07-11,9.61,,,,"Train integration 3, Migrate integration 5, Review permission set 14",,,,,2026-07-07,2026-07-10,0.00,,true,Program Management
PRJ-0155,TSK-003060,Validate report 21,Completed,Northwind LLC - Phase 2 Rollout,PHS-00554,Initiate,,,2026-07-08,2026-08-04,32.10,,,,"Audit environment 4, Migrate integration 5, Review permission set 14",,,,,2026-07-08,2026-07-29,0.00,,true,Discovery
PRJ-0155,TSK-003061,Document report 22,Blocked,Northwind LLC - Phase 2 Rollout,PHS-00553,Getting Started,,,2026-07-09,2026-07-19,26.89,,,,,,,,,,,0.00,,true,
PRJ-0155,TSK-003062,Review integration 23,To do,Northwind LLC - Phase 2 Rollout,PHS-00554,Initiate,,,2026-07-10,2026-07-13,17.55,true,,,"Audit environment 1, Validate workflow 13",,,,,,,0.00,,true,Test Execution
PRJ-0155,TSK-003063,Deploy data model 24,To do,Northwind LLC - Phase 2 Rollout,PHS-00553,Getting Started,Tomas Sato,,2026-07-11,2026-07-28,18.23,true,,,"Audit environment 1, Audit environment 4, Validate template 20",,,,,,,0.00,,true,Transition
PRJ-0156,TSK-003064,Train environment 1,To do,Acme LLC - CLM Implementation,PHS-00555,Getting Started,Marco Diallo,,2026-04-03,2026-04-17,39.85,,,,,,,,,,,0.00,,true,Project Setup
PRJ-0156,TSK-003065,Migrate data model 2,Completed,Acme LLC - CLM Implementation,PHS-00555,Getting Started,,,2026-04-04,2026-04-06,3.99,,,,Train environment 1,,,,,2026-04-04,2026-05-01,0.00,,true,Test Execution
PRJ-0156,TSK-003066,Validate integration 3,Completed,Acme LLC - CLM Implementation,PHS-00556,Initiate,Marco Diallo,,2026-04-05,2026-04-30,11.75,,,,Migrate data model 2,,,,,2026-04-05,2026-05-01,0.00,,true,Discovery
PRJ-0156,TSK-003067,Configure playbook 4,Completed,Acme LLC - CLM Implementation,PHS-00555,Getting Started,Marco Diallo,,2026-04-06,2026-04-28,14.76,,,,Validate integration 3,,,,,2026-04-06,2026-05-02,0.00,,true,Transition
PRJ-0156,TSK-003068,Document report 5,To do,Acme LLC - CLM Implementation,PHS-00556,Initiate,Arjun Sato,,2026-04-07,2026-04-17,0.00,,,,Configure playbook 4,,,,,,,0.00,,true,Program Management
PRJ-0156,TSK-003069,Deploy environment 6,In progress,Acme LLC - CLM Implementation,PHS-00556,Initiate,Arjun Sato,,2026-04-08,2026-05-04,0.00,,,,Document report 5,,,,,2026-04-08,,0.00,,true,Program Management
PRJ-0156,TSK-003070,Review playbook 7,In progress,Acme LLC - CLM Implementation,PHS-00556,Initiate,,,2026-04-09,2026-05-03,18.19,,,,Deploy environment 6,,,,,2026-04-09,,0.00,,true,Discovery
PRJ-0156,TSK-003071,Document template 8,Completed,Acme LLC - CLM Implementation,PHS-00557,Discover & Design,Marco Diallo,,2026-04-10,2026-04-27,4.25,,,,Review playbook 7,,,,,2026-04-10,2026-04-24,0.00,,true,Build and Deployment
PRJ-0156,TSK-003072,Review environment 9,To do,Acme LLC - CLM Implementation,PHS-00555,Getting Started,,,2026-04-11,2026-04-23,0.00,,,,Document template 8,,,,,,,0.00,,true,Build and Deployment
PRJ-0156,TSK-003073,Document environment 10,To do,Acme LLC - CLM Implementation,PHS-00556,Initiate,,,2026-04-12,2026-05-01,8.02,,,,Review environment 9,,,,,,,0.00,,true,Discovery
PRJ-0156,TSK-003074,Train workflow 11,To do,Acme LLC - CLM Implementation,PHS-00556,Initiate,,,2026-04-13,2026-04-16,13.39,,,,Document environment 10,,,,,,,0.00,,true,Transition
PRJ-0156,TSK-003075,Document report 12,Completed,Acme LLC - CLM Implementation,PHS-00555,Getting Started,,,2026-04-14,2026-04-27,0.00,,,,Train workflow 11,,,,,2026-04-14,2026-04-20,0.00,,false,Test Execution
PRJ-0156,TSK-003076,Configure playbook 13,NA,Acme LLC - CLM Implementation,PHS-00555,Getting Started,Arjun Sato,,2026-04-15,2026-05-08,16.70,,,,"Train environment 1, Migrate data model 2, Validate integration 3, Document report 5",,,,,,,0.00,,true,Transition
PRJ-0156,TSK-003077,Migrate report 14,Completed,Acme LLC - CLM Implementation,PHS-00555,Getting Started,Marco Diallo,,2026-04-16,2026-05-01,0.00,,,,Document environment 10,,,,,2026-04-16,2026-05-11,0.00,,true,
PRJ-0156,TSK-003078,Document integration 15,In progress,Acme LLC - CLM Implementation,PHS-00557,Discover & Design,,,2026-04-17,2026-05-14,0.27,,,,,TSK-003075,Document report 12,,,2026-04-17,,0.00,,true,Program Management
PRJ-0156,TSK-003079,Validate workflow 16,To do,Acme LLC - CLM Implementation,PHS-00555,Getting Started,Marco Diallo,,2026-04-18,2026-04-20,0.00,,,,,,,,,,,0.00,,false,
PRJ-0156,TSK-003080,Audit data model 17,Completed,Acme LLC - CLM Implementation,PHS-00557,Discover & Design,Marco Diallo,,2026-04-19,2026-04-25,36.67,,,,"Train workflow 11, Configure playbook 13, Validate workflow 16",,,,,2026-04-19,2026-05-19,0.00,,true,Program Management
PRJ-0156,TSK-003081,Document environment 18,Completed,Acme LLC - CLM Implementation,PHS-00556,Initiate,Arjun Sato,,2026-04-20,2026-04-21,0.00,,,,"Migrate data model 2, Train workflow 11",,,,,2026-04-20,2026-04-25,0.00,,true,Transition
PRJ-0156,TSK-003082,Validate template 19,Completed,Acme LLC - CLM Implementation,PHS-00555,Getting Started,,,2026-04-21,2026-04-26,38.00,,,,"Deploy environment 6, Document environment 10, Validate workflow 16",,,,,2026-04-21,2026-05-01,0.00,,true,Build and Deployment
PRJ-0156,TSK-003083,Review template 20,Completed,Acme LLC - CLM Implementation,PHS-00556,Initiate,Arjun Sato,,2026-04-22,2026-05-03,8.65,,,,,,,,,2026-04-22,2026-05-15,0.00,,true,
PRJ-0156,TSK-003084,Validate integration 21,Completed,Acme LLC - CLM Implementation,PHS-00557,Discover & Design,Marco Diallo,,2026-04-23,2026-05-12,5.34,true,,,,,,,,2026-04-23,2026-05-18,0.00,,false,Discovery
PRJ-0156,TSK-003085,Train report 22,In progress,Acme LLC - CLM Implementation,PHS-00556,Initiate,Arjun Sato,,2026-04-24,2026-05-11,20.20,true,,,Configure playbook 13,,,,,2026-04-24,,0.00,,true,Transition
PRJ-0157,TSK-003086,Audit playbook 1,To do,Contoso GmbH - Phase 1 Implementation,PHS-00558,Getting Started,,,2026-02-02,2026-02-19,33.24,,,,,,,,,,,0.00,,true,
PRJ-0157,TSK-003087,Deploy environment 2,To do,Contoso GmbH - Phase 1 Implementation,PHS-00558,Getting Started,Noah Diallo,,2026-02-03,2026-02-05,0.00,,,,Audit playbook 1,,,,,,,0.00,,true,Program Management
PRJ-0157,TSK-003088,Document data model 3,In progress,Contoso GmbH - Phase 1 Implementation,PHS-00558,Getting Started,,,2026-02-04,2026-02-13,6.20,,,,Deploy environment 2,,,,,2026-02-04,,0.00,,true,Build and Deployment
PRJ-0157,TSK-003089,Validate data model 4,In progress,Contoso GmbH - Phase 1 Implementation,PHS-00558,Getting Started,Noah Diallo,,2026-02-05,2026-02-11,3.58,,,,Document data model 3,,,,,2026-02-05,,0.00,,true,Test Execution
PRJ-0157,TSK-003090,Migrate permission set 5,To do,Contoso GmbH - Phase 1 Implementation,PHS-00558,Getting Started,Noah Diallo,,2026-02-06,2026-02-21,23.65,,,,Validate data model 4,,,,,,,0.00,,true,Test Execution
PRJ-0157,TSK-003091,Document template 6,In progress,Contoso GmbH - Phase 1 Implementation,PHS-00558,Getting Started,,,2026-02-07,2026-03-04,0.00,,,,Migrate permission set 5,,,,,2026-02-07,,0.00,,true,Test Execution
PRJ-0157,TSK-003092,Document workflow 7,To do,Contoso GmbH - Phase 1 Implementation,PHS-00559,Initiate,,,2026-02-08,2026-03-08,0.00,,,,Document template 6,,,,,,,0.00,,true,Project Setup
PRJ-0157,TSK-003093,Deploy environment 8,Completed,Contoso GmbH - Phase 1 Implementation,PHS-00558,Getting Started,Noah Diallo,,2026-02-09,2026-02-12,22.33,,,,Document workflow 7,,,,,2026-02-09,2026-02-12,0.00,,true,
PRJ-0157,TSK-003094,Audit environment 9,Completed,Contoso GmbH - Phase 1 Implementation,PHS-00559,Initiate,,,2026-02-10,2026-03-07,16.71,,,,Deploy environment 8,,,,,2026-02-10,2026-02-20,0.00,,true,
PRJ-0157,TSK-003095,Document playbook 10,In progress,Contoso GmbH - Phase 1 Implementation,PHS-00559,Initiate,Noah Diallo,,2026-02-11,2026-02-12,0.00,,,,Audit environment 9,,,,,2026-02-11,,0.00,,false,Build and Deployment
PRJ-0157,TSK-003096,Document environment 11,To do,Contoso GmbH - Phase 1 Implementation,PHS-00558,Getting Started,,,2026-02-12,2026-03-08,14.92,,,,Document playbook 10,,,,,,,0.00,,true,Program Management
PRJ-0157,TSK-003097,Audit template 12,Completed,Contoso GmbH - Phase 1 Implementation,PHS-00559,Initiate,,,2026-02-13,2026-03-08,0.32,,,,Document environment 11,,,,,2026-02-13,2026-02-20,0.00,,true,Program Management
PRJ-0157,TSK-003098,Migrate data model 13,Completed,Contoso GmbH - Phase 1 Implementation,PHS-00558,Getting Started,Noah Diallo,,2026-02-14,2026-03-06,38.18,,,,"Audit playbook 1, Validate data model 4",,,,,2026-02-14,2026-03-07,0.00,,true,Transition
PRJ-0157,TSK-003099,Migrate playbook 14,To do,Contoso GmbH - Phase 1 Implementation,PHS-00559,Initiate,Noah Diallo,,2026-02-15,2026-03-03,28.43,,,,Deploy environment 8,,,,,,,0.00,,true,Test Execution
PRJ-0157,TSK-003100,Train environment 15,Completed,Contoso GmbH - Phase 1 Implementation,PHS-00558,Getting Started,,,2026-02-16,2026-02-25,9.95,,,,"Document data model 3, Migrate permission set 5, Document environment 11, Migrate data model 13",,,,,2026-02-16,2026-02-19,0.00,,true,Transition
PRJ-0157,TSK-003101,Configure data model 16,Completed,Contoso GmbH - Phase 1 Implementation,PHS-00559,Initiate,Noah Diallo,,2026-02-17,2026-02-21,27.57,,,,"Audit playbook 1, Document data model 3, Validate data model 4, Migrate permission set 5, Audit environment 9",,,,,2026-02-17,2026-02-21,0.00,,false,Test Execution
PRJ-0157,TSK-003102,Train workflow 17,To do,Contoso GmbH - Phase 1 Implementation,PHS-00559,Initiate,Noah Diallo,,2026-02-18,2026-03-20,16.85,,,,,,,,,,,0.00,,true,Program Management
PRJ-0157,TSK-003103,Deploy report 18,Completed,Contoso GmbH - Phase 1 Implementation,PHS-00559,Initiate,Noah Diallo,,2026-02-19,2026-02-24,3.50,,,,,,,,,2026-02-19,2026-03-10,0.00,,true,
PRJ-0157,TSK-003104,Audit report 19,Completed,Contoso GmbH - Phase 1 Implementation,PHS-00558,Getting Started,Noah Diallo,,2026-02-20,2026-02-25,8.72,,,,,,,,,2026-02-20,2026-03-22,0.00,,true,Project Setup
PRJ-0157,TSK-003105,Train playbook 20,Completed,Contoso GmbH - Phase 1 Implementation,PHS-00559,Initiate,Noah Diallo,,2026-02-21,2026-03-16,0.63,true,,,,,,,,2026-02-21,2026-03-07,0.00,,true,Discovery
PRJ-0157,TSK-003106,Migrate template 21,Completed,Contoso GmbH - Phase 1 Implementation,PHS-00558,Getting Started,Noah Diallo,,2026-02-22,2026-03-06,17.57,true,,,"Document environment 11, Train workflow 17, Train playbook 20",,,,,2026-02-22,2026-02-28,0.00,,true,Build and Deployment
PRJ-0158,TSK-003107,Review integration 1,Completed,Initech Inc - Integration Program,PHS-00561,Initiate,Noah Diallo,,2026-04-12,2026-05-11,15.19,,,,,,,,,2026-04-12,2026-04-16,0.00,,true,Build and Deployment
PRJ-0158,TSK-003108,Validate report 2,Completed,Initech Inc - Integration Program,PHS-00562,Discover & Design,,,2026-04-13,2026-05-08,4.96,,,,Review integration 1,,,,,2026-04-13,2026-04-21,0.00,,true,Build and Deployment
PRJ-0158,TSK-003109,Configure environment 3,In progress,Initech Inc - Integration Program,PHS-00560,Getting Started,,,2026-04-14,2026-05-02,38.02,,,,Validate report 2,,,,,2026-04-14,,0.00,,true,Discovery
PRJ-0158,TSK-003110,Review data model 4,To do,Initech Inc - Integration Program,PHS-00561,Initiate,Noah Diallo,,2026-04-15,2026-05-13,0.00,,,,Configure environment 3,,,,,,,0.00,,true,Project Setup
PRJ-0158,TSK-003111,Migrate permission set 5,To do,Initech Inc - Integration Program,PHS-00560,Getting Started,,,2026-04-16,2026-04-26,39.86,,,,Review data model 4,,,,,,,0.00,,true,Test Execution
PRJ-0158,TSK-003112,Configure template 6,Completed,Initech Inc - Integration Program,PHS-00560,Getting Started,Yusuf Diallo,,2026-04-17,2026-05-12,32.43,,,,Migrate permission set 5,,,,,2026-04-17,2026-05-16,0.00,,true,Transition
PRJ-0158,TSK-003113,Validate data model 7,To do,Initech Inc - Integration Program,PHS-00561,Initiate,Noah Diallo,,2026-04-18,2026-04-20,0.00,,,,Configure template 6,,,,,,,0.00,,false,Transition
PRJ-0158,TSK-003114,Configure report 8,Completed,Initech Inc - Integration Program,PHS-00560,Getting Started,,,2026-04-19,2026-05-01,38.47,,,,Validate data model 7,,,,,2026-04-19,2026-04-27,0.00,,true,Discovery
PRJ-0158,TSK-003115,Audit workflow 9,To do,Initech Inc - Integration Program,PHS-00560,Getting Started,Yusuf Diallo,,2026-04-20,2026-05-18,0.00,,,,Configure report 8,,,,,,,0.00,,true,Transition
PRJ-0158,TSK-003116,Validate environment 10,NA,Initech Inc - Integration Program,PHS-00562,Discover & Design,Noah Diallo,,2026-04-21,2026-05-16,0.00,,,,Audit workflow 9,,,,,,,0.00,,true,Program Management
PRJ-0158,TSK-003117,Train environment 11,Completed,Initech Inc - Integration Program,PHS-00560,Getting Started,Noah Diallo,,2026-04-22,2026-05-20,1.13,,,,Validate environment 10,,,,,2026-04-22,2026-04-26,0.00,,true,Transition
PRJ-0158,TSK-003118,Validate workflow 12,In progress,Initech Inc - Integration Program,PHS-00560,Getting Started,Noah Diallo,,2026-04-23,2026-05-02,38.85,,,,Train environment 11,,,,,2026-04-23,,0.00,,false,Discovery
PRJ-0158,TSK-003119,Deploy integration 13,Completed,Initech Inc - Integration Program,PHS-00561,Initiate,Yusuf Diallo,,2026-04-24,2026-05-19,0.00,,,,,,,,,2026-04-24,2026-05-03,0.00,,false,Project Setup
PRJ-0158,TSK-003120,Deploy playbook 14,To do,Initech Inc - Integration Program,PHS-00560,Getting Started,Yusuf Diallo,,2026-04-25,2026-05-25,36.30,,,,,,,,,,,0.00,,false,Project Setup
PRJ-0158,TSK-003121,Migrate playbook 15,To do,Initech Inc - Integration Program,PHS-00561,Initiate,,,2026-04-26,2026-05-20,0.00,,,,"Review integration 1, Validate report 2, Review data model 4, Configure template 6, Deploy playbook 14",,,,,,,0.00,,true,Project Setup
PRJ-0158,TSK-003122,Migrate template 16,Blocked,Initech Inc - Integration Program,PHS-00560,Getting Started,,,2026-04-27,2026-05-19,8.87,,,,,,,,,,,0.00,,true,
PRJ-0158,TSK-003123,Document data model 17,Completed,Initech Inc - Integration Program,PHS-00560,Getting Started,Noah Diallo,,2026-04-28,2026-05-20,39.01,,,,"Validate report 2, Configure report 8, Validate environment 10, Migrate template 16",,,,,2026-04-28,2026-05-10,0.00,,true,Project Setup
PRJ-0158,TSK-003124,Validate report 18,To do,Initech Inc - Integration Program,PHS-00560,Getting Started,Yusuf Diallo,,2026-04-29,2026-05-10,4.47,,,,"Review data model 4, Deploy integration 13, Migrate template 16, Document data model 17",,,,,,,0.00,,true,Program Management
PRJ-0158,TSK-003125,Validate template 19,To do,Initech Inc - Integration Program,PHS-00562,Discover & Design,,,2026-04-30,2026-05-21,0.00,,,,"Migrate permission set 5, Validate data model 7, Validate environment 10, Deploy playbook 14, Document data model 17",,,,,,,0.00,,true,Project Setup
PRJ-0158,TSK-003126,Document data model 20,NA,Initech Inc - Integration Program,PHS-00561,Initiate,Noah Diallo,,2026-05-01,2026-05-29,22.75,,,,,,,,,,,0.00,,true,Program Management
PRJ-0158,TSK-003127,Migrate data model 21,In progress,Initech Inc - Integration Program,PHS-00560,Getting Started,,,2026-05-02,2026-05-07,0.00,true,,,,,,,,2026-05-02,,0.00,,false,Build and Deployment
PRJ-0158,TSK-003128,Review permission set 22,To do,Initech Inc - Integration Program,PHS-00561,Initiate,Noah Diallo,,2026-05-03,2026-05-15,0.00,true,,,"Validate environment 10, Migrate playbook 15, Document data model 17",,,,,,,0.00,,true,
PRJ-0159,TSK-003129,Document template 1,Completed,Hooli Ltd - Enterprise Rollout,PHS-00564,Initiate,Lena Sato,,2026-07-19,2026-08-12,22.80,,,,,,,,,2026-07-19,2026-08-04,0.00,,true,Transition
PRJ-0159,TSK-003130,Train playbook 2,Completed,Hooli Ltd - Enterprise Rollout,PHS-00563,Getting Started,Lena Sato,,2026-07-20,2026-08-08,0.00,,,,Document template 1,,,,,2026-07-20,2026-07-22,0.00,,true,Program Management
PRJ-0159,TSK-003131,Document integration 3,Blocked,Hooli Ltd - Enterprise Rollout,PHS-00563,Getting Started,Mei Kaya,,2026-07-21,2026-08-15,28.77,,,,Train playbook 2,,,,,,,0.00,,true,Discovery
PRJ-0159,TSK-003132,Validate permission set 4,Completed,Hooli Ltd - Enterprise Rollout,PHS-00563,Getting Started,Lena Sato,,2026-07-22,2026-08-10,31.66,,,,Document integration 3,,,,,2026-07-22,2026-08-18,0.00,,true,Build and Deployment
PRJ-0159,TSK-003133,Validate report 5,In progress,Hooli Ltd - Enterprise Rollout,PHS-00563,Getting Started,,,2026-07-23,2026-07-28,0.00,,,,Validate permission set 4,,,,,2026-07-23,,0.00,,false,Program Management
PRJ-0159,TSK-003134,Migrate workflow 6,To do,Hooli Ltd - Enterprise Rollout,PHS-00564,Initiate,Mei Kaya,,2026-07-24,2026-08-12,0.00,,,,Validate report 5,,,,,,,0.00,,true,Transition
PRJ-0159,TSK-003135,Migrate integration 7,Completed,Hooli Ltd - Enterprise Rollout,PHS-00563,Getting Started,Mei Kaya,,2026-07-25,2026-08-23,0.84,,,,Migrate workflow 6,,,,,2026-07-25,2026-08-19,0.00,,true,Discovery
PRJ-0159,TSK-003136,Deploy playbook 8,To do,Hooli Ltd - Enterprise Rollout,PHS-00563,Getting Started,Lena Sato,,2026-07-26,2026-08-15,0.00,,,,Migrate integration 7,,,,,,,0.00,,true,Test Execution
PRJ-0159,TSK-003137,Audit playbook 9,Completed,Hooli Ltd - Enterprise Rollout,PHS-00563,Getting Started,,,2026-07-27,2026-08-15,6.19,,,,Deploy playbook 8,,,,,2026-07-27,2026-08-11,0.00,,true,Discovery
PRJ-0159,TSK-003138,Configure environment 10,Completed,Hooli Ltd - Enterprise Rollout,PHS-00564,Initiate,Mei Kaya,,2026-07-28,2026-07-30,22.98,,,,Audit playbook 9,,,,,2026-07-28,2026-08-25,0.00,,true,Discovery
PRJ-0159,TSK-003139,Migrate template 11,Completed,Hooli Ltd - Enterprise Rollout,PHS-00563,Getting Started,Mei Kaya,,2026-07-29,2026-08-23,37.83,,,,Configure environment 10,,,,,2026-07-29,2026-08-25,0.00,,true,
PRJ-0159,TSK-003140,Review template 12,Completed,Hooli Ltd - Enterprise Rollout,PHS-00563,Getting Started,,,2026-07-30,2026-08-09,38.81,,,,Migrate template 11,,,,,2026-07-30,2026-08-26,0.00,,true,
PRJ-0159,TSK-003141,Deploy data model 13,To do,Hooli Ltd - Enterprise Rollout,PHS-00564,Initiate,Mei Kaya,,2026-07-31,2026-08-15,14.65,,,,"Validate permission set 4, Validate report 5, Configure environment 10",,,,,,,0.00,,true,Test Execution
PRJ-0159,TSK-003142,Migrate permission set 14,In progress,Hooli Ltd - Enterprise Rollout,PHS-00564,Initiate,Mei Kaya,,2026-08-01,2026-08-13,0.00,,,,,TSK-003140,Review template 12,,,2026-08-01,,0.00,,true,Program Management
PRJ-0159,TSK-003143,Configure playbook 15,To do,Hooli Ltd - Enterprise Rollout,PHS-00564,Initiate,Mei Kaya,,2026-08-02,2026-08-27,0.00,,,,,,,,,,,0.00,,true,Program Management
PRJ-0159,TSK-003144,Configure data model 16,To do,Hooli Ltd - Enterprise Rollout,PHS-00564,Initiate,Lena Sato,,2026-08-03,2026-08-18,38.16,,,,,,,,,,,0.00,,true,Discovery
PRJ-0159,TSK-003145,Review workflow 17,Completed,Hooli Ltd - Enterprise Rollout,PHS-00563,Getting Started,,,2026-08-04,2026-08-14,27.52,,,,"Document integration 3, Deploy playbook 8, Migrate permission set 14",,,,,2026-08-04,2026-08-31,0.00,,true,Build and Deployment
PRJ-0159,TSK-003146,Validate integration 18,Completed,Hooli Ltd - Enterprise Rollout,PHS-00564,Initiate,Lena Sato,,2026-08-05,2026-09-03,0.00,,,,,,,,,2026-08-05,2026-08-12,0.00,,true,Program Management
PRJ-0159,TSK-003147,Review permission set 19,Completed,Hooli Ltd - Enterprise Rollout,PHS-00563,Getting Started,Lena Sato,,2026-08-06,2026-08-09,11.85,,,,Deploy data model 13,,,,,2026-08-06,2026-08-13,0.00,,true,Build and Deployment
PRJ-0159,TSK-003148,Deploy integration 20,Completed,Hooli Ltd - Enterprise Rollout,PHS-00564,Initiate,,,2026-08-07,2026-08-20,33.06,,,,"Train playbook 2, Migrate integration 7, Deploy playbook 8, Configure environment 10",,,,,2026-08-07,2026-08-29,0.00,,true,Build and Deployment
PRJ-0159,TSK-003149,Review report 21,In progress,Hooli Ltd - Enterprise Rollout,PHS-00564,Initiate,Lena Sato,,2026-08-08,2026-08-14,0.00,true,,,"Train playbook 2, Document integration 3, Migrate workflow 6, Migrate template 11",,,,,2026-08-08,,0.00,,true,Program Management
PRJ-0159,TSK-003150,Deploy report 22,To do,Hooli Ltd - Enterprise Rollout,PHS-00563,Getting Started,,,2026-08-09,2026-08-25,0.00,true,,,"Validate report 5, Audit playbook 9, Deploy data model 13, Migrate permission set 14, Configure data model 16",,,,,,,0.00,,true,Transition
PRJ-0160,TSK-003151,Migrate report 1,To do,Globex Inc - Phase 2 Rollout,PHS-00565,Getting Started,,,2026-03-08,2026-03-28,14.34,,,,,,,,,,,0.00,,true,Program Management
PRJ-0160,TSK-003152,Validate playbook 2,To do,Globex Inc - Phase 2 Rollout,PHS-00565,Getting Started,Tomas Sato,,2026-03-09,2026-04-08,0.00,,,,Migrate report 1,,,,,,,0.00,,true,
PRJ-0160,TSK-003153,Deploy template 3,To do,Globex Inc - Phase 2 Rollout,PHS-00566,Initiate,Daniel Kaya,,2026-03-10,2026-03-12,0.00,,,,Validate playbook 2,,,,,,,0.00,,false,Test Execution
PRJ-0160,TSK-003154,Configure environment 4,In progress,Globex Inc - Phase 2 Rollout,PHS-00566,Initiate,Marco Sato,,2026-03-11,2026-04-07,22.23,,,,Deploy template 3,,,,,2026-03-11,,0.00,,true,
PRJ-0160,TSK-003155,Configure integration 5,To do,Globex Inc - Phase 2 Rollout,PHS-00566,Initiate,Daniel Kaya,,2026-03-12,2026-04-11,7.77,,,,Configure environment 4,,,,,,,0.00,,false,
PRJ-0160,TSK-003156,Deploy template 6,To do,Globex Inc - Phase 2 Rollout,PHS-00565,Getting Started,Marco Sato,,2026-03-13,2026-03-27,0.00,,,,Configure integration 5,,,,,,,0.00,,true,
PRJ-0160,TSK-003157,Audit workflow 7,Completed,Globex Inc - Phase 2 Rollout,PHS-00565,Getting Started,Tomas Sato,,2026-03-14,2026-04-05,26.14,,,,Deploy template 6,,,,,2026-03-14,2026-03-23,0.00,,true,Discovery
PRJ-0160,TSK-003158,Audit integration 8,In progress,Globex Inc - Phase 2 Rollout,PHS-00566,Initiate,Marco Sato,,2026-03-15,2026-04-04,0.00,,,,Audit workflow 7,,,,,2026-03-15,,0.00,,true,
PRJ-0160,TSK-003159,Configure permission set 9,To do,Globex Inc - Phase 2 Rollout,PHS-00566,Initiate,Tomas Sato,,2026-03-16,2026-03-19,17.07,,,,Audit integration 8,,,,,,,0.00,,true,Program Management
PRJ-0160,TSK-003160,Audit integration 10,Completed,Globex Inc - Phase 2 Rollout,PHS-00565,Getting Started,Tomas Sato,,2026-03-17,2026-03-21,36.38,,,,Configure permission set 9,,,,,2026-03-17,2026-04-14,0.00,,true,Test Execution
PRJ-0160,TSK-003161,Document playbook 11,Completed,Globex Inc - Phase 2 Rollout,PHS-00565,Getting Started,,,2026-03-18,2026-04-13,24.12,,,,Audit integration 10,,,,,2026-03-18,2026-03-31,0.00,,false,Program Management
PRJ-0160,TSK-003162,Validate workflow 12,Completed,Globex Inc - Phase 2 Rollout,PHS-00566,Initiate,Elena Sato,,2026-03-19,2026-04-16,0.28,,,,Document playbook 11,,,,,2026-03-19,2026-04-05,0.00,,true,Transition
PRJ-0160,TSK-003163,Validate workflow 13,To do,Globex Inc - Phase 2 Rollout,PHS-00566,Initiate,Marco Sato,,2026-03-20,2026-04-09,34.51,,,,,,,,,,,0.00,,false,Discovery
PRJ-0160,TSK-003164,Configure data model 14,To do,Globex Inc - Phase 2 Rollout,PHS-00565,Getting Started,,,2026-03-21,2026-04-13,0.00,,,,,,,,,,,0.00,,true,Transition
PRJ-0160,TSK-003165,Configure integration 15,Completed,Globex Inc - Phase 2 Rollout,PHS-00566,Initiate,Tomas Sato,,2026-03-22,2026-03-23,0.00,,,,,,,,,2026-03-22,2026-04-06,0.00,,true,Discovery
PRJ-0160,TSK-003166,Configure environment 16,To do,Globex Inc - Phase 2 Rollout,PHS-00565,Getting Started,,,2026-03-23,2026-04-05,17.13,,,,"Deploy template 6, Document playbook 11, Configure integration 15",,,,,,,0.00,,true,Build and Deployment
PRJ-0160,TSK-003167,Deploy playbook 17,Completed,Globex Inc - Phase 2 Rollout,PHS-00566,Initiate,Tomas Sato,,2026-03-24,2026-03-29,3.94,,,,,,,,,2026-03-24,2026-04-21,0.00,,true,Build and Deployment
PRJ-0160,TSK-003168,Migrate environment 18,Completed,Globex Inc - Phase 2 Rollout,PHS-00566,Initiate,,,2026-03-25,2026-03-27,27.51,,,,,,,,,2026-03-25,2026-03-28,0.00,,true,Test Execution
PRJ-0160,TSK-003169,Review report 19,In progress,Globex Inc - Phase 2 Rollout,PHS-00566,Initiate,Elena Sato,,2026-03-26,2026-04-13,21.18,,,,,,,,,2026-03-26,,0.00,,true,Project Setup
PRJ-0160,TSK-003170,Document playbook 20,To do,Globex Inc - Phase 2 Rollout,PHS-00566,Initiate,Marco Sato,,2026-03-27,2026-04-20,0.00,,,,,TSK-003154,Configure environment 4,,,,,0.00,,true,Transition
PRJ-0160,TSK-003171,Train report 21,Completed,Globex Inc - Phase 2 Rollout,PHS-00565,Getting Started,Elena Sato,,2026-03-28,2026-04-02,7.54,true,,,,,,,,2026-03-28,2026-04-07,0.00,,true,Transition
PRJ-0160,TSK-003172,Train environment 22,To do,Globex Inc - Phase 2 Rollout,PHS-00566,Initiate,,,2026-03-29,2026-04-21,5.35,true,,,,,,,,,,0.00,,true,Test Execution
PRJ-0161,TSK-003173,Train playbook 1,Completed,Tyrell GmbH - Migration,PHS-00568,Initiate,,,2026-03-10,2026-03-14,17.11,,,,,,,,,2026-03-10,2026-03-15,0.00,,true,Build and Deployment
PRJ-0161,TSK-003174,Validate workflow 2,Completed,Tyrell GmbH - Migration,PHS-00567,Getting Started,,,2026-03-11,2026-04-04,36.33,,,,Train playbook 1,,,,,2026-03-11,2026-03-28,0.00,,true,Build and Deployment
PRJ-0161,TSK-003175,Document permission set 3,Completed,Tyrell GmbH - Migration,PHS-00568,Initiate,Daniel Kaya,,2026-03-12,2026-03-27,30.07,,,,Validate workflow 2,,,,,2026-03-12,2026-04-10,0.00,,true,Program Management
PRJ-0161,TSK-003176,Deploy workflow 4,Completed,Tyrell GmbH - Migration,PHS-00567,Getting Started,Noah Novak,,2026-03-13,2026-04-05,0.00,,,,Document permission set 3,,,,,2026-03-13,2026-03-29,0.00,,true,Build and Deployment
PRJ-0161,TSK-003177,Audit playbook 5,Completed,Tyrell GmbH - Migration,PHS-00567,Getting Started,,,2026-03-14,2026-04-13,3.06,,,,Deploy workflow 4,,,,,2026-03-14,2026-04-12,0.00,,true,
PRJ-0161,TSK-003178,Audit template 6,Completed,Tyrell GmbH - Migration,PHS-00567,Getting Started,Noah Novak,,2026-03-15,2026-04-02,20.46,,,,Audit playbook 5,,,,,2026-03-15,2026-04-03,0.00,,true,Transition
PRJ-0161,TSK-003179,Validate workflow 7,Completed,Tyrell GmbH - Migration,PHS-00567,Getting Started,Noah Novak,,2026-03-16,2026-03-18,4.03,,,,Audit template 6,,,,,2026-03-16,2026-04-01,0.00,,false,Build and Deployment
PRJ-0161,TSK-003180,Deploy workflow 8,Completed,Tyrell GmbH - Migration,PHS-00567,Getting Started,Noah Novak,,2026-03-17,2026-04-04,11.71,,,,Validate workflow 7,,,,,2026-03-17,2026-03-22,0.00,,true,Test Execution
PRJ-0161,TSK-003181,Migrate report 9,Completed,Tyrell GmbH - Migration,PHS-00567,Getting Started,,,2026-03-18,2026-04-03,21.57,,,,Deploy workflow 8,,,,,2026-03-18,2026-04-09,0.00,,true,Test Execution
PRJ-0161,TSK-003182,Configure playbook 10,Completed,Tyrell GmbH - Migration,PHS-00569,Discover & Design,,,2026-03-19,2026-03-27,28.05,,,,Migrate report 9,,,,,2026-03-19,2026-04-04,0.00,,true,Build and Deployment
PRJ-0161,TSK-003183,Deploy template 11,Completed,Tyrell GmbH - Migration,PHS-00569,Discover & Design,Daniel Kaya,,2026-03-20,2026-04-16,37.24,,,,Configure playbook 10,,,,,2026-03-20,2026-04-18,0.00,,false,Build and Deployment
PRJ-0161,TSK-003184,Audit template 12,Completed,Tyrell GmbH - Migration,PHS-00568,Initiate,Noah Novak,,2026-03-21,2026-04-07,34.38,,,,Deploy template 11,,,,,2026-03-21,2026-04-10,0.00,,true,
PRJ-0161,TSK-003185,Validate workflow 13,Completed,Tyrell GmbH - Migration,PHS-00569,Discover & Design,Daniel Kaya,,2026-03-22,2026-04-01,35.67,,,,Audit template 6,,,,,2026-03-22,2026-03-30,0.00,,true,Program Management
PRJ-0161,TSK-003186,Migrate report 14,Completed,Tyrell GmbH - Migration,PHS-00568,Initiate,Daniel Kaya,,2026-03-23,2026-04-16,33.69,,,,Validate workflow 2,,,,,2026-03-23,2026-04-07,0.00,,true,Transition
PRJ-0161,TSK-003187,Validate workflow 15,Completed,Tyrell GmbH - Migration,PHS-00567,Getting Started,Daniel Kaya,,2026-03-24,2026-04-08,17.63,,,,,,,,,2026-03-24,2026-03-30,0.00,,true,Transition
PRJ-0161,TSK-003188,Deploy integration 16,Completed,Tyrell GmbH - Migration,PHS-00568,Initiate,Noah Novak,,2026-03-25,2026-04-14,8.05,,,,,TSK-003186,Migrate report 14,,,2026-03-25,2026-04-17,0.00,,false,Test Execution
PRJ-0161,TSK-003189,Deploy template 17,Completed,Tyrell GmbH - Migration,PHS-00569,Discover & Design,Noah Novak,,2026-03-26,2026-04-22,27.79,,,,,,,,,2026-03-26,2026-04-23,0.00,,true,Program Management
PRJ-0161,TSK-003190,Configure template 18,Completed,Tyrell GmbH - Migration,PHS-00569,Discover & Design,,,2026-03-27,2026-04-20,15.42,,,,"Audit template 6, Validate workflow 15, Deploy integration 16",,,,,2026-03-27,2026-04-13,0.00,,true,Program Management
PRJ-0161,TSK-003191,Deploy template 19,Completed,Tyrell GmbH - Migration,PHS-00569,Discover & Design,Noah Novak,,2026-03-28,2026-03-29,26.27,true,,,,,,,,2026-03-28,2026-04-11,0.00,,true,Discovery
PRJ-0161,TSK-003192,Train data model 20,Completed,Tyrell GmbH - Migration,PHS-00568,Initiate,Daniel Kaya,,2026-03-29,2026-04-09,1.16,true,,,"Train playbook 1, Deploy workflow 4, Deploy workflow 8, Deploy template 11, Validate workflow 15, Deploy template 17",,,,,2026-03-29,2026-04-09,0.00,,false,Program Management
PRJ-0162,TSK-003193,Migrate template 1,Completed,Globex GmbH - Phase 1 Implementation,PHS-00573,Configure & Build,Yusuf Diallo,,2026-06-25,2026-06-29,25.28,,,,,,,,,2026-06-25,2026-07-03,0.00,,true,Test Execution
PRJ-0162,TSK-003194,Document permission set 2,NA,Globex GmbH - Phase 1 Implementation,PHS-00573,Configure & Build,,,2026-06-26,2026-07-22,32.87,,,,Migrate template 1,,,,,,,0.00,,true,Transition
PRJ-0162,TSK-003195,Review template 3,In progress,Globex GmbH - Phase 1 Implementation,PHS-00571,Initiate,Yusuf Diallo,,2026-06-27,2026-07-02,0.00,,,,Document permission set 2,,,,,2026-06-27,,0.00,,true,Test Execution
PRJ-0162,TSK-003196,Migrate report 4,In progress,Globex GmbH - Phase 1 Implementation,PHS-00573,Configure & Build,Yusuf Diallo,,2026-06-28,2026-07-17,27.75,,,,Review template 3,,,,,2026-06-28,,0.00,,true,Transition
PRJ-0162,TSK-003197,Migrate integration 5,Completed,Globex GmbH - Phase 1 Implementation,PHS-00573,Configure & Build,Mei Sato,,2026-06-29,2026-07-26,22.35,,,,Migrate report 4,,,,,2026-06-29,2026-07-12,0.00,,true,Transition
PRJ-0162,TSK-003198,Validate data model 6,Completed,Globex GmbH - Phase 1 Implementation,PHS-00573,Configure & Build,Kwame Novak,,2026-06-30,2026-07-29,37.57,,,,Migrate integration 5,,,,,2026-06-30,2026-07-17,0.00,,true,Discovery
PRJ-0162,TSK-003199,Document permission set 7,Blocked,Globex GmbH - Phase 1 Implementation,PHS-00572,Discover & Design,Kwame Novak,,2026-07-01,2026-07-28,0.66,,,,Validate data model 6,,,,,,,0.00,,false,
PRJ-0162,TSK-003200,Validate integration 8,Completed,Globex GmbH - Phase 1 Implementation,PHS-00573,Configure & Build,Mei Sato,,2026-07-02,2026-07-15,5.36,,,,Document permission set 7,,,,,2026-07-02,2026-07-06,0.00,,true,Project Setup
PRJ-0162,TSK-003201,Document integration 9,Completed,Globex GmbH - Phase 1 Implementation,PHS-00570,Getting Started,Kwame Novak,,2026-07-03,2026-07-27,33.82,,,,Validate integration 8,,,,,2026-07-03,2026-07-19,0.00,,true,Transition
PRJ-0162,TSK-003202,Audit template 10,NA,Globex GmbH - Phase 1 Implementation,PHS-00570,Getting Started,Mei Sato,,2026-07-04,2026-07-10,3.33,,,,Document integration 9,,,,,,,0.00,,true,Test Execution
PRJ-0162,TSK-003203,Document playbook 11,To do,Globex GmbH - Phase 1 Implementation,PHS-00572,Discover & Design,Yusuf Diallo,,2026-07-05,2026-07-12,5.45,,,,Audit template 10,,,,,,,0.00,,false,Program Management
PRJ-0162,TSK-003204,Validate data model 12,In progress,Globex GmbH - Phase 1 Implementation,PHS-00573,Configure & Build,,,2026-07-06,2026-07-18,3.37,,,,Document playbook 11,,,,,2026-07-06,,0.00,,true,Discovery
PRJ-0162,TSK-003205,Configure permission set 13,To do,Globex GmbH - Phase 1 Implementation,PHS-00573,Configure & Build,Kwame Novak,,2026-07-07,2026-07-08,0.00,true,,,Migrate integration 5,,,,,,,0.00,,true,Test Execution
PRJ-0163,TSK-003206,Validate integration 1,Blocked,Cyberdyne Inc - Phase 2 Rollout,PHS-00574,Getting Started,Amara Diallo,,2026-06-01,2026-06-13,0.00,,,,,,,,,,,0.00,,false,Program Management
PRJ-0163,TSK-003207,Audit template 2,Completed,Cyberdyne Inc - Phase 2 Rollout,PHS-00574,Getting Started,Amara Sato,,2026-06-02,2026-06-07,28.68,,,,Validate integration 1,,,,,2026-06-02,2026-06-13,0.00,,true,
PRJ-0163,TSK-003208,Train template 3,To do,Cyberdyne Inc - Phase 2 Rollout,PHS-00574,Getting Started,Amara Sato,,2026-06-03,2026-06-12,0.00,,,,Audit template 2,,,,,,,0.00,,true,Project Setup
PRJ-0163,TSK-003209,Audit template 4,Blocked,Cyberdyne Inc - Phase 2 Rollout,PHS-00575,Initiate,Amara Diallo,,2026-06-04,2026-06-23,0.00,,,,Train template 3,,,,,,,0.00,,true,Test Execution
PRJ-0163,TSK-003210,Review permission set 5,Completed,Cyberdyne Inc - Phase 2 Rollout,PHS-00575,Initiate,,,2026-06-05,2026-06-14,7.41,,,,Audit template 4,,,,,2026-06-05,2026-06-28,0.00,,true,Transition
PRJ-0163,TSK-003211,Migrate data model 6,Blocked,Cyberdyne Inc - Phase 2 Rollout,PHS-00575,Initiate,Tomas Sato,,2026-06-06,2026-06-13,19.92,,,,Review permission set 5,,,,,,,0.00,,false,
PRJ-0163,TSK-003212,Audit template 7,Completed,Cyberdyne Inc - Phase 2 Rollout,PHS-00574,Getting Started,Tomas Sato,,2026-06-07,2026-06-15,13.68,,,,Migrate data model 6,,,,,2026-06-07,2026-06-12,0.00,,true,Test Execution
PRJ-0163,TSK-003213,Document report 8,Completed,Cyberdyne Inc - Phase 2 Rollout,PHS-00575,Initiate,,,2026-06-08,2026-07-05,31.97,,,,Audit template 7,,,,,2026-06-08,2026-06-20,0.00,,true,Build and Deployment
PRJ-0163,TSK-003214,Migrate report 9,In progress,Cyberdyne Inc - Phase 2 Rollout,PHS-00574,Getting Started,Ingrid Sato,,2026-06-09,2026-06-13,21.60,,,,Document report 8,,,,,2026-06-09,,0.00,,true,
PRJ-0163,TSK-003215,Document template 10,To do,Cyberdyne Inc - Phase 2 Rollout,PHS-00574,Getting Started,Amara Diallo,,2026-06-10,2026-06-29,27.55,,,,Migrate report 9,,,,,,,0.00,,true,Project Setup
PRJ-0163,TSK-003216,Configure environment 11,NA,Cyberdyne Inc - Phase 2 Rollout,PHS-00574,Getting Started,Amara Sato,,2026-06-11,2026-06-20,0.00,,,,Document template 10,,,,,,,0.00,,false,Test Execution
PRJ-0163,TSK-003217,Document playbook 12,To do,Cyberdyne Inc - Phase 2 Rollout,PHS-00575,Initiate,Tomas Sato,,2026-06-12,2026-06-20,11.78,,,,Configure environment 11,,,,,,,0.00,,true,Build and Deployment
PRJ-0163,TSK-003218,Train permission set 13,Completed,Cyberdyne Inc - Phase 2 Rollout,PHS-00575,Initiate,,,2026-06-13,2026-06-30,0.00,,,,"Audit template 2, Review permission set 5, Migrate data model 6, Audit template 7, Document report 8",,,,,2026-06-13,2026-06-30,0.00,,true,Discovery
PRJ-0163,TSK-003219,Audit playbook 14,Completed,Cyberdyne Inc - Phase 2 Rollout,PHS-00574,Getting Started,Tomas Sato,,2026-06-14,2026-07-13,25.88,,,,,,,,,2026-06-14,2026-07-04,0.00,,true,Discovery
PRJ-0163,TSK-003220,Migrate workflow 15,NA,Cyberdyne Inc - Phase 2 Rollout,PHS-00574,Getting Started,Ingrid Sato,,2026-06-15,2026-07-09,0.00,,,,"Audit template 4, Migrate data model 6, Document report 8, Configure environment 11",,,,,,,0.00,,true,Program Management
PRJ-0163,TSK-003221,Configure environment 16,In progress,Cyberdyne Inc - Phase 2 Rollout,PHS-00574,Getting Started,Tomas Sato,,2026-06-16,2026-06-21,21.52,,,,"Validate integration 1, Audit template 4, Review permission set 5, Document template 10",,,,,2026-06-16,,0.00,,true,
PRJ-0163,TSK-003222,Review playbook 17,To do,Cyberdyne Inc - Phase 2 Rollout,PHS-00575,Initiate,Ingrid Sato,,2026-06-17,2026-07-01,31.32,,,,,,,,,,,0.00,,true,Build and Deployment
PRJ-0163,TSK-003223,Deploy template 18,In progress,Cyberdyne Inc - Phase 2 Rollout,PHS-00575,Initiate,Amara Diallo,,2026-06-18,2026-06-22,4.48,,,,"Audit template 2, Document report 8",,,,,2026-06-18,,0.00,,true,Program Management
PRJ-0163,TSK-003224,Audit workflow 19,Completed,Cyberdyne Inc - Phase 2 Rollout,PHS-00575,Initiate,Ingrid Sato,,2026-06-19,2026-07-05,26.72,,,,"Validate integration 1, Audit template 4, Review permission set 5, Configure environment 11",,,,,2026-06-19,2026-06-23,0.00,,false,Discovery
PRJ-0163,TSK-003225,Document workflow 20,Completed,Cyberdyne Inc - Phase 2 Rollout,PHS-00574,Getting Started,,,2026-06-20,2026-07-20,0.00,,,,"Train template 3, Review playbook 17",,,,,2026-06-20,2026-06-25,0.00,,true,Project Setup
PRJ-0163,TSK-003226,Train permission set 21,Completed,Cyberdyne Inc - Phase 2 Rollout,PHS-00575,Initiate,Tomas Sato,,2026-06-21,2026-07-19,19.47,,,,,,,,,2026-06-21,2026-06-25,0.00,,true,Transition
PRJ-0163,TSK-003227,Deploy permission set 22,Completed,Cyberdyne Inc - Phase 2 Rollout,PHS-00574,Getting Started,,,2026-06-22,2026-06-27,0.00,true,,,"Review permission set 5, Train permission set 13",,,,,2026-06-22,2026-07-06,0.00,,true,Test Execution
PRJ-0163,TSK-003228,Train permission set 23,Completed,Cyberdyne Inc - Phase 2 Rollout,PHS-00574,Getting Started,Amara Diallo,,2026-06-23,2026-07-13,0.00,true,,,,,,,,2026-06-23,2026-06-25,0.00,,true,Build and Deployment
PRJ-0164,TSK-003229,Migrate environment 1,In progress,Wonka LLC - Phase 1 Implementation,PHS-00576,Getting Started,Zara Novak,,2026-01-30,2026-02-27,24.13,,,,,,,,,2026-01-30,,0.00,,true,Build and Deployment
PRJ-0164,TSK-003230,Audit report 2,Blocked,Wonka LLC - Phase 1 Implementation,PHS-00576,Getting Started,Lena Kaya,,2026-01-31,2026-02-28,0.00,,,,Migrate environment 1,,,,,,,0.00,,true,Build and Deployment
PRJ-0164,TSK-003231,Document environment 3,To do,Wonka LLC - Phase 1 Implementation,PHS-00577,Initiate,,,2026-02-01,2026-02-24,0.00,,,,Audit report 2,,,,,,,0.00,,true,Project Setup
PRJ-0164,TSK-003232,Document permission set 4,Completed,Wonka LLC - Phase 1 Implementation,PHS-00577,Initiate,Kwame Novak,,2026-02-02,2026-02-11,1.46,,,,Document environment 3,,,,,2026-02-02,2026-02-06,0.00,,false,Build and Deployment
PRJ-0164,TSK-003233,Review permission set 5,To do,Wonka LLC - Phase 1 Implementation,PHS-00577,Initiate,Hana Kaya,,2026-02-03,2026-03-04,0.00,,,,Document permission set 4,,,,,,,0.00,,true,Project Setup
PRJ-0164,TSK-003234,Validate data model 6,NA,Wonka LLC - Phase 1 Implementation,PHS-00577,Initiate,Sofia Berg,,2026-02-04,2026-02-20,37.50,,,,Review permission set 5,,,,,,,0.00,,true,Build and Deployment
PRJ-0164,TSK-003235,Audit environment 7,To do,Wonka LLC - Phase 1 Implementation,PHS-00577,Initiate,Kwame Novak,,2026-02-05,2026-02-20,0.00,,,,Validate data model 6,,,,,,,0.00,,true,Transition
PRJ-0164,TSK-003236,Train report 8,Completed,Wonka LLC - Phase 1 Implementation,PHS-00576,Getting Started,Lena Kaya,,2026-02-06,2026-02-28,13.92,,,,Audit environment 7,,,,,2026-02-06,2026-02-14,0.00,,true,Test Execution
PRJ-0164,TSK-003237,Audit playbook 9,To do,Wonka LLC - Phase 1 Implementation,PHS-00576,Getting Started,,,2026-02-07,2026-02-20,34.22,,,,Train report 8,,,,,,,0.00,,true,Transition
PRJ-0164,TSK-003238,Configure workflow 10,Completed,Wonka LLC - Phase 1 Implementation,PHS-00576,Getting Started,,,2026-02-08,2026-03-03,28.21,,,,Audit playbook 9,,,,,2026-02-08,2026-02-22,0.00,,true,Project Setup
PRJ-0164,TSK-003239,Configure workflow 11,NA,Wonka LLC - Phase 1 Implementation,PHS-00576,Getting Started,Elena Diallo,,2026-02-09,2026-02-18,0.00,,,,Configure workflow 10,,,,,,,0.00,,true,Program Management
PRJ-0164,TSK-003240,Validate data model 12,Completed,Wonka LLC - Phase 1 Implementation,PHS-00577,Initiate,Kwame Novak,,2026-02-10,2026-03-08,3.46,,,,Configure workflow 11,,,,,2026-02-10,2026-03-05,0.00,,false,Project Setup
PRJ-0164,TSK-003241,Configure data model 13,Blocked,Wonka LLC - Phase 1 Implementation,PHS-00576,Getting Started,Lena Kaya,,2026-02-11,2026-02-21,7.52,,,,"Migrate environment 1, Review permission set 5, Validate data model 6",,,,,,,0.00,,true,Test Execution
PRJ-0164,TSK-003242,Review environment 14,Completed,Wonka LLC - Phase 1 Implementation,PHS-00577,Initiate,Kwame Novak,,2026-02-12,2026-02-24,35.55,,,,"Migrate environment 1, Document environment 3, Document permission set 4, Configure workflow 10, Configure workflow 11",,,,,2026-02-12,2026-02-21,0.00,,false,Transition
PRJ-0164,TSK-003243,Train integration 15,Completed,Wonka LLC - Phase 1 Implementation,PHS-00576,Getting Started,Elena Diallo,,2026-02-13,2026-03-07,4.43,,,,Document permission set 4,,,,,2026-02-13,2026-03-14,0.00,,true,
PRJ-0164,TSK-003244,Migrate data model 16,To do,Wonka LLC - Phase 1 Implementation,PHS-00577,Initiate,Zara Novak,,2026-02-14,2026-03-13,0.00,,,,Document permission set 4,,,,,,,0.00,,true,Transition
PRJ-0164,TSK-003245,Document integration 17,Completed,Wonka LLC - Phase 1 Implementation,PHS-00577,Initiate,Lena Kaya,,2026-02-15,2026-03-11,0.00,,,,"Audit report 2, Document permission set 4",,,,,2026-02-15,2026-03-14,0.00,,true,Discovery
PRJ-0164,TSK-003246,Train report 18,Completed,Wonka LLC - Phase 1 Implementation,PHS-00577,Initiate,,,2026-02-16,2026-03-10,30.97,,,,"Configure workflow 10, Train integration 15",,,,,2026-02-16,2026-03-13,0.00,,true,Project Setup
PRJ-0164,TSK-003247,Audit report 19,Completed,Wonka LLC - Phase 1 Implementation,PHS-00577,Initiate,,,2026-02-17,2026-02-25,0.00,,,,Configure data model 13,,,,,2026-02-17,2026-03-12,0.00,,true,Project Setup
PRJ-0164,TSK-003248,Configure template 20,Completed,Wonka LLC - Phase 1 Implementation,PHS-00577,Initiate,,,2026-02-18,2026-02-24,0.00,,,,Document permission set 4,,,,,2026-02-18,2026-03-13,0.00,,true,Test Execution
PRJ-0164,TSK-003249,Deploy integration 21,Completed,Wonka LLC - Phase 1 Implementation,PHS-00577,Initiate,Lena Kaya,,2026-02-19,2026-03-15,16.39,,,,,,,,,2026-02-19,2026-03-13,0.00,,true,Test Execution
PRJ-0164,TSK-003250,Audit environment 22,Completed,Wonka LLC - Phase 1 Implementation,PHS-00576,Getting Started,,,2026-02-20,2026-03-13,25.04,,,,,,,,,2026-02-20,2026-03-16,0.00,,false,Test Execution
PRJ-0164,TSK-003251,Configure data model 23,Completed,Wonka LLC - Phase 1 Implementation,PHS-00577,Initiate,,,2026-02-21,2026-02-22,30.16,,,,,,,,,2026-02-21,2026-03-06,0.00,,true,Discovery
PRJ-0164,TSK-003252,Train template 24,Completed,Wonka LLC - Phase 1 Implementation,PHS-00577,Initiate,Hana Kaya,,2026-02-22,2026-03-14,22.06,,,,"Audit report 2, Train report 8, Audit playbook 9, Configure workflow 10, Audit report 19",,,,,2026-02-22,2026-03-16,0.00,,true,Transition
PRJ-0164,TSK-003253,Audit data model 25,Completed,Wonka LLC - Phase 1 Implementation,PHS-00577,Initiate,,,2026-02-23,2026-03-20,12.50,true,,,"Audit environment 7, Configure workflow 10, Train integration 15",,,,,2026-02-23,2026-03-14,0.00,,true,Project Setup
PRJ-0164,TSK-003254,Migrate environment 26,Completed,Wonka LLC - Phase 1 Implementation,PHS-00577,Initiate,Kwame Novak,,2026-02-24,2026-03-05,24.07,true,,,"Document permission set 4, Migrate data model 16, Configure template 20, Audit environment 22",,,,,2026-02-24,2026-03-20,0.00,,true,Transition
PRJ-0165,TSK-003255,Migrate report 1,Completed,Hooli GmbH - Migration,PHS-00578,Getting Started,Kwame Rossi,,2026-03-15,2026-04-12,0.00,,,,,,,,,2026-03-15,2026-04-06,0.00,,true,
PRJ-0165,TSK-003256,Train integration 2,NA,Hooli GmbH - Migration,PHS-00578,Getting Started,,,2026-03-16,2026-03-30,0.00,,,,Migrate report 1,,,,,,,0.00,,false,Test Execution
PRJ-0165,TSK-003257,Migrate environment 3,NA,Hooli GmbH - Migration,PHS-00578,Getting Started,Amara Sato,,2026-03-17,2026-04-08,0.00,,,,Train integration 2,,,,,,,0.00,,true,Project Setup
PRJ-0165,TSK-003258,Train permission set 4,Completed,Hooli GmbH - Migration,PHS-00578,Getting Started,Kwame Rossi,,2026-03-18,2026-03-19,0.00,,,,Migrate environment 3,,,,,2026-03-18,2026-03-27,0.00,,true,Transition
PRJ-0165,TSK-003259,Deploy data model 5,In progress,Hooli GmbH - Migration,PHS-00578,Getting Started,Kwame Rossi,,2026-03-19,2026-03-27,11.79,,,,Train permission set 4,,,,,2026-03-19,,0.00,,true,Build and Deployment
PRJ-0165,TSK-003260,Audit template 6,Completed,Hooli GmbH - Migration,PHS-00578,Getting Started,Tomas Novak,,2026-03-20,2026-04-17,33.49,,,,Deploy data model 5,,,,,2026-03-20,2026-04-11,0.00,,false,Discovery
PRJ-0165,TSK-003261,Configure playbook 7,Completed,Hooli GmbH - Migration,PHS-00578,Getting Started,Amara Sato,,2026-03-21,2026-04-06,6.06,,,,Audit template 6,,,,,2026-03-21,2026-03-30,0.00,,true,Project Setup
PRJ-0165,TSK-003262,Review environment 8,In progress,Hooli GmbH - Migration,PHS-00579,Initiate,Kwame Rossi,,2026-03-22,2026-04-18,31.67,,,,Configure playbook 7,,,,,2026-03-22,,0.00,,true,Program Management
PRJ-0165,TSK-003263,Migrate integration 9,In progress,Hooli GmbH - Migration,PHS-00578,Getting Started,Amara Sato,,2026-03-23,2026-04-19,0.00,,,,Review environment 8,,,,,2026-03-23,,0.00,,true,
PRJ-0165,TSK-003264,Train workflow 10,Completed,Hooli GmbH - Migration,PHS-00579,Initiate,Amara Sato,,2026-03-24,2026-03-31,10.52,,,,Migrate integration 9,,,,,2026-03-24,2026-03-25,0.00,,true,
PRJ-0165,TSK-003265,Review integration 11,Completed,Hooli GmbH - Migration,PHS-00578,Getting Started,Kwame Rossi,,2026-03-25,2026-04-24,22.38,,,,Train workflow 10,,,,,2026-03-25,2026-04-12,0.00,,true,Discovery
PRJ-0165,TSK-003266,Configure permission set 12,In progress,Hooli GmbH - Migration,PHS-00579,Initiate,Amara Sato,,2026-03-26,2026-04-09,0.00,,,,Review integration 11,,,,,2026-03-26,,0.00,,false,Program Management
PRJ-0165,TSK-003267,Validate playbook 13,NA,Hooli GmbH - Migration,PHS-00579,Initiate,Tomas Novak,,2026-03-27,2026-04-13,0.00,,,,,,,,,,,0.00,,true,Transition
PRJ-0165,TSK-003268,Deploy environment 14,In progress,Hooli GmbH - Migration,PHS-00579,Initiate,,,2026-03-28,2026-04-23,7.90,,,,"Migrate report 1, Train permission set 4, Validate playbook 13",,,,,2026-03-28,,0.00,,true,Build and Deployment
PRJ-0165,TSK-003269,Configure integration 15,Completed,Hooli GmbH - Migration,PHS-00579,Initiate,Amara Sato,,2026-03-29,2026-04-22,0.00,,,,"Migrate report 1, Train integration 2, Configure playbook 7, Review environment 8, Migrate integration 9",,,,,2026-03-29,2026-04-01,0.00,,true,
PRJ-0165,TSK-003270,Configure playbook 16,NA,Hooli GmbH - Migration,PHS-00579,Initiate,,,2026-03-30,2026-04-04,3.96,,,,,,,,,,,0.00,,true,Project Setup
PRJ-0165,TSK-003271,Review report 17,Completed,Hooli GmbH - Migration,PHS-00578,Getting Started,,,2026-03-31,2026-04-24,15.11,,,,"Migrate report 1, Train integration 2, Migrate environment 3, Configure playbook 7, Review integration 11, Validate playbook 13",,,,,2026-03-31,2026-04-23,0.00,,true,Program Management
PRJ-0165,TSK-003272,Migrate data model 18,In progress,Hooli GmbH - Migration,PHS-00579,Initiate,Kwame Rossi,,2026-04-01,2026-04-30,17.45,,,,"Migrate report 1, Train integration 2, Train workflow 10, Configure playbook 16",,,,,2026-04-01,,0.00,,false,Test Execution
PRJ-0165,TSK-003273,Configure playbook 19,To do,Hooli GmbH - Migration,PHS-00578,Getting Started,Tomas Novak,,2026-04-02,2026-04-21,21.13,,,,,TSK-003267,Validate playbook 13,,,,,0.00,,false,Build and Deployment
PRJ-0165,TSK-003274,Configure data model 20,Completed,Hooli GmbH - Migration,PHS-00578,Getting Started,,,2026-04-03,2026-04-06,29.96,,,,,TSK-003270,Configure playbook 16,,,2026-04-03,2026-04-26,0.00,,false,Test Execution
PRJ-0165,TSK-003275,Train report 21,In progress,Hooli GmbH - Migration,PHS-00578,Getting Started,Kwame Rossi,,2026-04-04,2026-05-01,0.00,,,,,,,,,2026-04-04,,0.00,,true,Program Management
PRJ-0165,TSK-003276,Validate template 22,To do,Hooli GmbH - Migration,PHS-00578,Getting Started,,,2026-04-05,2026-04-21,0.00,true,,,"Migrate environment 3, Deploy data model 5, Configure playbook 16, Migrate data model 18",,,,,,,0.00,,false,Discovery
PRJ-0165,TSK-003277,Audit data model 23,In progress,Hooli GmbH - Migration,PHS-00578,Getting Started,,,2026-04-06,2026-04-24,0.00,true,,,,,,,,2026-04-06,,0.00,,false,Build and Deployment
PRJ-0166,TSK-003278,Train report 1,Completed,Northwind Ltd - CLM Implementation,PHS-00585,Transfer,,,2026-07-21,2026-07-31,32.00,,,,,,,,,2026-07-21,2026-07-22,0.00,,true,Project Setup
PRJ-0166,TSK-003279,Document template 2,In progress,Northwind Ltd - CLM Implementation,PHS-00582,Discover & Design,Marco Diallo,,2026-07-22,2026-08-17,28.68,,,,Train report 1,,,,,2026-07-22,,0.00,,true,
PRJ-0166,TSK-003280,Review template 3,In progress,Northwind Ltd - CLM Implementation,PHS-00585,Transfer,,,2026-07-23,2026-08-21,34.77,,,,Document template 2,,,,,2026-07-23,,0.00,,true,Program Management
PRJ-0166,TSK-003281,Document report 4,Completed,Northwind Ltd - CLM Implementation,PHS-00580,Getting Started,Sofia Rossi,,2026-07-24,2026-08-14,11.48,,,,Review template 3,,,,,2026-07-24,2026-08-20,0.00,,true,Discovery
PRJ-0166,TSK-003282,Train playbook 5,To do,Northwind Ltd - CLM Implementation,PHS-00581,Initiate,,,2026-07-25,2026-08-07,0.00,,,,Document report 4,,,,,,,0.00,,true,Build and Deployment
PRJ-0166,TSK-003283,Train playbook 6,Completed,Northwind Ltd - CLM Implementation,PHS-00580,Getting Started,Marco Diallo,,2026-07-26,2026-08-01,33.61,,,,Train playbook 5,,,,,2026-07-26,2026-08-11,0.00,,true,Project Setup
PRJ-0166,TSK-003284,Validate playbook 7,In progress,Northwind Ltd - CLM Implementation,PHS-00585,Transfer,,,2026-07-27,2026-08-24,0.00,,,,Train playbook 6,,,,,2026-07-27,,0.00,,true,Discovery
PRJ-0166,TSK-003285,Configure permission set 8,To do,Northwind Ltd - CLM Implementation,PHS-00584,Test,Sofia Rossi,,2026-07-28,2026-08-06,0.00,,,,Validate playbook 7,,,,,,,0.00,,true,Project Setup
PRJ-0166,TSK-003286,Migrate template 9,To do,Northwind Ltd - CLM Implementation,PHS-00583,Configure & Build,,,2026-07-29,2026-08-25,0.00,,,,Configure permission set 8,,,,,,,0.00,,true,Discovery
PRJ-0166,TSK-003287,Deploy integration 10,To do,Northwind Ltd - CLM Implementation,PHS-00583,Configure & Build,Marco Sato,,2026-07-30,2026-08-17,0.00,,,,Migrate template 9,,,,,,,0.00,,true,Transition
PRJ-0166,TSK-003288,Deploy template 11,Blocked,Northwind Ltd - CLM Implementation,PHS-00585,Transfer,,,2026-07-31,2026-08-07,0.00,,,,Deploy integration 10,,,,,,,0.00,,false,Program Management
PRJ-0166,TSK-003289,Review template 12,Completed,Northwind Ltd - CLM Implementation,PHS-00583,Configure & Build,Marco Sato,,2026-08-01,2026-08-24,21.91,,,,Deploy template 11,,,,,2026-08-01,2026-08-08,0.00,,true,Program Management
PRJ-0166,TSK-003290,Configure playbook 13,NA,Northwind Ltd - CLM Implementation,PHS-00583,Configure & Build,,,2026-08-02,2026-08-25,32.80,,,,"Review template 3, Document report 4, Train playbook 5, Train playbook 6, Configure permission set 8",,,,,,,0.00,,true,
PRJ-0166,TSK-003291,Train template 14,In progress,Northwind Ltd - CLM Implementation,PHS-00580,Getting Started,Lena Kaya,,2026-08-03,2026-08-31,0.00,,,,"Train report 1, Train playbook 5, Configure permission set 8, Deploy template 11",,,,,2026-08-03,,0.00,,true,
PRJ-0166,TSK-003292,Configure integration 15,In progress,Northwind Ltd - CLM Implementation,PHS-00581,Initiate,,,2026-08-04,2026-08-21,0.00,,,,,,,,,2026-08-04,,0.00,,true,Project Setup
PRJ-0166,TSK-003293,Deploy playbook 16,To do,Northwind Ltd - CLM Implementation,PHS-00583,Configure & Build,Tomas Sato,,2026-08-05,2026-09-03,0.00,,,,Validate playbook 7,,,,,,,0.00,,true,Program Management
PRJ-0166,TSK-003294,Deploy integration 17,In progress,Northwind Ltd - CLM Implementation,PHS-00582,Discover & Design,Hana Kaya,,2026-08-06,2026-08-08,19.17,,,,,,,,,2026-08-06,,0.00,,false,Discovery
PRJ-0166,TSK-003295,Validate report 18,Completed,Northwind Ltd - CLM Implementation,PHS-00582,Discover & Design,Marco Sato,,2026-08-07,2026-09-04,19.02,true,,,"Review template 3, Document report 4, Migrate template 9, Deploy playbook 16, Deploy integration 17",,,,,2026-08-07,2026-08-30,0.00,,true,Transition
PRJ-0167,TSK-003296,Review report 1,Completed,Initech Inc - Phase 1 Implementation,PHS-00586,Getting Started,,,2026-07-15,2026-08-01,39.13,,,,,,,,,2026-07-15,2026-07-28,0.00,,true,Project Setup
PRJ-0167,TSK-003297,Configure workflow 2,Completed,Initech Inc - Phase 1 Implementation,PHS-00590,Test,Sofia Rossi,,2026-07-16,2026-08-04,18.15,,,,Review report 1,,,,,2026-07-16,2026-08-09,0.00,,true,Program Management
PRJ-0167,TSK-003298,Configure data model 3,Completed,Initech Inc - Phase 1 Implementation,PHS-00588,Discover & Design,Sofia Rossi,,2026-07-17,2026-07-28,0.00,,,,Configure workflow 2,,,,,2026-07-17,2026-07-29,0.00,,true,Project Setup
PRJ-0167,TSK-003299,Configure integration 4,Completed,Initech Inc - Phase 1 Implementation,PHS-00586,Getting Started,Sofia Berg,,2026-07-18,2026-07-27,0.00,,,,Configure data model 3,,,,,2026-07-18,2026-08-05,0.00,,true,
PRJ-0167,TSK-003300,Configure playbook 5,To do,Initech Inc - Phase 1 Implementation,PHS-00589,Configure & Build,,,2026-07-19,2026-07-23,0.00,,,,Configure integration 4,,,,,,,0.00,,true,Discovery
PRJ-0167,TSK-003301,Document data model 6,In progress,Initech Inc - Phase 1 Implementation,PHS-00588,Discover & Design,,,2026-07-20,2026-07-23,25.77,,,,Configure playbook 5,,,,,2026-07-20,,0.00,,true,
PRJ-0167,TSK-003302,Deploy workflow 7,To do,Initech Inc - Phase 1 Implementation,PHS-00590,Test,Sofia Berg,,2026-07-21,2026-07-24,2.32,,,,Document data model 6,,,,,,,0.00,,true,Project Setup
PRJ-0167,TSK-003303,Configure template 8,Completed,Initech Inc - Phase 1 Implementation,PHS-00589,Configure & Build,,,2026-07-22,2026-08-15,15.74,,,,Deploy workflow 7,,,,,2026-07-22,2026-08-10,0.00,,true,Test Execution
PRJ-0167,TSK-003304,Validate integration 9,Completed,Initech Inc - Phase 1 Implementation,PHS-00589,Configure & Build,,,2026-07-23,2026-07-24,23.35,,,,Configure template 8,,,,,2026-07-23,2026-07-31,0.00,,true,Discovery
PRJ-0167,TSK-003305,Document environment 10,To do,Initech Inc - Phase 1 Implementation,PHS-00586,Getting Started,Amara Berg,,2026-07-24,2026-08-07,25.69,,,,Validate integration 9,,,,,,,0.00,,false,Program Management
PRJ-0167,TSK-003306,Configure template 11,To do,Initech Inc - Phase 1 Implementation,PHS-00587,Initiate,,,2026-07-25,2026-07-29,0.00,,,,Document environment 10,,,,,,,0.00,,false,Build and Deployment
PRJ-0167,TSK-003307,Train data model 12,Completed,Initech Inc - Phase 1 Implementation,PHS-00588,Discover & Design,Amara Berg,,2026-07-26,2026-08-22,31.24,,,,Configure template 11,,,,,2026-07-26,2026-08-09,0.00,,true,Transition
PRJ-0167,TSK-003308,Document data model 13,To do,Initech Inc - Phase 1 Implementation,PHS-00590,Test,,,2026-07-27,2026-08-05,0.00,,,,Review report 1,,,,,,,0.00,,true,Project Setup
PRJ-0167,TSK-003309,Review permission set 14,Blocked,Initech Inc - Phase 1 Implementation,PHS-00588,Discover & Design,Amara Berg,,2026-07-28,2026-08-20,37.77,,,,"Configure workflow 2, Document data model 6, Document environment 10, Configure template 11",,,,,,,0.00,,true,Program Management
PRJ-0167,TSK-003310,Deploy data model 15,To do,Initech Inc - Phase 1 Implementation,PHS-00590,Test,,,2026-07-29,2026-08-04,0.00,,,,,,,,,,,0.00,,true,Test Execution
PRJ-0167,TSK-003311,Audit permission set 16,NA,Initech Inc - Phase 1 Implementation,PHS-00589,Configure & Build,Sofia Rossi,,2026-07-30,2026-08-11,10.63,,,,,,,,,,,0.00,,false,
PRJ-0167,TSK-003312,Train permission set 17,Completed,Initech Inc - Phase 1 Implementation,PHS-00590,Test,,,2026-07-31,2026-08-23,8.71,,,,"Review report 1, Configure data model 3, Document environment 10, Deploy data model 15",,,,,2026-07-31,2026-08-24,0.00,,true,Test Execution
PRJ-0167,TSK-003313,Audit integration 18,Completed,Initech Inc - Phase 1 Implementation,PHS-00590,Test,,,2026-08-01,2026-08-19,3.20,,,,,,,,,2026-08-01,2026-08-29,0.00,,true,Build and Deployment
PRJ-0167,TSK-003314,Document data model 19,In progress,Initech Inc - Phase 1 Implementation,PHS-00586,Getting Started,Sofia Rossi,,2026-08-02,2026-08-23,0.00,true,,,"Review report 1, Document data model 6, Document data model 13, Train permission set 17",,,,,2026-08-02,,0.00,,true,Program Management
PRJ-0168,TSK-003315,Audit data model 1,Completed,Acme Inc - CLM Implementation,PHS-00591,Getting Started,Elena Sato,,2026-01-13,2026-01-18,3.96,,,,,,,,,2026-01-13,2026-01-29,0.00,,true,Project Setup
PRJ-0168,TSK-003316,Review permission set 2,Completed,Acme Inc - CLM Implementation,PHS-00592,Initiate,Noah Diallo,,2026-01-14,2026-01-17,21.61,,,,Audit data model 1,,,,,2026-01-14,2026-01-21,0.00,,false,Discovery
PRJ-0168,TSK-003317,Audit playbook 3,Completed,Acme Inc - CLM Implementation,PHS-00592,Initiate,Yusuf Sato,,2026-01-15,2026-01-26,0.00,,,,Review permission set 2,,,,,2026-01-15,2026-01-30,0.00,,true,Project Setup
PRJ-0168,TSK-003318,Review report 4,Completed,Acme Inc - CLM Implementation,PHS-00592,Initiate,Noah Diallo,,2026-01-16,2026-01-17,13.43,,,,Audit playbook 3,,,,,2026-01-16,2026-02-10,0.00,,true,Project Setup
PRJ-0168,TSK-003319,Configure data model 5,Completed,Acme Inc - CLM Implementation,PHS-00591,Getting Started,Elena Sato,,2026-01-17,2026-02-04,2.54,,,,Review report 4,,,,,2026-01-17,2026-02-14,0.00,,true,Test Execution
PRJ-0168,TSK-003320,Configure data model 6,Completed,Acme Inc - CLM Implementation,PHS-00591,Getting Started,Noah Diallo,,2026-01-18,2026-01-26,24.83,,,,Configure data model 5,,,,,2026-01-18,2026-01-22,0.00,,true,Transition
PRJ-0168,TSK-003321,Audit report 7,Completed,Acme Inc - CLM Implementation,PHS-00592,Initiate,Elena Sato,,2026-01-19,2026-02-17,0.47,,,,Configure data model 6,,,,,2026-01-19,2026-01-28,0.00,,true,Program Management
PRJ-0168,TSK-003322,Deploy playbook 8,Completed,Acme Inc - CLM Implementation,PHS-00592,Initiate,,,2026-01-20,2026-02-07,0.00,,,,Audit report 7,,,,,2026-01-20,2026-01-28,0.00,,true,Build and Deployment
PRJ-0168,TSK-003323,Migrate environment 9,Completed,Acme Inc - CLM Implementation,PHS-00591,Getting Started,Noah Diallo,,2026-01-21,2026-01-27,32.86,,,,Deploy playbook 8,,,,,2026-01-21,2026-02-05,0.00,,true,Program Management
PRJ-0168,TSK-003324,Validate workflow 10,Completed,Acme Inc - CLM Implementation,PHS-00592,Initiate,Yusuf Sato,,2026-01-22,2026-02-18,37.44,,,,Migrate environment 9,,,,,2026-01-22,2026-02-13,0.00,,false,Test Execution
PRJ-0168,TSK-003325,Deploy workflow 11,Completed,Acme Inc - CLM Implementation,PHS-00591,Getting Started,,,2026-01-23,2026-01-24,0.00,,,,Validate workflow 10,,,,,2026-01-23,2026-02-18,0.00,,true,
PRJ-0168,TSK-003326,Configure integration 12,Completed,Acme Inc - CLM Implementation,PHS-00591,Getting Started,,,2026-01-24,2026-01-27,0.00,,,,Deploy workflow 11,,,,,2026-01-24,2026-02-10,0.00,,true,Project Setup
PRJ-0168,TSK-003327,Validate template 13,Completed,Acme Inc - CLM Implementation,PHS-00591,Getting Started,,,2026-01-25,2026-02-07,20.80,,,,"Audit data model 1, Review permission set 2, Audit report 7, Deploy playbook 8",,,,,2026-01-25,2026-01-28,0.00,,true,
PRJ-0168,TSK-003328,Migrate playbook 14,Completed,Acme Inc - CLM Implementation,PHS-00592,Initiate,Yusuf Sato,,2026-01-26,2026-02-21,38.11,,,,,,,,,2026-01-26,2026-01-27,0.00,,true,
PRJ-0168,TSK-003329,Deploy data model 15,Completed,Acme Inc - CLM Implementation,PHS-00591,Getting Started,,,2026-01-27,2026-02-06,12.33,,,,,,,,,2026-01-27,2026-02-16,0.00,,true,Transition
PRJ-0168,TSK-003330,Migrate data model 16,Completed,Acme Inc - CLM Implementation,PHS-00592,Initiate,Noah Diallo,,2026-01-28,2026-02-11,31.79,,,,"Deploy playbook 8, Migrate environment 9, Deploy workflow 11, Validate template 13",,,,,2026-01-28,2026-02-17,0.00,,false,Program Management
PRJ-0168,TSK-003331,Review playbook 17,Completed,Acme Inc - CLM Implementation,PHS-00591,Getting Started,Elena Sato,,2026-01-29,2026-02-21,0.00,,,,,,,,,2026-01-29,2026-02-28,0.00,,true,Program Management
PRJ-0168,TSK-003332,Migrate template 18,Completed,Acme Inc - CLM Implementation,PHS-00592,Initiate,,,2026-01-30,2026-02-17,18.93,,,,Validate workflow 10,,,,,2026-01-30,2026-02-14,0.00,,true,Program Management
PRJ-0168,TSK-003333,Deploy template 19,Completed,Acme Inc - CLM Implementation,PHS-00591,Getting Started,,,2026-01-31,2026-02-01,26.42,,,,,,,,,2026-01-31,2026-02-04,0.00,,true,
PRJ-0168,TSK-003334,Migrate integration 20,Completed,Acme Inc - CLM Implementation,PHS-00591,Getting Started,,,2026-02-01,2026-02-28,18.83,,,,"Migrate environment 9, Validate template 13",,,,,2026-02-01,2026-02-24,0.00,,false,Transition
PRJ-0168,TSK-003335,Validate template 21,Completed,Acme Inc - CLM Implementation,PHS-00592,Initiate,,,2026-02-02,2026-02-08,0.00,,,,"Configure data model 6, Audit report 7, Migrate playbook 14, Migrate template 18",,,,,2026-02-02,2026-02-25,0.00,,true,Test Execution
PRJ-0168,TSK-003336,Train report 22,Completed,Acme Inc - CLM Implementation,PHS-00592,Initiate,Yusuf Sato,,2026-02-03,2026-02-12,36.58,,,,"Audit playbook 3, Migrate playbook 14, Deploy data model 15, Migrate integration 20",,,,,2026-02-03,2026-03-04,0.00,,false,Discovery
PRJ-0168,TSK-003337,Audit integration 23,Completed,Acme Inc - CLM Implementation,PHS-00591,Getting Started,,,2026-02-04,2026-02-14,7.43,,,,"Configure data model 5, Deploy playbook 8",,,,,2026-02-04,2026-03-05,0.00,,true,Discovery
PRJ-0168,TSK-003338,Review data model 24,Completed,Acme Inc - CLM Implementation,PHS-00591,Getting Started,,,2026-02-05,2026-02-07,20.27,,,,Deploy workflow 11,,,,,2026-02-05,2026-03-04,0.00,,false,Project Setup
PRJ-0168,TSK-003339,Validate template 25,Completed,Acme Inc - CLM Implementation,PHS-00591,Getting Started,Elena Sato,,2026-02-06,2026-02-19,0.00,,,,,TSK-003317,Audit playbook 3,,,2026-02-06,2026-03-06,0.00,,false,Test Execution
PRJ-0168,TSK-003340,Deploy template 26,Completed,Acme Inc - CLM Implementation,PHS-00591,Getting Started,Yusuf Sato,,2026-02-07,2026-03-06,29.13,,,,,,,,,2026-02-07,2026-02-26,0.00,,false,Build and Deployment
PRJ-0168,TSK-003341,Configure integration 27,Completed,Acme Inc - CLM Implementation,PHS-00592,Initiate,Noah Diallo,,2026-02-08,2026-03-04,0.00,,,,,TSK-003321,Audit report 7,,,2026-02-08,2026-02-26,0.00,,true,Discovery
PRJ-0168,TSK-003342,Migrate report 28,Completed,Acme Inc - CLM Implementation,PHS-00591,Getting Started,Noah Diallo,,2026-02-09,2026-03-04,27.79,true,,,,,,,,2026-02-09,2026-03-01,0.00,,true,Project Setup
PRJ-0168,TSK-003343,Train workflow 29,Completed,Acme Inc - CLM Implementation,PHS-00592,Initiate,Noah Diallo,,2026-02-10,2026-02-28,8.01,true,,,"Migrate environment 9, Review playbook 17, Migrate integration 20, Migrate report 28",,,,,2026-02-10,2026-03-10,0.00,,true,Program Management
PRJ-0169,TSK-003344,Configure environment 1,Blocked,Northwind LLC - Phase 2 Rollout,PHS-00594,Initiate,Lena Kaya,,2026-06-18,2026-06-25,0.00,,,,,,,,,,,0.00,,false,Program Management
PRJ-0169,TSK-003345,Train integration 2,To do,Northwind LLC - Phase 2 Rollout,PHS-00594,Initiate,Lena Kaya,,2026-06-19,2026-07-12,27.74,,,,Configure environment 1,,,,,,,0.00,,false,Build and Deployment
PRJ-0169,TSK-003346,Deploy template 3,In progress,Northwind LLC - Phase 2 Rollout,PHS-00594,Initiate,Noah Diallo,,2026-06-20,2026-07-09,5.57,,,,Train integration 2,,,,,2026-06-20,,0.00,,false,
PRJ-0169,TSK-003347,Migrate integration 4,To do,Northwind LLC - Phase 2 Rollout,PHS-00595,Discover & Design,,,2026-06-21,2026-07-08,22.55,,,,Deploy template 3,,,,,,,0.00,,true,Transition
PRJ-0169,TSK-003348,Deploy permission set 5,Completed,Northwind LLC - Phase 2 Rollout,PHS-00593,Getting Started,,,2026-06-22,2026-07-13,7.57,,,,Migrate integration 4,,,,,2026-06-22,2026-06-30,0.00,,false,
PRJ-0169,TSK-003349,Review integration 6,Completed,Northwind LLC - Phase 2 Rollout,PHS-00594,Initiate,Ingrid Sato,,2026-06-23,2026-06-29,31.11,,,,Deploy permission set 5,,,,,2026-06-23,2026-07-07,0.00,,true,Program Management
PRJ-0169,TSK-003350,Validate permission set 7,Completed,Northwind LLC - Phase 2 Rollout,PHS-00594,Initiate,Kwame Novak,,2026-06-24,2026-07-15,19.42,,,,Review integration 6,,,,,2026-06-24,2026-07-13,0.00,,false,
PRJ-0169,TSK-003351,Audit playbook 8,Completed,Northwind LLC - Phase 2 Rollout,PHS-00595,Discover & Design,,,2026-06-25,2026-07-06,10.98,,,,Validate permission set 7,,,,,2026-06-25,2026-06-26,0.00,,true,Discovery
PRJ-0169,TSK-003352,Validate playbook 9,To do,Northwind LLC - Phase 2 Rollout,PHS-00595,Discover & Design,,,2026-06-26,2026-07-03,0.00,,,,Audit playbook 8,,,,,,,0.00,,true,Discovery
PRJ-0169,TSK-003353,Configure template 10,Completed,Northwind LLC - Phase 2 Rollout,PHS-00593,Getting Started,,,2026-06-27,2026-07-03,23.31,,,,Validate playbook 9,,,,,2026-06-27,2026-07-15,0.00,,true,Build and Deployment
PRJ-0169,TSK-003354,Audit data model 11,Completed,Northwind LLC - Phase 2 Rollout,PHS-00593,Getting Started,Lena Kaya,,2026-06-28,2026-07-04,11.17,,,,Configure template 10,,,,,2026-06-28,2026-07-28,0.00,,true,
PRJ-0169,TSK-003355,Deploy playbook 12,Completed,Northwind LLC - Phase 2 Rollout,PHS-00594,Initiate,,,2026-06-29,2026-07-10,39.58,,,,Audit data model 11,,,,,2026-06-29,2026-07-20,0.00,,true,
PRJ-0169,TSK-003356,Review permission set 13,NA,Northwind LLC - Phase 2 Rollout,PHS-00594,Initiate,Kwame Novak,,2026-06-30,2026-07-20,4.20,,,,Train integration 2,,,,,,,0.00,,true,Project Setup
PRJ-0169,TSK-003357,Validate workflow 14,In progress,Northwind LLC - Phase 2 Rollout,PHS-00594,Initiate,,,2026-07-01,2026-07-31,0.00,,,,"Deploy permission set 5, Configure template 10, Review permission set 13",,,,,2026-07-01,,0.00,,true,Build and Deployment
PRJ-0169,TSK-003358,Audit data model 15,In progress,Northwind LLC - Phase 2 Rollout,PHS-00594,Initiate,Hana Rossi,,2026-07-02,2026-07-05,37.26,,,,"Configure environment 1, Deploy permission set 5, Validate permission set 7, Audit data model 11, Review permission set 13",,,,,2026-07-02,,0.00,,true,Program Management
PRJ-0169,TSK-003359,Review workflow 16,To do,Northwind LLC - Phase 2 Rollout,PHS-00594,Initiate,Ingrid Sato,,2026-07-03,2026-07-15,0.00,,,,"Audit playbook 8, Audit data model 11",,,,,,,0.00,,true,
PRJ-0169,TSK-003360,Deploy environment 17,Completed,Northwind LLC - Phase 2 Rollout,PHS-00595,Discover & Design,,,2026-07-04,2026-08-03,13.66,,,,Audit data model 11,,,,,2026-07-04,2026-07-15,0.00,,false,Build and Deployment
PRJ-0169,TSK-003361,Deploy data model 18,Completed,Northwind LLC - Phase 2 Rollout,PHS-00593,Getting Started,,,2026-07-05,2026-07-18,23.61,,,,Review permission set 13,,,,,2026-07-05,2026-07-14,0.00,,false,Transition
PRJ-0169,TSK-003362,Migrate integration 19,Completed,Northwind LLC - Phase 2 Rollout,PHS-00595,Discover & Design,Ingrid Sato,,2026-07-06,2026-07-19,24.89,,,,"Deploy template 3, Review integration 6, Review permission set 13",,,,,2026-07-06,2026-07-14,0.00,,false,Discovery
PRJ-0169,TSK-003363,Migrate playbook 20,Blocked,Northwind LLC - Phase 2 Rollout,PHS-00593,Getting Started,Lena Kaya,,2026-07-07,2026-08-04,0.00,,,,"Migrate integration 4, Validate playbook 9, Migrate integration 19",,,,,,,0.00,,true,Project Setup
PRJ-0169,TSK-003364,Validate environment 21,To do,Northwind LLC - Phase 2 Rollout,PHS-00594,Initiate,,,2026-07-08,2026-07-23,10.59,true,,,,,,,,,,0.00,,false,
PRJ-0169,TSK-003365,Review environment 22,In progress,Northwind LLC - Phase 2 Rollout,PHS-00595,Discover & Design,Hana Rossi,,2026-07-09,2026-07-22,0.00,true,,,,,,,,2026-07-09,,0.00,,true,Program Management
PRJ-0170,TSK-003366,Audit workflow 1,To do,Northwind Ltd - Enterprise Rollout,PHS-00597,Initiate,,,2026-01-09,2026-01-19,5.01,,,,,,,,,,,0.00,,true,Test Execution
PRJ-0170,TSK-003367,Migrate playbook 2,Completed,Northwind Ltd - Enterprise Rollout,PHS-00601,Transfer,Lena Sato,,2026-01-10,2026-01-26,19.56,,,,Audit workflow 1,,,,,2026-01-10,2026-01-20,0.00,,true,Test Execution
PRJ-0170,TSK-003368,Migrate permission set 3,To do,Northwind Ltd - Enterprise Rollout,PHS-00597,Initiate,Lena Sato,,2026-01-11,2026-01-14,0.00,,,,Migrate playbook 2,,,,,,,0.00,,true,Project Setup
PRJ-0170,TSK-003369,Configure environment 4,To do,Northwind Ltd - Enterprise Rollout,PHS-00597,Initiate,,,2026-01-12,2026-01-30,0.00,,,,Migrate permission set 3,,,,,,,0.00,,false,Discovery
PRJ-0170,TSK-003370,Configure template 5,NA,Northwind Ltd - Enterprise Rollout,PHS-00599,Configure & Build,Lena Sato,,2026-01-13,2026-02-12,0.00,,,,Configure environment 4,,,,,,,0.00,,true,Discovery
PRJ-0170,TSK-003371,Configure data model 6,Completed,Northwind Ltd - Enterprise Rollout,PHS-00596,Getting Started,Lena Sato,,2026-01-14,2026-01-26,0.00,,,,Configure template 5,,,,,2026-01-14,2026-01-19,0.00,,false,Discovery
PRJ-0170,TSK-003372,Document workflow 7,To do,Northwind Ltd - Enterprise Rollout,PHS-00597,Initiate,Lena Sato,,2026-01-15,2026-01-23,37.54,,,,Configure data model 6,,,,,,,0.00,,true,Transition
PRJ-0170,TSK-003373,Migrate integration 8,In progress,Northwind Ltd - Enterprise Rollout,PHS-00600,Test,Lena Sato,,2026-01-16,2026-02-06,0.00,,,,Document workflow 7,,,,,2026-01-16,,0.00,,true,Discovery
PRJ-0170,TSK-003374,Review integration 9,To do,Northwind Ltd - Enterprise Rollout,PHS-00598,Discover & Design,Lena Sato,,2026-01-17,2026-02-14,0.11,,,,Migrate integration 8,,,,,,,0.00,,true,Transition
PRJ-0170,TSK-003375,Review permission set 10,NA,Northwind Ltd - Enterprise Rollout,PHS-00596,Getting Started,Lena Sato,,2026-01-18,2026-01-24,0.00,,,,Review integration 9,,,,,,,0.00,,true,Program Management
PRJ-0170,TSK-003376,Review playbook 11,Completed,Northwind Ltd - Enterprise Rollout,PHS-00601,Transfer,Lena Sato,,2026-01-19,2026-02-17,36.24,,,,Review permission set 10,,,,,2026-01-19,2026-01-29,0.00,,true,Build and Deployment
PRJ-0170,TSK-003377,Migrate template 12,Completed,Northwind Ltd - Enterprise Rollout,PHS-00597,Initiate,Lena Sato,,2026-01-20,2026-01-25,5.33,,,,Review playbook 11,,,,,2026-01-20,2026-01-28,0.00,,true,Build and Deployment
PRJ-0170,TSK-003378,Train template 13,To do,Northwind Ltd - Enterprise Rollout,PHS-00598,Discover & Design,,,2026-01-21,2026-02-19,7.55,,,,,TSK-003371,Configure data model 6,,,,,0.00,,true,Discovery
PRJ-0170,TSK-003379,Document permission set 14,To do,Northwind Ltd - Enterprise Rollout,PHS-00601,Transfer,Lena Sato,,2026-01-22,2026-01-29,19.88,,,,"Migrate playbook 2, Migrate permission set 3, Document workflow 7",,,,,,,0.00,,true,Discovery
PRJ-0170,TSK-003380,Validate permission set 15,Completed,Northwind Ltd - Enterprise Rollout,PHS-00600,Test,Lena Sato,,2026-01-23,2026-02-10,9.62,,,,"Migrate permission set 3, Document workflow 7, Review integration 9, Review playbook 11",,,,,2026-01-23,2026-01-28,0.00,,false,Program Management
PRJ-0170,TSK-003381,Configure environment 16,To do,Northwind Ltd - Enterprise Rollout,PHS-00601,Transfer,Lena Sato,,2026-01-24,2026-02-12,0.00,,,,,,,,,,,0.00,,true,Build and Deployment
PRJ-0170,TSK-003382,Deploy environment 17,To do,Northwind Ltd - Enterprise Rollout,PHS-00597,Initiate,Lena Sato,,2026-01-25,2026-01-31,0.00,,,,,TSK-003372,Document workflow 7,,,,,0.00,,true,Program Management
PRJ-0170,TSK-003383,Configure data model 18,In progress,Northwind Ltd - Enterprise Rollout,PHS-00600,Test,,,2026-01-26,2026-02-11,0.00,,,,Configure environment 4,,,,,2026-01-26,,0.00,,true,Discovery
PRJ-0170,TSK-003384,Review data model 19,Completed,Northwind Ltd - Enterprise Rollout,PHS-00598,Discover & Design,Lena Sato,,2026-01-27,2026-01-30,0.00,,,,"Configure template 5, Train template 13, Configure data model 18",,,,,2026-01-27,2026-02-17,0.00,,true,Project Setup
PRJ-0170,TSK-003385,Train template 20,Completed,Northwind Ltd - Enterprise Rollout,PHS-00596,Getting Started,,,2026-01-28,2026-01-30,32.78,,,,"Audit workflow 1, Migrate permission set 3, Review playbook 11, Train template 13, Deploy environment 17",,,,,2026-01-28,2026-02-16,0.00,,true,Test Execution
PRJ-0170,TSK-003386,Document template 21,Completed,Northwind Ltd - Enterprise Rollout,PHS-00597,Initiate,Lena Sato,,2026-01-29,2026-02-02,0.00,,,,,TSK-003384,Review data model 19,,,2026-01-29,2026-02-02,0.00,,true,
PRJ-0170,TSK-003387,Audit environment 22,Completed,Northwind Ltd - Enterprise Rollout,PHS-00596,Getting Started,,,2026-01-30,2026-02-27,20.89,,,,"Configure template 5, Review integration 9, Deploy environment 17",,,,,2026-01-30,2026-02-21,0.00,,false,Transition
PRJ-0170,TSK-003388,Migrate playbook 23,To do,Northwind Ltd - Enterprise Rollout,PHS-00600,Test,,,2026-01-31,2026-02-10,0.00,,,,"Configure environment 4, Configure template 5, Configure data model 18",,,,,,,0.00,,true,Transition
PRJ-0170,TSK-003389,Validate permission set 24,To do,Northwind Ltd - Enterprise Rollout,PHS-00601,Transfer,Lena Sato,,2026-02-01,2026-02-18,0.00,true,,,,,,,,,,0.00,,true,
PRJ-0170,TSK-003390,Deploy workflow 25,Completed,Northwind Ltd - Enterprise Rollout,PHS-00599,Configure & Build,Lena Sato,,2026-02-02,2026-02-25,0.00,true,,,,,,,,2026-02-02,2026-03-04,0.00,,true,Program Management
PRJ-0171,TSK-003391,Document playbook 1,Completed,Soylent Ltd - Phase 1 Implementation,PHS-00602,Getting Started,Hana Rossi,,2026-02-17,2026-03-11,23.13,,,,,,,,,2026-02-17,2026-03-10,0.00,,true,
PRJ-0171,TSK-003392,Audit playbook 2,Completed,Soylent Ltd - Phase 1 Implementation,PHS-00604,Discover & Design,Noah Novak,,2026-02-18,2026-02-24,0.00,,,,Document playbook 1,,,,,2026-02-18,2026-03-02,0.00,,true,Build and Deployment
PRJ-0171,TSK-003393,Validate data model 3,Completed,Soylent Ltd - Phase 1 Implementation,PHS-00603,Initiate,Marco Diallo,,2026-02-19,2026-03-12,0.00,,,,Audit playbook 2,,,,,2026-02-19,2026-03-09,0.00,,true,Discovery
PRJ-0171,TSK-003394,Migrate template 4,Completed,Soylent Ltd - Phase 1 Implementation,PHS-00604,Discover & Design,,,2026-02-20,2026-03-14,5.66,,,,Validate data model 3,,,,,2026-02-20,2026-02-27,0.00,,true,Project Setup
PRJ-0171,TSK-003395,Migrate report 5,In progress,Soylent Ltd - Phase 1 Implementation,PHS-00604,Discover & Design,Hana Rossi,,2026-02-21,2026-03-03,0.00,,,,Migrate template 4,,,,,2026-02-21,,0.00,,true,Program Management
PRJ-0171,TSK-003396,Audit workflow 6,To do,Soylent Ltd - Phase 1 Implementation,PHS-00603,Initiate,Marco Diallo,,2026-02-22,2026-03-05,25.81,,,,Migrate report 5,,,,,,,0.00,,true,Discovery
PRJ-0171,TSK-003397,Document environment 7,Completed,Soylent Ltd - Phase 1 Implementation,PHS-00604,Discover & Design,Hana Rossi,,2026-02-23,2026-03-13,34.45,,,,Audit workflow 6,,,,,2026-02-23,2026-03-04,0.00,,true,Transition
PRJ-0171,TSK-003398,Document environment 8,Completed,Soylent Ltd - Phase 1 Implementation,PHS-00603,Initiate,Priya Diallo,,2026-02-24,2026-03-20,0.00,,,,Document environment 7,,,,,2026-02-24,2026-03-03,0.00,,true,Project Setup
PRJ-0171,TSK-003399,Train template 9,To do,Soylent Ltd - Phase 1 Implementation,PHS-00604,Discover & Design,,,2026-02-25,2026-03-18,19.33,,,,Document environment 8,,,,,,,0.00,,true,Test Execution
PRJ-0171,TSK-003400,Migrate workflow 10,To do,Soylent Ltd - Phase 1 Implementation,PHS-00603,Initiate,Hana Kaya,,2026-02-26,2026-03-23,0.00,,,,Train template 9,,,,,,,0.00,,true,Discovery
PRJ-0171,TSK-003401,Train data model 11,To do,Soylent Ltd - Phase 1 Implementation,PHS-00603,Initiate,Marco Diallo,,2026-02-27,2026-03-16,0.00,,,,Migrate workflow 10,,,,,,,0.00,,true,Program Management
PRJ-0171,TSK-003402,Review playbook 12,Blocked,Soylent Ltd - Phase 1 Implementation,PHS-00603,Initiate,Hana Rossi,,2026-02-28,2026-03-18,0.00,,,,Train data model 11,,,,,,,0.00,,true,Build and Deployment
PRJ-0171,TSK-003403,Validate environment 13,To do,Soylent Ltd - Phase 1 Implementation,PHS-00604,Discover & Design,Marco Diallo,,2026-03-01,2026-03-03,17.64,,,,,,,,,,,0.00,,true,Test Execution
PRJ-0171,TSK-003404,Review template 14,In progress,Soylent Ltd - Phase 1 Implementation,PHS-00604,Discover & Design,Hana Kaya,,2026-03-02,2026-03-15,0.00,,,,,TSK-003395,Migrate report 5,,,2026-03-02,,0.00,,true,
PRJ-0171,TSK-003405,Deploy workflow 15,To do,Soylent Ltd - Phase 1 Implementation,PHS-00604,Discover & Design,Priya Diallo,,2026-03-03,2026-03-11,13.31,,,,,,,,,,,0.00,,true,Test Execution
PRJ-0171,TSK-003406,Configure template 16,To do,Soylent Ltd - Phase 1 Implementation,PHS-00604,Discover & Design,,,2026-03-04,2026-03-30,0.00,,,,"Validate data model 3, Validate environment 13, Review template 14, Deploy workflow 15",,,,,,,0.00,,true,Test Execution
PRJ-0171,TSK-003407,Review permission set 17,Completed,Soylent Ltd - Phase 1 Implementation,PHS-00603,Initiate,Hana Kaya,,2026-03-05,2026-03-29,5.87,,,,,TSK-003401,Train data model 11,,,2026-03-05,2026-03-10,0.00,,false,Project Setup
PRJ-0171,TSK-003408,Document permission set 18,Completed,Soylent Ltd - Phase 1 Implementation,PHS-00602,Getting Started,Marco Diallo,,2026-03-06,2026-03-07,24.28,,,,"Document environment 7, Migrate workflow 10, Review template 14",,,,,2026-03-06,2026-03-28,0.00,,true,
PRJ-0171,TSK-003409,Train playbook 19,To do,Soylent Ltd - Phase 1 Implementation,PHS-00604,Discover & Design,Hana Rossi,,2026-03-07,2026-04-03,0.00,true,,,"Train template 9, Deploy workflow 15",,,,,,,0.00,,true,Program Management
PRJ-0171,TSK-003410,Configure playbook 20,Completed,Soylent Ltd - Phase 1 Implementation,PHS-00602,Getting Started,Priya Diallo,,2026-03-08,2026-03-21,31.60,true,,,,,,,,2026-03-08,2026-03-25,0.00,,true,Project Setup
PRJ-0172,TSK-003411,Document workflow 1,Completed,Tyrell GmbH - Migration,PHS-00607,Discover & Design,Noah Novak,,2026-06-01,2026-06-27,29.18,,,,,,,,,2026-06-01,2026-06-20,0.00,,true,Test Execution
PRJ-0172,TSK-003412,Document playbook 2,Completed,Tyrell GmbH - Migration,PHS-00607,Discover & Design,Yusuf Diallo,,2026-06-02,2026-06-14,3.78,,,,Document workflow 1,,,,,2026-06-02,2026-06-14,0.00,,true,Program Management
PRJ-0172,TSK-003413,Document data model 3,Completed,Tyrell GmbH - Migration,PHS-00605,Getting Started,Amara Berg,,2026-06-03,2026-06-12,0.00,,,,Document playbook 2,,,,,2026-06-03,2026-06-23,0.00,,true,Test Execution
PRJ-0172,TSK-003414,Train environment 4,To do,Tyrell GmbH - Migration,PHS-00607,Discover & Design,Noah Novak,,2026-06-04,2026-06-06,0.00,,,,Document data model 3,,,,,,,0.00,,true,Project Setup
PRJ-0172,TSK-003415,Migrate playbook 5,In progress,Tyrell GmbH - Migration,PHS-00608,Configure & Build,,,2026-06-05,2026-06-10,0.00,,,,Train environment 4,,,,,2026-06-05,,0.00,,true,Build and Deployment
PRJ-0172,TSK-003416,Validate template 6,To do,Tyrell GmbH - Migration,PHS-00608,Configure & Build,Kwame Rossi,,2026-06-06,2026-06-17,0.00,,,,Migrate playbook 5,,,,,,,0.00,,false,
PRJ-0172,TSK-003417,Review playbook 7,In progress,Tyrell GmbH - Migration,PHS-00605,Getting Started,Ingrid Sato,,2026-06-07,2026-06-12,0.00,,,,Validate template 6,,,,,2026-06-07,,0.00,,true,Discovery
PRJ-0172,TSK-003418,Migrate data model 8,In progress,Tyrell GmbH - Migration,PHS-00609,Test,Ingrid Sato,,2026-06-08,2026-06-22,22.40,,,,Review playbook 7,,,,,2026-06-08,,0.00,,true,Program Management
PRJ-0172,TSK-003419,Configure playbook 9,Completed,Tyrell GmbH - Migration,PHS-00607,Discover & Design,Amara Berg,,2026-06-09,2026-06-22,24.99,,,,Migrate data model 8,,,,,2026-06-09,2026-06-28,0.00,,true,Project Setup
PRJ-0172,TSK-003420,Migrate playbook 10,To do,Tyrell GmbH - Migration,PHS-00609,Test,Amara Berg,,2026-06-10,2026-06-27,35.83,,,,Configure playbook 9,,,,,,,0.00,,true,Discovery
PRJ-0172,TSK-003421,Deploy environment 11,In progress,Tyrell GmbH - Migration,PHS-00609,Test,,,2026-06-11,2026-06-19,0.00,,,,Migrate playbook 10,,,,,2026-06-11,,0.00,,true,
PRJ-0172,TSK-003422,Deploy report 12,To do,Tyrell GmbH - Migration,PHS-00609,Test,Kwame Rossi,,2026-06-12,2026-07-10,21.11,,,,Deploy environment 11,,,,,,,0.00,,true,
PRJ-0172,TSK-003423,Configure template 13,To do,Tyrell GmbH - Migration,PHS-00607,Discover & Design,Yusuf Diallo,,2026-06-13,2026-06-22,1.74,,,,"Validate template 6, Review playbook 7",,,,,,,0.00,,false,Test Execution
PRJ-0172,TSK-003424,Review data model 14,In progress,Tyrell GmbH - Migration,PHS-00605,Getting Started,Yusuf Diallo,,2026-06-14,2026-06-29,0.00,,,,,,,,,2026-06-14,,0.00,,true,Discovery
PRJ-0172,TSK-003425,Configure playbook 15,In progress,Tyrell GmbH - Migration,PHS-00608,Configure & Build,Yusuf Diallo,,2026-06-15,2026-06-25,0.00,,,,"Document workflow 1, Train environment 4, Configure playbook 9, Deploy environment 11",,,,,2026-06-15,,0.00,,true,Project Setup
PRJ-0172,TSK-003426,Configure permission set 16,To do,Tyrell GmbH - Migration,PHS-00605,Getting Started,Yusuf Diallo,,2026-06-16,2026-07-09,39.07,,,,"Document workflow 1, Migrate data model 8",,,,,,,0.00,,true,
PRJ-0172,TSK-003427,Configure template 17,To do,Tyrell GmbH - Migration,PHS-00607,Discover & Design,Kwame Rossi,,2026-06-17,2026-07-10,0.73,,,,,,,,,,,0.00,,false,Discovery
PRJ-0172,TSK-003428,Validate report 18,In progress,Tyrell GmbH - Migration,PHS-00605,Getting Started,Noah Novak,,2026-06-18,2026-07-04,0.00,,,,"Document workflow 1, Train environment 4, Migrate playbook 5, Review data model 14",,,,,2026-06-18,,0.00,,true,Build and Deployment
PRJ-0172,TSK-003429,Migrate playbook 19,To do,Tyrell GmbH - Migration,PHS-00609,Test,,,2026-06-19,2026-07-12,22.75,,,,"Train environment 4, Migrate playbook 5, Migrate playbook 10, Review data model 14",,,,,,,0.00,,true,
PRJ-0172,TSK-003430,Review environment 20,Completed,Tyrell GmbH - Migration,PHS-00609,Test,,,2026-06-20,2026-07-03,8.83,true,,,"Validate template 6, Configure playbook 9, Configure template 17",,,,,2026-06-20,2026-07-16,0.00,,true,Transition
PRJ-0172,TSK-003431,Train integration 21,To do,Tyrell GmbH - Migration,PHS-00608,Configure & Build,,,2026-06-21,2026-07-20,0.00,true,,,"Review playbook 7, Configure permission set 16",,,,,,,0.00,,true,Transition
PRJ-0173,TSK-003432,Migrate report 1,Completed,Initech GmbH - Integration Program,PHS-00611,Initiate,Yusuf Sato,,2026-01-25,2026-01-28,22.70,,,,,,,,,2026-01-25,2026-02-06,0.00,,true,
PRJ-0173,TSK-003433,Review template 2,To do,Initech GmbH - Integration Program,PHS-00610,Getting Started,,,2026-01-26,2026-02-21,0.00,,,,Migrate report 1,,,,,,,0.00,,false,
PRJ-0173,TSK-003434,Audit playbook 3,In progress,Initech GmbH - Integration Program,PHS-00611,Initiate,Tomas Novak,,2026-01-27,2026-02-14,0.00,,,,Review template 2,,,,,2026-01-27,,0.00,,true,Build and Deployment
PRJ-0173,TSK-003435,Review workflow 4,Completed,Initech GmbH - Integration Program,PHS-00612,Discover & Design,Tomas Sato,,2026-01-28,2026-02-06,35.57,,,,Audit playbook 3,,,,,2026-01-28,2026-02-06,0.00,,true,Discovery
PRJ-0173,TSK-003436,Audit data model 5,Completed,Initech GmbH - Integration Program,PHS-00611,Initiate,Tomas Novak,,2026-01-29,2026-02-15,0.51,,,,Review workflow 4,,,,,2026-01-29,2026-02-10,0.00,,false,Test Execution
PRJ-0173,TSK-003437,Validate integration 6,NA,Initech GmbH - Integration Program,PHS-00613,Configure & Build,Noah Novak,,2026-01-30,2026-03-01,32.91,,,,Audit data model 5,,,,,,,0.00,,true,
PRJ-0173,TSK-003438,Audit permission set 7,Completed,Initech GmbH - Integration Program,PHS-00610,Getting Started,Amara Diallo,,2026-01-31,2026-02-14,0.00,,,,Validate integration 6,,,,,2026-01-31,2026-02-10,0.00,,true,Program Management
PRJ-0173,TSK-003439,Migrate playbook 8,To do,Initech GmbH - Integration Program,PHS-00611,Initiate,Mei Kaya,,2026-02-01,2026-02-03,0.00,,,,Audit permission set 7,,,,,,,0.00,,false,Test Execution
PRJ-0173,TSK-003440,Review workflow 9,To do,Initech GmbH - Integration Program,PHS-00611,Initiate,Mei Kaya,,2026-02-02,2026-02-16,35.83,,,,Migrate playbook 8,,,,,,,0.00,,false,
PRJ-0173,TSK-003441,Validate playbook 10,Completed,Initech GmbH - Integration Program,PHS-00612,Discover & Design,,,2026-02-03,2026-02-07,25.32,,,,Review workflow 9,,,,,2026-02-03,2026-02-16,0.00,,true,Project Setup
PRJ-0173,TSK-003442,Validate environment 11,Completed,Initech GmbH - Integration Program,PHS-00614,Test,,,2026-02-04,2026-02-09,38.89,,,,Validate playbook 10,,,,,2026-02-04,2026-03-04,0.00,,true,Test Execution
PRJ-0173,TSK-003443,Review permission set 12,To do,Initech GmbH - Integration Program,PHS-00613,Configure & Build,,,2026-02-05,2026-03-07,33.08,,,,Validate environment 11,,,,,,,0.00,,true,Discovery
PRJ-0173,TSK-003444,Validate workflow 13,Blocked,Initech GmbH - Integration Program,PHS-00611,Initiate,,,2026-02-06,2026-02-15,0.00,,,,,,,,,,,0.00,,true,Program Management
PRJ-0173,TSK-003445,Review report 14,In progress,Initech GmbH - Integration Program,PHS-00611,Initiate,Noah Novak,,2026-02-07,2026-02-10,0.00,,,,"Migrate report 1, Review template 2, Validate integration 6, Audit permission set 7, Validate playbook 10",,,,,2026-02-07,,0.00,,true,Transition
PRJ-0173,TSK-003446,Deploy playbook 15,To do,Initech GmbH - Integration Program,PHS-00611,Initiate,Amara Diallo,,2026-02-08,2026-03-06,0.24,true,,,"Audit playbook 3, Validate environment 11, Validate workflow 13",,,,,,,0.00,,true,
PRJ-0174,TSK-003447,Deploy environment 1,Completed,Contoso Group - Migration,PHS-00616,Getting Started,Noah Diallo,,2026-03-04,2026-03-07,6.48,,,,,,,,,2026-03-04,2026-04-01,0.00,,true,
PRJ-0174,TSK-003448,Document template 2,Completed,Contoso Group - Migration,PHS-00617,Initiate,Hana Kaya,,2026-03-05,2026-03-19,19.05,,,,Deploy environment 1,,,,,2026-03-05,2026-03-07,0.00,,true,Transition
PRJ-0174,TSK-003449,Migrate report 3,Completed,Contoso Group - Migration,PHS-00617,Initiate,,,2026-03-06,2026-04-05,3.99,,,,Document template 2,,,,,2026-03-06,2026-03-07,0.00,,true,Project Setup
PRJ-0174,TSK-003450,Deploy integration 4,Completed,Contoso Group - Migration,PHS-00616,Getting Started,Hana Kaya,,2026-03-07,2026-03-27,21.01,,,,Migrate report 3,,,,,2026-03-07,2026-03-30,0.00,,true,
PRJ-0174,TSK-003451,Audit workflow 5,Completed,Contoso Group - Migration,PHS-00617,Initiate,Noah Diallo,,2026-03-08,2026-04-01,15.64,,,,Deploy integration 4,,,,,2026-03-08,2026-04-04,0.00,,false,
PRJ-0174,TSK-003452,Review workflow 6,Completed,Contoso Group - Migration,PHS-00616,Getting Started,Noah Diallo,,2026-03-09,2026-03-31,0.00,,,,Audit workflow 5,,,,,2026-03-09,2026-04-06,0.00,,true,Discovery
PRJ-0174,TSK-003453,Deploy permission set 7,Completed,Contoso Group - Migration,PHS-00616,Getting Started,Marco Diallo,,2026-03-10,2026-04-02,9.73,,,,Review workflow 6,,,,,2026-03-10,2026-04-07,0.00,,false,Program Management
PRJ-0174,TSK-003454,Audit environment 8,Completed,Contoso Group - Migration,PHS-00617,Initiate,,,2026-03-11,2026-03-25,34.07,,,,Deploy permission set 7,,,,,2026-03-11,2026-03-24,0.00,,true,Project Setup
PRJ-0174,TSK-003455,Audit workflow 9,Completed,Contoso Group - Migration,PHS-00617,Initiate,Marco Diallo,,2026-03-12,2026-04-04,20.25,,,,Audit environment 8,,,,,2026-03-12,2026-03-26,0.00,,true,Program Management
PRJ-0174,TSK-003456,Audit data model 10,Completed,Contoso Group - Migration,PHS-00617,Initiate,,,2026-03-13,2026-03-29,13.93,,,,Audit workflow 9,,,,,2026-03-13,2026-03-27,0.00,,false,
PRJ-0174,TSK-003457,Validate workflow 11,Completed,Contoso Group - Migration,PHS-00616,Getting Started,Marco Diallo,,2026-03-14,2026-04-05,20.37,,,,Audit data model 10,,,,,2026-03-14,2026-03-20,0.00,,true,Project Setup
PRJ-0174,TSK-003458,Document data model 12,Completed,Contoso Group - Migration,PHS-00617,Initiate,Kwame Novak,,2026-03-15,2026-04-05,0.00,,,,Validate workflow 11,,,,,2026-03-15,2026-03-20,0.00,,true,
PRJ-0174,TSK-003459,Review environment 13,Completed,Contoso Group - Migration,PHS-00617,Initiate,Marco Diallo,,2026-03-16,2026-03-27,5.72,,,,"Deploy integration 4, Audit workflow 5, Audit data model 10, Validate workflow 11",,,,,2026-03-16,2026-04-06,0.00,,true,Discovery
PRJ-0174,TSK-003460,Document report 14,Completed,Contoso Group - Migration,PHS-00617,Initiate,Hana Kaya,,2026-03-17,2026-03-26,27.71,,,,,,,,,2026-03-17,2026-03-20,0.00,,true,Program Management
PRJ-0174,TSK-003461,Deploy report 15,Completed,Contoso Group - Migration,PHS-00617,Initiate,,,2026-03-18,2026-04-04,0.00,,,,"Migrate report 3, Review workflow 6, Deploy permission set 7, Audit workflow 9, Validate workflow 11",,,,,2026-03-18,2026-03-21,0.00,,true,Build and Deployment
PRJ-0174,TSK-003462,Deploy integration 16,Completed,Contoso Group - Migration,PHS-00616,Getting Started,Kwame Novak,,2026-03-19,2026-03-25,7.12,,,,,,,,,2026-03-19,2026-04-08,0.00,,true,Test Execution
PRJ-0174,TSK-003463,Audit data model 17,Completed,Contoso Group - Migration,PHS-00617,Initiate,Kwame Novak,,2026-03-20,2026-04-16,37.09,,,,,,,,,2026-03-20,2026-04-19,0.00,,true,Test Execution
PRJ-0174,TSK-003464,Review playbook 18,Completed,Contoso Group - Migration,PHS-00616,Getting Started,Marco Diallo,,2026-03-21,2026-04-18,28.27,,,,"Deploy environment 1, Audit workflow 5, Deploy permission set 7, Document report 14",,,,,2026-03-21,2026-03-27,0.00,,true,
PRJ-0174,TSK-003465,Deploy environment 19,Completed,Contoso Group - Migration,PHS-00617,Initiate,,,2026-03-22,2026-04-06,8.15,true,,,"Audit environment 8, Audit data model 17",,,,,2026-03-22,2026-04-08,0.00,,true,Project Setup
PRJ-0174,TSK-003466,Review template 20,Completed,Contoso Group - Migration,PHS-00616,Getting Started,Hana Kaya,,2026-03-23,2026-04-09,22.20,true,,,"Deploy environment 1, Audit environment 8",,,,,2026-03-23,2026-04-14,0.00,,true,Test Execution
PRJ-0175,TSK-003467,Configure report 1,Completed,Massive Dynamic GmbH - Enterprise Rollout,PHS-00619,Initiate,Sofia Rossi,,2026-05-24,2026-05-26,24.69,,,,,,,,,2026-05-24,2026-05-27,0.00,,true,Project Setup
PRJ-0175,TSK-003468,Deploy integration 2,Completed,Massive Dynamic GmbH - Enterprise Rollout,PHS-00618,Getting Started,,,2026-05-25,2026-06-16,9.75,,,,Configure report 1,,,,,2026-05-25,2026-06-07,0.00,,true,Build and Deployment
PRJ-0175,TSK-003469,Document permission set 3,Completed,Massive Dynamic GmbH - Enterprise Rollout,PHS-00619,Initiate,Ingrid Sato,,2026-05-26,2026-06-25,13.50,,,,Deploy integration 2,,,,,2026-05-26,2026-06-19,0.00,,true,Project Setup
PRJ-0175,TSK-003470,Validate integration 4,Completed,Massive Dynamic GmbH - Enterprise Rollout,PHS-00618,Getting Started,Marco Diallo,,2026-05-27,2026-05-29,35.12,,,,Document permission set 3,,,,,2026-05-27,2026-05-29,0.00,,true,Transition
PRJ-0175,TSK-003471,Validate environment 5,Completed,Massive Dynamic GmbH - Enterprise Rollout,PHS-00619,Initiate,Sofia Rossi,,2026-05-28,2026-06-14,21.50,,,,Validate integration 4,,,,,2026-05-28,2026-05-30,0.00,,false,Program Management
PRJ-0175,TSK-003472,Document template 6,Completed,Massive Dynamic GmbH - Enterprise Rollout,PHS-00619,Initiate,Elena Diallo,,2026-05-29,2026-06-02,3.88,,,,Validate environment 5,,,,,2026-05-29,2026-06-28,0.00,,true,Discovery
PRJ-0175,TSK-003473,Document integration 7,Completed,Massive Dynamic GmbH - Enterprise Rollout,PHS-00619,Initiate,,,2026-05-30,2026-06-24,0.00,,,,Document template 6,,,,,2026-05-30,2026-06-10,0.00,,true,Discovery
PRJ-0175,TSK-003474,Audit workflow 8,Completed,Massive Dynamic GmbH - Enterprise Rollout,PHS-00619,Initiate,Sofia Rossi,,2026-05-31,2026-06-12,1.60,,,,Document integration 7,,,,,2026-05-31,2026-06-26,0.00,,true,
PRJ-0175,TSK-003475,Deploy data model 9,Completed,Massive Dynamic GmbH - Enterprise Rollout,PHS-00618,Getting Started,Elena Diallo,,2026-06-01,2026-06-29,0.00,,,,Audit workflow 8,,,,,2026-06-01,2026-06-11,0.00,,true,Discovery
PRJ-0175,TSK-003476,Migrate template 10,Completed,Massive Dynamic GmbH - Enterprise Rollout,PHS-00618,Getting Started,Marco Diallo,,2026-06-02,2026-06-06,14.78,,,,Deploy data model 9,,,,,2026-06-02,2026-06-06,0.00,,true,Project Setup
PRJ-0175,TSK-003477,Document permission set 11,Completed,Massive Dynamic GmbH - Enterprise Rollout,PHS-00619,Initiate,,,2026-06-03,2026-06-20,3.17,,,,Migrate template 10,,,,,2026-06-03,2026-06-22,0.00,,true,Project Setup
PRJ-0175,TSK-003478,Validate template 12,Completed,Massive Dynamic GmbH - Enterprise Rollout,PHS-00618,Getting Started,Arjun Sato,,2026-06-04,2026-06-14,31.00,,,,Document permission set 11,,,,,2026-06-04,2026-06-13,0.00,,true,Program Management
PRJ-0175,TSK-003479,Train template 13,Completed,Massive Dynamic GmbH - Enterprise Rollout,PHS-00619,Initiate,Ingrid Sato,,2026-06-05,2026-06-09,24.66,,,,Document permission set 3,,,,,2026-06-05,2026-06-06,0.00,,true,Project Setup
PRJ-0175,TSK-003480,Validate permission set 14,Completed,Massive Dynamic GmbH - Enterprise Rollout,PHS-00619,Initiate,,,2026-06-06,2026-06-07,15.01,,,,"Deploy integration 2, Deploy data model 9",,,,,2026-06-06,2026-07-04,0.00,,false,Discovery
PRJ-0175,TSK-003481,Audit template 15,Completed,Massive Dynamic GmbH - Enterprise Rollout,PHS-00618,Getting Started,,,2026-06-07,2026-06-11,8.92,,,,,,,,,2026-06-07,2026-06-16,0.00,,true,Discovery
PRJ-0175,TSK-003482,Migrate environment 16,Completed,Massive Dynamic GmbH - Enterprise Rollout,PHS-00619,Initiate,Elena Diallo,,2026-06-08,2026-06-28,28.04,,,,,,,,,2026-06-08,2026-06-13,0.00,,false,Program Management
PRJ-0175,TSK-003483,Configure permission set 17,Completed,Massive Dynamic GmbH - Enterprise Rollout,PHS-00619,Initiate,Elena Diallo,,2026-06-09,2026-06-30,0.00,,,,"Validate environment 5, Document integration 7, Audit workflow 8, Migrate template 10",,,,,2026-06-09,2026-06-21,0.00,,true,Test Execution
PRJ-0175,TSK-003484,Migrate workflow 18,Completed,Massive Dynamic GmbH - Enterprise Rollout,PHS-00619,Initiate,Marco Diallo,,2026-06-10,2026-06-17,24.45,,,,Deploy integration 2,,,,,2026-06-10,2026-07-03,0.00,,true,Project Setup
PRJ-0175,TSK-003485,Validate data model 19,Completed,Massive Dynamic GmbH - Enterprise Rollout,PHS-00618,Getting Started,Marco Diallo,,2026-06-11,2026-07-05,8.29,,,,"Validate environment 5, Deploy data model 9, Configure permission set 17",,,,,2026-06-11,2026-06-12,0.00,,true,Project Setup
PRJ-0175,TSK-003486,Configure report 20,Completed,Massive Dynamic GmbH - Enterprise Rollout,PHS-00618,Getting Started,,,2026-06-12,2026-07-12,18.02,,,,"Validate integration 4, Deploy data model 9, Migrate environment 16, Configure permission set 17",,,,,2026-06-12,2026-06-26,0.00,,true,Project Setup
PRJ-0175,TSK-003487,Train permission set 21,Completed,Massive Dynamic GmbH - Enterprise Rollout,PHS-00618,Getting Started,,,2026-06-13,2026-06-25,32.28,,,,,,,,,2026-06-13,2026-06-27,0.00,,true,Program Management
PRJ-0175,TSK-003488,Migrate workflow 22,Completed,Massive Dynamic GmbH - Enterprise Rollout,PHS-00619,Initiate,Ingrid Sato,,2026-06-14,2026-06-27,0.00,true,,,"Configure report 1, Train template 13, Validate permission set 14, Audit template 15",,,,,2026-06-14,2026-07-02,0.00,,false,Project Setup
PRJ-0175,TSK-003489,Train playbook 23,Completed,Massive Dynamic GmbH - Enterprise Rollout,PHS-00618,Getting Started,Sofia Rossi,,2026-06-15,2026-07-09,32.44,true,,,,,,,,2026-06-15,2026-06-29,0.00,,true,Transition
PRJ-0176,TSK-003490,Deploy workflow 1,Completed,Globex LLC - Phase 2 Rollout,PHS-00621,Initiate,,,2026-01-22,2026-02-09,18.71,,,,,,,,,2026-01-22,2026-02-02,0.00,,true,Build and Deployment
PRJ-0176,TSK-003491,Validate environment 2,Completed,Globex LLC - Phase 2 Rollout,PHS-00621,Initiate,Mei Kaya,,2026-01-23,2026-02-01,15.18,,,,Deploy workflow 1,,,,,2026-01-23,2026-02-03,0.00,,true,Transition
PRJ-0176,TSK-003492,Document report 3,Blocked,Globex LLC - Phase 2 Rollout,PHS-00621,Initiate,Marco Sato,,2026-01-24,2026-02-14,0.00,,,,Validate environment 2,,,,,,,0.00,,true,
PRJ-0176,TSK-003493,Migrate environment 4,In progress,Globex LLC - Phase 2 Rollout,PHS-00623,Configure & Build,,,2026-01-25,2026-01-30,38.17,,,,Document report 3,,,,,2026-01-25,,0.00,,true,Transition
PRJ-0176,TSK-003494,Train playbook 5,To do,Globex LLC - Phase 2 Rollout,PHS-00624,Test,Zara Novak,,2026-01-26,2026-02-19,32.61,,,,Migrate environment 4,,,,,,,0.00,,false,Test Execution
PRJ-0176,TSK-003495,Deploy integration 6,To do,Globex LLC - Phase 2 Rollout,PHS-00621,Initiate,Arjun Diallo,,2026-01-27,2026-02-05,0.00,,,,Train playbook 5,,,,,,,0.00,,true,Discovery
PRJ-0176,TSK-003496,Migrate permission set 7,Completed,Globex LLC - Phase 2 Rollout,PHS-00625,Transfer,Arjun Diallo,,2026-01-28,2026-02-11,38.60,,,,Deploy integration 6,,,,,2026-01-28,2026-02-19,0.00,,true,Transition
PRJ-0176,TSK-003497,Configure permission set 8,Completed,Globex LLC - Phase 2 Rollout,PHS-00624,Test,Marco Sato,,2026-01-29,2026-02-17,7.57,,,,Migrate permission set 7,,,,,2026-01-29,2026-02-26,0.00,,true,Transition
PRJ-0176,TSK-003498,Migrate playbook 9,Completed,Globex LLC - Phase 2 Rollout,PHS-00624,Test,Marco Sato,,2026-01-30,2026-02-08,0.00,,,,Configure permission set 8,,,,,2026-01-30,2026-02-04,0.00,,true,Transition
PRJ-0176,TSK-003499,Configure environment 10,Completed,Globex LLC - Phase 2 Rollout,PHS-00620,Getting Started,Mei Kaya,,2026-01-31,2026-02-01,9.06,,,,Migrate playbook 9,,,,,2026-01-31,2026-02-04,0.00,,true,Program Management
PRJ-0176,TSK-003500,Migrate report 11,Completed,Globex LLC - Phase 2 Rollout,PHS-00625,Transfer,Elena Sato,,2026-02-01,2026-02-24,0.00,,,,Configure environment 10,,,,,2026-02-01,2026-02-02,0.00,,true,Project Setup
PRJ-0176,TSK-003501,Migrate data model 12,Completed,Globex LLC - Phase 2 Rollout,PHS-00625,Transfer,Mei Kaya,,2026-02-02,2026-02-20,38.63,,,,Migrate report 11,,,,,2026-02-02,2026-02-15,0.00,,true,Build and Deployment
PRJ-0176,TSK-003502,Configure playbook 13,To do,Globex LLC - Phase 2 Rollout,PHS-00622,Discover & Design,Mei Kaya,,2026-02-03,2026-02-16,0.00,,,,"Deploy workflow 1, Document report 3, Migrate environment 4, Train playbook 5, Configure environment 10",,,,,,,0.00,,true,Transition
PRJ-0176,TSK-003503,Audit environment 14,Completed,Globex LLC - Phase 2 Rollout,PHS-00623,Configure & Build,Zara Novak,,2026-02-04,2026-02-05,12.92,,,,,,,,,2026-02-04,2026-02-20,0.00,,true,Program Management
PRJ-0176,TSK-003504,Migrate workflow 15,To do,Globex LLC - Phase 2 Rollout,PHS-00622,Discover & Design,Elena Sato,,2026-02-05,2026-02-16,18.74,,,,"Migrate environment 4, Configure environment 10, Audit environment 14",,,,,,,0.00,,true,
PRJ-0176,TSK-003505,Migrate playbook 16,Blocked,Globex LLC - Phase 2 Rollout,PHS-00620,Getting Started,Elena Sato,,2026-02-06,2026-03-08,6.82,,,,,TSK-003498,Migrate playbook 9,,,,,0.00,,true,Discovery
PRJ-0176,TSK-003506,Review integration 17,Completed,Globex LLC - Phase 2 Rollout,PHS-00622,Discover & Design,Zara Novak,,2026-02-07,2026-03-03,20.29,,,,"Validate environment 2, Migrate environment 4, Migrate playbook 9, Configure environment 10, Audit environment 14",,,,,2026-02-07,2026-03-03,0.00,,true,Build and Deployment
PRJ-0176,TSK-003507,Document playbook 18,In progress,Globex LLC - Phase 2 Rollout,PHS-00620,Getting Started,Elena Sato,,2026-02-08,2026-02-13,27.52,,,,"Deploy workflow 1, Deploy integration 6, Migrate playbook 9",,,,,2026-02-08,,0.00,,true,
PRJ-0176,TSK-003508,Validate environment 19,To do,Globex LLC - Phase 2 Rollout,PHS-00623,Configure & Build,,,2026-02-09,2026-02-22,0.00,,,,"Migrate permission set 7, Configure environment 10, Migrate playbook 16",,,,,,,0.00,,true,Transition
PRJ-0176,TSK-003509,Document integration 20,To do,Globex LLC - Phase 2 Rollout,PHS-00620,Getting Started,Mei Kaya,,2026-02-10,2026-03-10,16.70,,,,,,,,,,,0.00,,true,Transition
PRJ-0176,TSK-003510,Document report 21,To do,Globex LLC - Phase 2 Rollout,PHS-00625,Transfer,Marco Sato,,2026-02-11,2026-02-16,0.00,,,,,,,,,,,0.00,,true,Discovery
PRJ-0176,TSK-003511,Audit report 22,In progress,Globex LLC - Phase 2 Rollout,PHS-00624,Test,Mei Kaya,,2026-02-12,2026-03-14,0.00,,,,Deploy workflow 1,,,,,2026-02-12,,0.00,,true,
PRJ-0176,TSK-003512,Review template 23,To do,Globex LLC - Phase 2 Rollout,PHS-00624,Test,Mei Kaya,,2026-02-13,2026-03-07,6.81,,,,,,,,,,,0.00,,true,Transition
PRJ-0176,TSK-003513,Audit playbook 24,In progress,Globex LLC - Phase 2 Rollout,PHS-00623,Configure & Build,,,2026-02-14,2026-02-27,22.03,true,,,"Train playbook 5, Configure permission set 8, Migrate playbook 9, Configure environment 10, Audit environment 14, Validate environment 19",,,,,2026-02-14,,0.00,,true,Project Setup
PRJ-0176,TSK-003514,Configure report 25,Completed,Globex LLC - Phase 2 Rollout,PHS-00621,Initiate,Mei Kaya,,2026-02-15,2026-02-28,0.65,true,,,,,,,,2026-02-15,2026-03-07,0.00,,true,Build and Deployment
PRJ-0177,TSK-003515,Migrate permission set 1,In progress,Tyrell GmbH - Phase 2 Rollout,PHS-00626,Getting Started,Yusuf Diallo,,2026-05-24,2026-05-25,6.49,,,,,,,,,2026-05-24,,0.00,,false,Program Management
PRJ-0177,TSK-003516,Configure integration 2,To do,Tyrell GmbH - Phase 2 Rollout,PHS-00631,Transfer,Yusuf Diallo,,2026-05-25,2026-06-18,0.00,,,,Migrate permission set 1,,,,,,,0.00,,true,Discovery
PRJ-0177,TSK-003517,Configure playbook 3,Completed,Tyrell GmbH - Phase 2 Rollout,PHS-00631,Transfer,,,2026-05-26,2026-05-28,18.17,,,,Configure integration 2,,,,,2026-05-26,2026-06-23,0.00,,true,Build and Deployment
PRJ-0177,TSK-003518,Configure environment 4,In progress,Tyrell GmbH - Phase 2 Rollout,PHS-00631,Transfer,,,2026-05-27,2026-05-29,29.41,,,,Configure playbook 3,,,,,2026-05-27,,0.00,,true,Test Execution
PRJ-0177,TSK-003519,Document integration 5,Completed,Tyrell GmbH - Phase 2 Rollout,PHS-00627,Initiate,Yusuf Diallo,,2026-05-28,2026-06-27,1.75,,,,Configure environment 4,,,,,2026-05-28,2026-06-11,0.00,,true,
PRJ-0177,TSK-003520,Audit integration 6,In progress,Tyrell GmbH - Phase 2 Rollout,PHS-00629,Configure & Build,,,2026-05-29,2026-06-16,21.36,,,,Document integration 5,,,,,2026-05-29,,0.00,,false,Program Management
PRJ-0177,TSK-003521,Validate environment 7,In progress,Tyrell GmbH - Phase 2 Rollout,PHS-00631,Transfer,Yusuf Diallo,,2026-05-30,2026-06-23,0.00,,,,Audit integration 6,,,,,2026-05-30,,0.00,,true,Test Execution
PRJ-0177,TSK-003522,Migrate permission set 8,NA,Tyrell GmbH - Phase 2 Rollout,PHS-00629,Configure & Build,Yusuf Diallo,,2026-05-31,2026-06-24,0.00,,,,Validate environment 7,,,,,,,0.00,,true,Transition
PRJ-0177,TSK-003523,Validate template 9,To do,Tyrell GmbH - Phase 2 Rollout,PHS-00631,Transfer,,,2026-06-01,2026-06-02,14.07,,,,Migrate permission set 8,,,,,,,0.00,,true,Program Management
PRJ-0177,TSK-003524,Review environment 10,Completed,Tyrell GmbH - Phase 2 Rollout,PHS-00630,Test,Yusuf Diallo,,2026-06-02,2026-06-25,20.64,,,,Validate template 9,,,,,2026-06-02,2026-06-07,0.00,,true,Transition
PRJ-0177,TSK-003525,Review environment 11,To do,Tyrell GmbH - Phase 2 Rollout,PHS-00630,Test,Yusuf Diallo,,2026-06-03,2026-06-11,0.00,,,,Review environment 10,,,,,,,0.00,,true,Project Setup
PRJ-0177,TSK-003526,Audit report 12,To do,Tyrell GmbH - Phase 2 Rollout,PHS-00629,Configure & Build,Yusuf Diallo,,2026-06-04,2026-06-27,26.03,,,,Review environment 11,,,,,,,0.00,,true,Discovery
PRJ-0177,TSK-003527,Review workflow 13,Completed,Tyrell GmbH - Phase 2 Rollout,PHS-00628,Discover & Design,Yusuf Diallo,,2026-06-05,2026-06-08,1.28,,,,"Configure integration 2, Validate environment 7, Migrate permission set 8, Review environment 11",,,,,2026-06-05,2026-06-27,0.00,,true,Discovery
PRJ-0177,TSK-003528,Deploy playbook 14,To do,Tyrell GmbH - Phase 2 Rollout,PHS-00626,Getting Started,Yusuf Diallo,,2026-06-06,2026-06-26,0.00,,,,,,,,,,,0.00,,true,Program Management
PRJ-0177,TSK-003529,Review permission set 15,In progress,Tyrell GmbH - Phase 2 Rollout,PHS-00629,Configure & Build,Yusuf Diallo,,2026-06-07,2026-06-17,0.00,,,,"Migrate permission set 1, Configure integration 2, Configure playbook 3, Document integration 5, Migrate permission set 8",,,,,2026-06-07,,0.00,,true,Discovery
PRJ-0177,TSK-003530,Configure environment 16,To do,Tyrell GmbH - Phase 2 Rollout,PHS-00629,Configure & Build,Yusuf Diallo,,2026-06-08,2026-06-12,15.07,,,,"Configure integration 2, Audit integration 6, Validate environment 7, Review permission set 15",,,,,,,0.00,,true,Transition
PRJ-0177,TSK-003531,Configure data model 17,Completed,Tyrell GmbH - Phase 2 Rollout,PHS-00629,Configure & Build,Yusuf Diallo,,2026-06-09,2026-06-28,12.04,,,,"Migrate permission set 8, Validate template 9, Review permission set 15",,,,,2026-06-09,2026-06-12,0.00,,false,Discovery
PRJ-0177,TSK-003532,Migrate template 18,In progress,Tyrell GmbH - Phase 2 Rollout,PHS-00627,Initiate,Yusuf Diallo,,2026-06-10,2026-06-20,0.00,,,,,,,,,2026-06-10,,0.00,,true,Discovery
PRJ-0177,TSK-003533,Migrate workflow 19,Completed,Tyrell GmbH - Phase 2 Rollout,PHS-00628,Discover & Design,,,2026-06-11,2026-06-13,25.37,,,,"Configure environment 4, Deploy playbook 14, Review permission set 15",,,,,2026-06-11,2026-06-23,0.00,,true,
PRJ-0177,TSK-003534,Train template 20,To do,Tyrell GmbH - Phase 2 Rollout,PHS-00627,Initiate,,,2026-06-12,2026-07-11,14.74,true,,,,,,,,,,0.00,,true,Discovery
PRJ-0177,TSK-003535,Configure report 21,To do,Tyrell GmbH - Phase 2 Rollout,PHS-00626,Getting Started,Yusuf Diallo,,2026-06-13,2026-07-11,0.00,true,,,,,,,,,,0.00,,true,Program Management
PRJ-0178,TSK-003536,Document workflow 1,To do,Hooli Group - CLM Implementation,PHS-00634,Discover & Design,Yusuf Sato,,2026-04-12,2026-04-26,0.00,,,,,,,,,,,0.00,,true,Program Management
PRJ-0178,TSK-003537,Configure data model 2,To do,Hooli Group - CLM Implementation,PHS-00632,Getting Started,Daniel Kaya,,2026-04-13,2026-05-04,37.83,,,,Document workflow 1,,,,,,,0.00,,true,Discovery
PRJ-0178,TSK-003538,Document integration 3,To do,Hooli Group - CLM Implementation,PHS-00632,Getting Started,Daniel Kaya,,2026-04-14,2026-05-02,22.69,,,,Configure data model 2,,,,,,,0.00,,true,
PRJ-0178,TSK-003539,Review permission set 4,Completed,Hooli Group - CLM Implementation,PHS-00634,Discover & Design,Hana Rossi,,2026-04-15,2026-05-09,0.00,,,,Document integration 3,,,,,2026-04-15,2026-04-16,0.00,,false,Discovery
PRJ-0178,TSK-003540,Train integration 5,Completed,Hooli Group - CLM Implementation,PHS-00634,Discover & Design,,,2026-04-16,2026-04-17,0.80,,,,Review permission set 4,,,,,2026-04-16,2026-04-24,0.00,,false,Discovery
PRJ-0178,TSK-003541,Audit template 6,Completed,Hooli Group - CLM Implementation,PHS-00633,Initiate,Yusuf Sato,,2026-04-17,2026-05-15,11.49,,,,Train integration 5,,,,,2026-04-17,2026-04-21,0.00,,true,Project Setup
PRJ-0178,TSK-003542,Review report 7,Completed,Hooli Group - CLM Implementation,PHS-00633,Initiate,Hana Rossi,,2026-04-18,2026-05-06,1.61,,,,Audit template 6,,,,,2026-04-18,2026-04-26,0.00,,true,
PRJ-0178,TSK-003543,Review integration 8,To do,Hooli Group - CLM Implementation,PHS-00632,Getting Started,Yusuf Sato,,2026-04-19,2026-05-04,36.57,,,,Review report 7,,,,,,,0.00,,false,Program Management
PRJ-0178,TSK-003544,Document data model 9,In progress,Hooli Group - CLM Implementation,PHS-00632,Getting Started,,,2026-04-20,2026-05-17,0.00,,,,Review integration 8,,,,,2026-04-20,,0.00,,true,Transition
PRJ-0178,TSK-003545,Train integration 10,To do,Hooli Group - CLM Implementation,PHS-00634,Discover & Design,,,2026-04-21,2026-05-11,0.00,,,,Document data model 9,,,,,,,0.00,,true,Program Management
PRJ-0178,TSK-003546,Migrate integration 11,To do,Hooli Group - CLM Implementation,PHS-00633,Initiate,,,2026-04-22,2026-05-02,0.00,,,,Train integration 10,,,,,,,0.00,,true,
PRJ-0178,TSK-003547,Validate data model 12,To do,Hooli Group - CLM Implementation,PHS-00633,Initiate,Marco Diallo,,2026-04-23,2026-05-07,35.53,,,,Migrate integration 11,,,,,,,0.00,,true,Program Management
PRJ-0178,TSK-003548,Deploy workflow 13,To do,Hooli Group - CLM Implementation,PHS-00633,Initiate,Yusuf Sato,,2026-04-24,2026-04-30,9.18,,,,,TSK-003538,Document integration 3,,,,,0.00,,true,Transition
PRJ-0178,TSK-003549,Audit environment 14,In progress,Hooli Group - CLM Implementation,PHS-00634,Discover & Design,Yusuf Sato,,2026-04-25,2026-04-26,0.00,true,,,"Train integration 5, Audit template 6, Review integration 8, Document data model 9",,,,,2026-04-25,,0.00,,true,Discovery
PRJ-0179,TSK-003550,Audit integration 1,Completed,Acme LLC - Phase 2 Rollout,PHS-00640,Test,Mei Kaya,,2026-03-21,2026-04-12,30.51,,,,,,,,,2026-03-21,2026-04-06,0.00,,true,Discovery
PRJ-0179,TSK-003551,Review data model 2,Completed,Acme LLC - Phase 2 Rollout,PHS-00640,Test,Sofia Berg,,2026-03-22,2026-04-06,23.93,,,,Audit integration 1,,,,,2026-03-22,2026-04-06,0.00,,true,Program Management
PRJ-0179,TSK-003552,Audit integration 3,Completed,Acme LLC - Phase 2 Rollout,PHS-00639,Configure & Build,Mei Kaya,,2026-03-23,2026-04-06,17.93,,,,Review data model 2,,,,,2026-03-23,2026-03-30,0.00,,true,
PRJ-0179,TSK-003553,Review playbook 4,Completed,Acme LLC - Phase 2 Rollout,PHS-00637,Initiate,Mei Kaya,,2026-03-24,2026-03-31,16.93,,,,Audit integration 3,,,,,2026-03-24,2026-04-17,0.00,,true,Discovery
PRJ-0179,TSK-003554,Audit integration 5,Completed,Acme LLC - Phase 2 Rollout,PHS-00639,Configure & Build,Sofia Berg,,2026-03-25,2026-04-16,10.10,,,,Review playbook 4,,,,,2026-03-25,2026-04-11,0.00,,false,Program Management
PRJ-0179,TSK-003555,Deploy playbook 6,Completed,Acme LLC - Phase 2 Rollout,PHS-00640,Test,Mei Kaya,,2026-03-26,2026-04-08,34.64,,,,Audit integration 5,,,,,2026-03-26,2026-04-18,0.00,,true,Transition
PRJ-0179,TSK-003556,Audit workflow 7,Completed,Acme LLC - Phase 2 Rollout,PHS-00640,Test,Mei Kaya,,2026-03-27,2026-04-20,9.72,,,,Deploy playbook 6,,,,,2026-03-27,2026-04-15,0.00,,false,Transition
PRJ-0179,TSK-003557,Validate environment 8,Completed,Acme LLC - Phase 2 Rollout,PHS-00637,Initiate,,,2026-03-28,2026-04-26,2.25,,,,Audit workflow 7,,,,,2026-03-28,2026-04-20,0.00,,true,Discovery
PRJ-0179,TSK-003558,Document integration 9,Completed,Acme LLC - Phase 2 Rollout,PHS-00640,Test,Sofia Berg,,2026-03-29,2026-04-07,36.29,,,,Validate environment 8,,,,,2026-03-29,2026-04-08,0.00,,true,Program Management
PRJ-0179,TSK-003559,Deploy playbook 10,Completed,Acme LLC - Phase 2 Rollout,PHS-00636,Getting Started,Mei Sato,,2026-03-30,2026-04-01,5.21,,,,Document integration 9,,,,,2026-03-30,2026-04-05,0.00,,true,Program Management
PRJ-0179,TSK-003560,Deploy playbook 11,Completed,Acme LLC - Phase 2 Rollout,PHS-00639,Configure & Build,,,2026-03-31,2026-04-06,2.82,,,,Deploy playbook 10,,,,,2026-03-31,2026-04-06,0.00,,true,Project Setup
PRJ-0179,TSK-003561,Review permission set 12,Completed,Acme LLC - Phase 2 Rollout,PHS-00637,Initiate,,,2026-04-01,2026-04-17,19.73,,,,Deploy playbook 11,,,,,2026-04-01,2026-04-06,0.00,,true,Program Management
PRJ-0179,TSK-003562,Deploy data model 13,Completed,Acme LLC - Phase 2 Rollout,PHS-00636,Getting Started,Mei Sato,,2026-04-02,2026-05-02,0.00,,,,"Review data model 2, Validate environment 8",,,,,2026-04-02,2026-04-20,0.00,,true,
PRJ-0179,TSK-003563,Validate playbook 14,Completed,Acme LLC - Phase 2 Rollout,PHS-00638,Discover & Design,Sofia Berg,,2026-04-03,2026-04-05,14.16,,,,,TSK-003555,Deploy playbook 6,,,2026-04-03,2026-05-03,0.00,,false,Test Execution
PRJ-0179,TSK-003564,Migrate integration 15,Completed,Acme LLC - Phase 2 Rollout,PHS-00639,Configure & Build,,,2026-04-04,2026-04-12,27.67,,,,"Audit integration 1, Audit integration 3, Review playbook 4, Validate environment 8, Deploy playbook 10",,,,,2026-04-04,2026-04-17,0.00,,true,Build and Deployment
PRJ-0179,TSK-003565,Document permission set 16,Completed,Acme LLC - Phase 2 Rollout,PHS-00637,Initiate,Sofia Berg,,2026-04-05,2026-04-19,39.83,,,,,,,,,2026-04-05,2026-04-13,0.00,,false,Discovery
PRJ-0179,TSK-003566,Deploy data model 17,Completed,Acme LLC - Phase 2 Rollout,PHS-00639,Configure & Build,Mei Kaya,,2026-04-06,2026-04-22,11.86,,,,"Review data model 2, Review playbook 4, Deploy playbook 6, Validate environment 8, Deploy playbook 10",,,,,2026-04-06,2026-04-16,0.00,,true,Transition
PRJ-0179,TSK-003567,Review workflow 18,Completed,Acme LLC - Phase 2 Rollout,PHS-00638,Discover & Design,,,2026-04-07,2026-04-10,37.94,,,,,,,,,2026-04-07,2026-05-01,0.00,,true,
PRJ-0179,TSK-003568,Review workflow 19,Completed,Acme LLC - Phase 2 Rollout,PHS-00638,Discover & Design,,,2026-04-08,2026-04-24,3.37,,,,"Review playbook 4, Deploy data model 13, Deploy data model 17, Review workflow 18",,,,,2026-04-08,2026-04-11,0.00,,false,Build and Deployment
PRJ-0179,TSK-003569,Migrate permission set 20,Completed,Acme LLC - Phase 2 Rollout,PHS-00639,Configure & Build,Mei Kaya,,2026-04-09,2026-04-16,33.24,,,,"Audit integration 5, Document integration 9",,,,,2026-04-09,2026-05-08,0.00,,true,Discovery
PRJ-0179,TSK-003570,Migrate report 21,Completed,Acme LLC - Phase 2 Rollout,PHS-00636,Getting Started,,,2026-04-10,2026-05-10,37.39,true,,,Audit integration 3,,,,,2026-04-10,2026-04-11,0.00,,true,Project Setup
PRJ-0179,TSK-003571,Validate template 22,Completed,Acme LLC - Phase 2 Rollout,PHS-00640,Test,Mei Kaya,,2026-04-11,2026-04-12,16.67,true,,,"Deploy playbook 6, Audit workflow 7, Deploy playbook 10",,,,,2026-04-11,2026-04-16,0.00,,true,Test Execution
PRJ-0180,TSK-003572,Deploy environment 1,Completed,Cyberdyne GmbH - Migration,PHS-00641,Getting Started,Zara Kaya,,2026-01-30,2026-02-16,19.81,,,,,,,,,2026-01-30,2026-02-03,0.00,,true,Build and Deployment
PRJ-0180,TSK-003573,Migrate environment 2,Completed,Cyberdyne GmbH - Migration,PHS-00642,Initiate,Zara Kaya,,2026-01-31,2026-02-18,29.37,,,,Deploy environment 1,,,,,2026-01-31,2026-02-23,0.00,,true,Project Setup
PRJ-0180,TSK-003574,Validate template 3,Completed,Cyberdyne GmbH - Migration,PHS-00642,Initiate,Priya Sato,,2026-02-01,2026-02-12,0.00,,,,Migrate environment 2,,,,,2026-02-01,2026-02-23,0.00,,true,Project Setup
PRJ-0180,TSK-003575,Deploy playbook 4,In progress,Cyberdyne GmbH - Migration,PHS-00641,Getting Started,Elena Sato,,2026-02-02,2026-02-07,29.32,,,,Validate template 3,,,,,2026-02-02,,0.00,,true,
PRJ-0180,TSK-003576,Validate report 5,Completed,Cyberdyne GmbH - Migration,PHS-00642,Initiate,,,2026-02-03,2026-03-04,14.83,,,,Deploy playbook 4,,,,,2026-02-03,2026-03-05,0.00,,true,Program Management
PRJ-0180,TSK-003577,Configure workflow 6,To do,Cyberdyne GmbH - Migration,PHS-00642,Initiate,Elena Sato,,2026-02-04,2026-03-05,0.94,,,,Validate report 5,,,,,,,0.00,,true,Program Management
PRJ-0180,TSK-003578,Train data model 7,To do,Cyberdyne GmbH - Migration,PHS-00641,Getting Started,Elena Sato,,2026-02-05,2026-02-10,15.34,,,,Configure workflow 6,,,,,,,0.00,,true,Test Execution
PRJ-0180,TSK-003579,Validate data model 8,NA,Cyberdyne GmbH - Migration,PHS-00642,Initiate,,,2026-02-06,2026-03-03,0.00,,,,Train data model 7,,,,,,,0.00,,true,Project Setup
PRJ-0180,TSK-003580,Review playbook 9,Completed,Cyberdyne GmbH - Migration,PHS-00642,Initiate,Priya Sato,,2026-02-07,2026-02-13,5.92,,,,Validate data model 8,,,,,2026-02-07,2026-02-20,0.00,,true,
PRJ-0180,TSK-003581,Migrate data model 10,Completed,Cyberdyne GmbH - Migration,PHS-00641,Getting Started,Priya Sato,,2026-02-08,2026-03-08,29.65,,,,Review playbook 9,,,,,2026-02-08,2026-02-12,0.00,,true,Build and Deployment
PRJ-0180,TSK-003582,Document data model 11,Completed,Cyberdyne GmbH - Migration,PHS-00641,Getting Started,Elena Sato,,2026-02-09,2026-02-27,0.00,,,,Migrate data model 10,,,,,2026-02-09,2026-03-04,0.00,,true,Test Execution
PRJ-0180,TSK-003583,Migrate data model 12,To do,Cyberdyne GmbH - Migration,PHS-00641,Getting Started,Elena Sato,,2026-02-10,2026-03-09,0.00,,,,Document data model 11,,,,,,,0.00,,false,
PRJ-0180,TSK-003584,Deploy integration 13,Completed,Cyberdyne GmbH - Migration,PHS-00641,Getting Started,,,2026-02-11,2026-03-12,30.52,,,,,,,,,2026-02-11,2026-02-15,0.00,,true,Project Setup
PRJ-0180,TSK-003585,Configure data model 14,To do,Cyberdyne GmbH - Migration,PHS-00642,Initiate,,,2026-02-12,2026-02-15,9.45,,,,,,,,,,,0.00,,false,Discovery
PRJ-0180,TSK-003586,Deploy template 15,In progress,Cyberdyne GmbH - Migration,PHS-00642,Initiate,Zara Kaya,,2026-02-13,2026-03-02,22.29,,,,"Migrate environment 2, Deploy playbook 4, Validate report 5, Configure data model 14",,,,,2026-02-13,,0.00,,false,Discovery
PRJ-0180,TSK-003587,Document template 16,To do,Cyberdyne GmbH - Migration,PHS-00642,Initiate,,,2026-02-14,2026-03-01,0.00,,,,"Migrate environment 2, Validate template 3, Deploy playbook 4, Configure workflow 6, Configure data model 14",,,,,,,0.00,,true,Project Setup
PRJ-0180,TSK-003588,Validate environment 17,Completed,Cyberdyne GmbH - Migration,PHS-00642,Initiate,Priya Sato,,2026-02-15,2026-02-18,7.41,,,,,,,,,2026-02-15,2026-02-19,0.00,,false,Project Setup
PRJ-0180,TSK-003589,Document template 18,Completed,Cyberdyne GmbH - Migration,PHS-00641,Getting Started,,,2026-02-16,2026-03-15,36.41,,,,,,,,,2026-02-16,2026-03-05,0.00,,true,Discovery
PRJ-0180,TSK-003590,Deploy permission set 19,Completed,Cyberdyne GmbH - Migration,PHS-00641,Getting Started,Zara Kaya,,2026-02-17,2026-03-19,6.77,,,,,,,,,2026-02-17,2026-03-18,0.00,,false,Program Management
PRJ-0180,TSK-003591,Configure data model 20,Completed,Cyberdyne GmbH - Migration,PHS-00641,Getting Started,Zara Kaya,,2026-02-18,2026-03-15,26.05,,,,"Configure workflow 6, Deploy integration 13",,,,,2026-02-18,2026-03-18,0.00,,false,Discovery
PRJ-0180,TSK-003592,Migrate template 21,In progress,Cyberdyne GmbH - Migration,PHS-00641,Getting Started,,,2026-02-19,2026-03-18,10.20,,,,"Train data model 7, Document template 16",,,,,2026-02-19,,0.00,,false,Transition
PRJ-0180,TSK-003593,Audit environment 22,In progress,Cyberdyne GmbH - Migration,PHS-00642,Initiate,,,2026-02-20,2026-03-03,0.00,,,,"Configure workflow 6, Train data model 7",,,,,2026-02-20,,0.00,,true,Program Management
PRJ-0180,TSK-003594,Deploy template 23,To do,Cyberdyne GmbH - Migration,PHS-00642,Initiate,Priya Sato,,2026-02-21,2026-02-24,38.22,,,,"Document data model 11, Document template 16",,,,,,,0.00,,true,Discovery
PRJ-0180,TSK-003595,Migrate template 24,NA,Cyberdyne GmbH - Migration,PHS-00641,Getting Started,,,2026-02-22,2026-02-24,0.00,,,,Migrate template 21,,,,,,,0.00,,true,Build and Deployment
PRJ-0180,TSK-003596,Deploy environment 25,Completed,Cyberdyne GmbH - Migration,PHS-00641,Getting Started,Priya Sato,,2026-02-23,2026-03-01,20.90,,,,"Deploy playbook 4, Deploy template 15, Document template 18, Audit environment 22",,,,,2026-02-23,2026-03-20,0.00,,true,Program Management
PRJ-0180,TSK-003597,Configure template 26,To do,Cyberdyne GmbH - Migration,PHS-00641,Getting Started,Zara Kaya,,2026-02-24,2026-03-18,12.97,,,,Configure workflow 6,,,,,,,0.00,,true,Project Setup
PRJ-0180,TSK-003598,Migrate data model 27,To do,Cyberdyne GmbH - Migration,PHS-00642,Initiate,Priya Sato,,2026-02-25,2026-03-13,0.00,true,,,"Deploy environment 1, Validate report 5, Configure workflow 6, Document data model 11, Configure data model 20",,,,,,,0.00,,true,Transition
PRJ-0180,TSK-003599,Train environment 28,Completed,Cyberdyne GmbH - Migration,PHS-00641,Getting Started,,,2026-02-26,2026-03-19,22.55,true,,,,,,,,2026-02-26,2026-03-03,0.00,,false,Test Execution
PRJ-0181,TSK-003600,Review integration 1,In progress,Cyberdyne Inc - Migration,PHS-00646,Configure & Build,,,2026-05-24,2026-06-05,0.00,,,,,,,,,2026-05-24,,0.00,,false,Project Setup
PRJ-0181,TSK-003601,Review playbook 2,To do,Cyberdyne Inc - Migration,PHS-00646,Configure & Build,,,2026-05-25,2026-06-14,0.00,,,,Review integration 1,,,,,,,0.00,,true,Discovery
PRJ-0181,TSK-003602,Configure template 3,NA,Cyberdyne Inc - Migration,PHS-00646,Configure & Build,Amara Berg,,2026-05-26,2026-05-29,5.99,,,,Review playbook 2,,,,,,,0.00,,true,Build and Deployment
PRJ-0181,TSK-003603,Document data model 4,NA,Cyberdyne Inc - Migration,PHS-00645,Discover & Design,,,2026-05-27,2026-06-24,23.12,,,,Configure template 3,,,,,,,0.00,,true,Build and Deployment
PRJ-0181,TSK-003604,Validate playbook 5,Completed,Cyberdyne Inc - Migration,PHS-00643,Getting Started,Mei Kaya,,2026-05-28,2026-06-10,32.43,,,,Document data model 4,,,,,2026-05-28,2026-06-05,0.00,,true,
PRJ-0181,TSK-003605,Review data model 6,To do,Cyberdyne Inc - Migration,PHS-00643,Getting Started,Sofia Rossi,,2026-05-29,2026-06-23,0.00,,,,Validate playbook 5,,,,,,,0.00,,true,Discovery
PRJ-0181,TSK-003606,Migrate data model 7,Completed,Cyberdyne Inc - Migration,PHS-00644,Initiate,,,2026-05-30,2026-06-11,32.06,,,,Review data model 6,,,,,2026-05-30,2026-06-22,0.00,,true,Discovery
PRJ-0181,TSK-003607,Document playbook 8,Completed,Cyberdyne Inc - Migration,PHS-00643,Getting Started,Hana Kaya,,2026-05-31,2026-06-20,0.00,,,,Migrate data model 7,,,,,2026-05-31,2026-06-02,0.00,,true,Project Setup
PRJ-0181,TSK-003608,Audit template 9,To do,Cyberdyne Inc - Migration,PHS-00643,Getting Started,Amara Berg,,2026-06-01,2026-06-11,0.00,,,,Document playbook 8,,,,,,,0.00,,true,Project Setup
PRJ-0181,TSK-003609,Validate environment 10,To do,Cyberdyne Inc - Migration,PHS-00643,Getting Started,Sofia Rossi,,2026-06-02,2026-06-23,0.00,,,,Audit template 9,,,,,,,0.00,,true,Program Management
PRJ-0181,TSK-003610,Migrate environment 11,To do,Cyberdyne Inc - Migration,PHS-00643,Getting Started,Mei Kaya,,2026-06-03,2026-06-07,0.00,,,,Validate environment 10,,,,,,,0.00,,false,
PRJ-0181,TSK-003611,Validate permission set 12,In progress,Cyberdyne Inc - Migration,PHS-00646,Configure & Build,Amara Berg,,2026-06-04,2026-06-14,12.91,,,,Migrate environment 11,,,,,2026-06-04,,0.00,,true,Project Setup
PRJ-0181,TSK-003612,Deploy playbook 13,To do,Cyberdyne Inc - Migration,PHS-00643,Getting Started,,,2026-06-05,2026-06-16,0.00,,,,"Review data model 6, Migrate data model 7, Migrate environment 11",,,,,,,0.00,,true,Project Setup
PRJ-0181,TSK-003613,Review template 14,Completed,Cyberdyne Inc - Migration,PHS-00643,Getting Started,Kwame Novak,,2026-06-06,2026-06-08,4.59,,,,"Review playbook 2, Configure template 3, Document data model 4, Migrate data model 7",,,,,2026-06-06,2026-06-12,0.00,,true,Project Setup
PRJ-0181,TSK-003614,Deploy permission set 15,Completed,Cyberdyne Inc - Migration,PHS-00646,Configure & Build,Amara Berg,,2026-06-07,2026-06-17,0.00,,,,,TSK-003612,Deploy playbook 13,,,2026-06-07,2026-07-06,0.00,,true,Discovery
PRJ-0181,TSK-003615,Deploy environment 16,Completed,Cyberdyne Inc - Migration,PHS-00645,Discover & Design,Amara Berg,,2026-06-08,2026-07-07,19.59,,,,,TSK-003603,Document data model 4,,,2026-06-08,2026-06-30,0.00,,true,Build and Deployment
PRJ-0181,TSK-003616,Configure integration 17,To do,Cyberdyne Inc - Migration,PHS-00644,Initiate,,,2026-06-09,2026-06-24,0.00,,,,"Document playbook 8, Review template 14, Deploy environment 16",,,,,,,0.00,,true,Project Setup
PRJ-0181,TSK-003617,Train environment 18,Completed,Cyberdyne Inc - Migration,PHS-00645,Discover & Design,,,2026-06-10,2026-06-11,13.30,,,,,,,,,2026-06-10,2026-07-06,0.00,,false,Test Execution
PRJ-0181,TSK-003618,Train workflow 19,To do,Cyberdyne Inc - Migration,PHS-00644,Initiate,,,2026-06-11,2026-06-24,0.00,,,,"Validate playbook 5, Audit template 9",,,,,,,0.00,,true,Test Execution
PRJ-0181,TSK-003619,Validate data model 20,Completed,Cyberdyne Inc - Migration,PHS-00644,Initiate,Kwame Novak,,2026-06-12,2026-07-01,36.21,,,,Document data model 4,,,,,2026-06-12,2026-07-01,0.00,,true,
PRJ-0181,TSK-003620,Document playbook 21,To do,Cyberdyne Inc - Migration,PHS-00646,Configure & Build,,,2026-06-13,2026-06-29,0.00,,,,"Configure template 3, Deploy environment 16",,,,,,,0.00,,false,Test Execution
PRJ-0181,TSK-003621,Audit workflow 22,Completed,Cyberdyne Inc - Migration,PHS-00645,Discover & Design,,,2026-06-14,2026-06-22,38.28,,,,"Migrate data model 7, Review template 14",,,,,2026-06-14,2026-07-09,0.00,,true,
PRJ-0181,TSK-003622,Review playbook 23,Completed,Cyberdyne Inc - Migration,PHS-00646,Configure & Build,Kwame Novak,,2026-06-15,2026-07-04,36.27,true,,,Review template 14,,,,,2026-06-15,2026-07-10,0.00,,true,Discovery
PRJ-0181,TSK-003623,Deploy playbook 24,To do,Cyberdyne Inc - Migration,PHS-00646,Configure & Build,,,2026-06-16,2026-07-14,0.00,true,,,,,,,,,,0.00,,true,Transition
PRJ-0182,TSK-003624,Migrate integration 1,In progress,Umbrella Ltd - Phase 2 Rollout,PHS-00648,Initiate,Tomas Sato,,2026-07-19,2026-08-14,38.90,,,,,,,,,2026-07-19,,0.00,,true,Discovery
PRJ-0182,TSK-003625,Deploy permission set 2,Completed,Umbrella Ltd - Phase 2 Rollout,PHS-00648,Initiate,Tomas Sato,,2026-07-20,2026-08-11,27.97,,,,Migrate integration 1,,,,,2026-07-20,2026-08-05,0.00,,true,
PRJ-0182,TSK-003626,Document integration 3,Completed,Umbrella Ltd - Phase 2 Rollout,PHS-00647,Getting Started,Tomas Sato,,2026-07-21,2026-08-17,25.52,,,,Deploy permission set 2,,,,,2026-07-21,2026-08-16,0.00,,true,Project Setup
PRJ-0182,TSK-003627,Audit template 4,To do,Umbrella Ltd - Phase 2 Rollout,PHS-00647,Getting Started,,,2026-07-22,2026-08-21,0.00,,,,Document integration 3,,,,,,,0.00,,true,
PRJ-0182,TSK-003628,Audit integration 5,To do,Umbrella Ltd - Phase 2 Rollout,PHS-00647,Getting Started,Tomas Sato,,2026-07-23,2026-08-07,0.00,,,,Audit template 4,,,,,,,0.00,,true,Build and Deployment
PRJ-0182,TSK-003629,Validate template 6,In progress,Umbrella Ltd - Phase 2 Rollout,PHS-00647,Getting Started,Tomas Sato,,2026-07-24,2026-07-27,27.18,,,,Audit integration 5,,,,,2026-07-24,,0.00,,true,Transition
PRJ-0182,TSK-003630,Review workflow 7,Completed,Umbrella Ltd - Phase 2 Rollout,PHS-00647,Getting Started,Tomas Sato,,2026-07-25,2026-08-02,24.18,,,,Validate template 6,,,,,2026-07-25,2026-07-31,0.00,,true,
PRJ-0182,TSK-003631,Train report 8,To do,Umbrella Ltd - Phase 2 Rollout,PHS-00647,Getting Started,Tomas Sato,,2026-07-26,2026-08-24,0.00,,,,Review workflow 7,,,,,,,0.00,,true,Program Management
PRJ-0182,TSK-003632,Audit report 9,Completed,Umbrella Ltd - Phase 2 Rollout,PHS-00648,Initiate,Tomas Sato,,2026-07-27,2026-08-18,21.29,,,,Train report 8,,,,,2026-07-27,2026-08-04,0.00,,true,Transition
PRJ-0182,TSK-003633,Migrate data model 10,To do,Umbrella Ltd - Phase 2 Rollout,PHS-00647,Getting Started,Tomas Sato,,2026-07-28,2026-08-20,37.99,,,,Audit report 9,,,,,,,0.00,,true,Test Execution
PRJ-0182,TSK-003634,Migrate playbook 11,To do,Umbrella Ltd - Phase 2 Rollout,PHS-00648,Initiate,Tomas Sato,,2026-07-29,2026-08-23,0.00,,,,Migrate data model 10,,,,,,,0.00,,true,Transition
PRJ-0182,TSK-003635,Review environment 12,In progress,Umbrella Ltd - Phase 2 Rollout,PHS-00648,Initiate,Tomas Sato,,2026-07-30,2026-08-09,0.00,,,,Migrate playbook 11,,,,,2026-07-30,,0.00,,false,Project Setup
PRJ-0182,TSK-003636,Audit template 13,To do,Umbrella Ltd - Phase 2 Rollout,PHS-00648,Initiate,Tomas Sato,,2026-07-31,2026-08-26,24.67,true,,,"Deploy permission set 2, Document integration 3, Audit integration 5, Review workflow 7, Audit report 9",,,,,,,0.00,,true,Program Management
PRJ-0183,TSK-003637,Configure environment 1,Completed,Massive Dynamic Ltd - Phase 2 Rollout,PHS-00652,Configure & Build,Priya Sato,,2026-05-20,2026-06-15,2.03,,,,,,,,,2026-05-20,2026-06-06,0.00,,true,Program Management
PRJ-0183,TSK-003638,Migrate data model 2,NA,Massive Dynamic Ltd - Phase 2 Rollout,PHS-00649,Getting Started,Noah Novak,,2026-05-21,2026-05-30,38.20,,,,Configure environment 1,,,,,,,0.00,,true,Program Management
PRJ-0183,TSK-003639,Validate integration 3,NA,Massive Dynamic Ltd - Phase 2 Rollout,PHS-00652,Configure & Build,Elena Sato,,2026-05-22,2026-06-12,0.00,,,,Migrate data model 2,,,,,,,0.00,,true,Project Setup
PRJ-0183,TSK-003640,Configure workflow 4,Completed,Massive Dynamic Ltd - Phase 2 Rollout,PHS-00650,Initiate,Noah Novak,,2026-05-23,2026-06-15,24.10,,,,Validate integration 3,,,,,2026-05-23,2026-06-09,0.00,,false,Discovery
PRJ-0183,TSK-003641,Review integration 5,Completed,Massive Dynamic Ltd - Phase 2 Rollout,PHS-00652,Configure & Build,Elena Sato,,2026-05-24,2026-06-13,32.35,,,,Configure workflow 4,,,,,2026-05-24,2026-05-28,0.00,,true,Program Management
PRJ-0183,TSK-003642,Audit report 6,To do,Massive Dynamic Ltd - Phase 2 Rollout,PHS-00653,Test,Elena Sato,,2026-05-25,2026-06-23,18.49,,,,Review integration 5,,,,,,,0.00,,false,Transition
PRJ-0183,TSK-003643,Deploy template 7,To do,Massive Dynamic Ltd - Phase 2 Rollout,PHS-00651,Discover & Design,Elena Diallo,,2026-05-26,2026-06-02,0.00,,,,Audit report 6,,,,,,,0.00,,true,Test Execution
PRJ-0183,TSK-003644,Validate integration 8,To do,Massive Dynamic Ltd - Phase 2 Rollout,PHS-00650,Initiate,Priya Sato,,2026-05-27,2026-06-22,34.11,,,,Deploy template 7,,,,,,,0.00,,true,Discovery
PRJ-0183,TSK-003645,Audit template 9,To do,Massive Dynamic Ltd - Phase 2 Rollout,PHS-00650,Initiate,Noah Novak,,2026-05-28,2026-06-27,3.06,,,,Validate integration 8,,,,,,,0.00,,true,Test Execution
PRJ-0183,TSK-003646,Document integration 10,In progress,Massive Dynamic Ltd - Phase 2 Rollout,PHS-00650,Initiate,Noah Novak,,2026-05-29,2026-06-24,38.10,,,,Audit template 9,,,,,2026-05-29,,0.00,,true,Test Execution
PRJ-0183,TSK-003647,Review data model 11,Completed,Massive Dynamic Ltd - Phase 2 Rollout,PHS-00651,Discover & Design,Elena Sato,,2026-05-30,2026-06-11,12.85,,,,Document integration 10,,,,,2026-05-30,2026-06-15,0.00,,true,Project Setup
PRJ-0183,TSK-003648,Migrate permission set 12,Completed,Massive Dynamic Ltd - Phase 2 Rollout,PHS-00650,Initiate,Priya Sato,,2026-05-31,2026-06-05,33.44,,,,Review data model 11,,,,,2026-05-31,2026-06-19,0.00,,true,Test Execution
PRJ-0183,TSK-003649,Migrate playbook 13,NA,Massive Dynamic Ltd - Phase 2 Rollout,PHS-00650,Initiate,,,2026-06-01,2026-06-18,12.00,,,,"Configure environment 1, Validate integration 3",,,,,,,0.00,,true,Transition
PRJ-0183,TSK-003650,Validate data model 14,Completed,Massive Dynamic Ltd - Phase 2 Rollout,PHS-00649,Getting Started,Priya Sato,,2026-06-02,2026-07-01,0.00,true,,,,,,,,2026-06-02,2026-06-11,0.00,,true,Project Setup
PRJ-0184,TSK-003651,Document data model 1,Completed,Globex GmbH - Phase 1 Implementation,PHS-00654,Getting Started,Tomas Sato,,2026-04-24,2026-05-17,15.67,,,,,,,,,2026-04-24,2026-05-01,0.00,,false,
PRJ-0184,TSK-003652,Document report 2,Completed,Globex GmbH - Phase 1 Implementation,PHS-00655,Initiate,Tomas Sato,,2026-04-25,2026-05-11,17.16,,,,Document data model 1,,,,,2026-04-25,2026-05-03,0.00,,true,Test Execution
PRJ-0184,TSK-003653,Configure permission set 3,Completed,Globex GmbH - Phase 1 Implementation,PHS-00655,Initiate,Tomas Sato,,2026-04-26,2026-05-18,12.59,,,,Document report 2,,,,,2026-04-26,2026-05-22,0.00,,true,Build and Deployment
PRJ-0184,TSK-003654,Document permission set 4,Completed,Globex GmbH - Phase 1 Implementation,PHS-00654,Getting Started,,,2026-04-27,2026-04-30,27.40,,,,Configure permission set 3,,,,,2026-04-27,2026-05-13,0.00,,true,Build and Deployment
PRJ-0184,TSK-003655,Document template 5,Completed,Globex GmbH - Phase 1 Implementation,PHS-00655,Initiate,Tomas Sato,,2026-04-28,2026-05-22,0.00,,,,Document permission set 4,,,,,2026-04-28,2026-05-23,0.00,,false,Build and Deployment
PRJ-0184,TSK-003656,Review permission set 6,Completed,Globex GmbH - Phase 1 Implementation,PHS-00654,Getting Started,,,2026-04-29,2026-05-25,23.72,,,,Document template 5,,,,,2026-04-29,2026-05-29,0.00,,true,Project Setup
PRJ-0184,TSK-003657,Train integration 7,Completed,Globex GmbH - Phase 1 Implementation,PHS-00654,Getting Started,Tomas Sato,,2026-04-30,2026-05-26,19.34,,,,Review permission set 6,,,,,2026-04-30,2026-05-19,0.00,,false,Program Management
PRJ-0184,TSK-003658,Migrate environment 8,Completed,Globex GmbH - Phase 1 Implementation,PHS-00655,Initiate,Tomas Sato,,2026-05-01,2026-05-30,37.84,,,,Train integration 7,,,,,2026-05-01,2026-05-10,0.00,,false,Build and Deployment
PRJ-0184,TSK-003659,Document data model 9,Completed,Globex GmbH - Phase 1 Implementation,PHS-00654,Getting Started,Tomas Sato,,2026-05-02,2026-05-17,21.38,,,,Migrate environment 8,,,,,2026-05-02,2026-05-30,0.00,,false,Test Execution
PRJ-0184,TSK-003660,Deploy data model 10,Completed,Globex GmbH - Phase 1 Implementation,PHS-00654,Getting Started,Tomas Sato,,2026-05-03,2026-05-05,0.00,,,,Document data model 9,,,,,2026-05-03,2026-05-26,0.00,,true,Project Setup
PRJ-0184,TSK-003661,Deploy template 11,Completed,Globex GmbH - Phase 1 Implementation,PHS-00655,Initiate,,,2026-05-04,2026-05-15,29.27,,,,Deploy data model 10,,,,,2026-05-04,2026-05-25,0.00,,false,Program Management
PRJ-0184,TSK-003662,Train template 12,Completed,Globex GmbH - Phase 1 Implementation,PHS-00654,Getting Started,Tomas Sato,,2026-05-05,2026-05-08,0.00,,,,Deploy template 11,,,,,2026-05-05,2026-05-23,0.00,,true,Program Management
PRJ-0184,TSK-003663,Review template 13,Completed,Globex GmbH - Phase 1 Implementation,PHS-00654,Getting Started,,,2026-05-06,2026-05-25,19.88,,,,,,,,,2026-05-06,2026-05-30,0.00,,false,
PRJ-0184,TSK-003664,Configure environment 14,Completed,Globex GmbH - Phase 1 Implementation,PHS-00655,Initiate,Tomas Sato,,2026-05-07,2026-05-22,24.20,,,,"Document template 5, Review permission set 6, Document data model 9",,,,,2026-05-07,2026-05-13,0.00,,true,Test Execution
PRJ-0184,TSK-003665,Deploy playbook 15,Completed,Globex GmbH - Phase 1 Implementation,PHS-00654,Getting Started,Tomas Sato,,2026-05-08,2026-05-16,4.07,,,,,,,,,2026-05-08,2026-05-09,0.00,,true,Test Execution
PRJ-0184,TSK-003666,Migrate permission set 16,Completed,Globex GmbH - Phase 1 Implementation,PHS-00655,Initiate,Tomas Sato,,2026-05-09,2026-06-02,6.90,,,,,,,,,2026-05-09,2026-05-16,0.00,,true,Test Execution
PRJ-0184,TSK-003667,Review workflow 17,Completed,Globex GmbH - Phase 1 Implementation,PHS-00655,Initiate,Tomas Sato,,2026-05-10,2026-05-13,0.00,,,,,,,,,2026-05-10,2026-05-15,0.00,,true,Test Execution
PRJ-0184,TSK-003668,Review report 18,Completed,Globex GmbH - Phase 1 Implementation,PHS-00655,Initiate,,,2026-05-11,2026-05-12,14.29,,,,"Document report 2, Document permission set 4, Review permission set 6, Train integration 7, Migrate environment 8, Deploy playbook 15",,,,,2026-05-11,2026-05-29,0.00,,true,Program Management
PRJ-0184,TSK-003669,Document playbook 19,Completed,Globex GmbH - Phase 1 Implementation,PHS-00655,Initiate,Tomas Sato,,2026-05-12,2026-05-22,31.00,true,,,"Document template 5, Review template 13",,,,,2026-05-12,2026-06-06,0.00,,false,Project Setup
PRJ-0185,TSK-003670,Document permission set 1,Completed,Massive Dynamic GmbH - Phase 2 Rollout,PHS-00656,Getting Started,Hana Kaya,,2026-05-14,2026-05-21,0.00,,,,,,,,,2026-05-14,2026-06-06,0.00,,false,Transition
PRJ-0185,TSK-003671,Deploy playbook 2,In progress,Massive Dynamic GmbH - Phase 2 Rollout,PHS-00656,Getting Started,Hana Kaya,,2026-05-15,2026-05-24,34.77,,,,Document permission set 1,,,,,2026-05-15,,0.00,,true,
PRJ-0185,TSK-003672,Audit report 3,To do,Massive Dynamic GmbH - Phase 2 Rollout,PHS-00656,Getting Started,Arjun Sato,,2026-05-16,2026-05-25,0.00,,,,Deploy playbook 2,,,,,,,0.00,,true,Transition
PRJ-0185,TSK-003673,Review report 4,Blocked,Massive Dynamic GmbH - Phase 2 Rollout,PHS-00656,Getting Started,Yusuf Sato,,2026-05-17,2026-06-02,9.22,,,,Audit report 3,,,,,,,0.00,,true,Discovery
PRJ-0185,TSK-003674,Audit integration 5,To do,Massive Dynamic GmbH - Phase 2 Rollout,PHS-00657,Initiate,Hana Kaya,,2026-05-18,2026-06-11,0.00,,,,Review report 4,,,,,,,0.00,,true,Discovery
PRJ-0185,TSK-003675,Review playbook 6,Completed,Massive Dynamic GmbH - Phase 2 Rollout,PHS-00656,Getting Started,Yusuf Sato,,2026-05-19,2026-06-06,21.96,,,,Audit integration 5,,,,,2026-05-19,2026-06-08,0.00,,false,Test Execution
PRJ-0185,TSK-003676,Configure workflow 7,In progress,Massive Dynamic GmbH - Phase 2 Rollout,PHS-00656,Getting Started,,,2026-05-20,2026-05-31,25.32,,,,Review playbook 6,,,,,2026-05-20,,0.00,,false,Project Setup
PRJ-0185,TSK-003677,Audit environment 8,Completed,Massive Dynamic GmbH - Phase 2 Rollout,PHS-00656,Getting Started,,,2026-05-21,2026-06-06,23.82,,,,Configure workflow 7,,,,,2026-05-21,2026-06-11,0.00,,true,Test Execution
PRJ-0185,TSK-003678,Configure template 9,Completed,Massive Dynamic GmbH - Phase 2 Rollout,PHS-00657,Initiate,Arjun Sato,,2026-05-22,2026-06-13,0.00,,,,Audit environment 8,,,,,2026-05-22,2026-06-10,0.00,,false,Project Setup
PRJ-0185,TSK-003679,Migrate playbook 10,Completed,Massive Dynamic GmbH - Phase 2 Rollout,PHS-00656,Getting Started,Yusuf Sato,,2026-05-23,2026-06-18,4.30,,,,Configure template 9,,,,,2026-05-23,2026-06-10,0.00,,true,Program Management
PRJ-0185,TSK-003680,Validate report 11,To do,Massive Dynamic GmbH - Phase 2 Rollout,PHS-00656,Getting Started,Hana Kaya,,2026-05-24,2026-06-01,0.00,,,,Migrate playbook 10,,,,,,,0.00,,true,Discovery
PRJ-0185,TSK-003681,Deploy report 12,To do,Massive Dynamic GmbH - Phase 2 Rollout,PHS-00657,Initiate,Yusuf Sato,,2026-05-25,2026-06-20,28.96,,,,Validate report 11,,,,,,,0.00,,true,Transition
PRJ-0185,TSK-003682,Migrate report 13,In progress,Massive Dynamic GmbH - Phase 2 Rollout,PHS-00657,Initiate,Hana Kaya,,2026-05-26,2026-06-23,0.00,,,,"Document permission set 1, Review report 4, Audit integration 5, Review playbook 6, Migrate playbook 10",,,,,2026-05-26,,0.00,,true,Build and Deployment
PRJ-0185,TSK-003683,Validate integration 14,In progress,Massive Dynamic GmbH - Phase 2 Rollout,PHS-00656,Getting Started,Yusuf Sato,,2026-05-27,2026-06-07,9.82,,,,,,,,,2026-05-27,,0.00,,true,
PRJ-0185,TSK-003684,Configure data model 15,In progress,Massive Dynamic GmbH - Phase 2 Rollout,PHS-00656,Getting Started,Arjun Sato,,2026-05-28,2026-06-19,23.27,,,,"Audit report 3, Audit integration 5, Configure template 9",,,,,2026-05-28,,0.00,,true,Build and Deployment
PRJ-0185,TSK-003685,Deploy environment 16,Completed,Massive Dynamic GmbH - Phase 2 Rollout,PHS-00656,Getting Started,Arjun Sato,,2026-05-29,2026-06-22,28.08,,,,"Document permission set 1, Audit report 3, Migrate playbook 10, Migrate report 13, Validate integration 14",,,,,2026-05-29,2026-06-21,0.00,,true,Discovery
PRJ-0185,TSK-003686,Configure report 17,To do,Massive Dynamic GmbH - Phase 2 Rollout,PHS-00657,Initiate,Hana Kaya,,2026-05-30,2026-06-06,0.00,,,,Validate report 11,,,,,,,0.00,,false,Transition
PRJ-0185,TSK-003687,Audit playbook 18,To do,Massive Dynamic GmbH - Phase 2 Rollout,PHS-00656,Getting Started,,,2026-05-31,2026-06-26,0.00,,,,"Review report 4, Audit integration 5",,,,,,,0.00,,true,Test Execution
PRJ-0185,TSK-003688,Review permission set 19,Blocked,Massive Dynamic GmbH - Phase 2 Rollout,PHS-00657,Initiate,,,2026-06-01,2026-06-16,1.22,,,,,,,,,,,0.00,,true,Project Setup
PRJ-0185,TSK-003689,Review report 20,In progress,Massive Dynamic GmbH - Phase 2 Rollout,PHS-00656,Getting Started,Arjun Sato,,2026-06-02,2026-06-12,0.00,,,,"Review report 4, Migrate playbook 10",,,,,2026-06-02,,0.00,,true,Discovery
PRJ-0185,TSK-003690,Document data model 21,Completed,Massive Dynamic GmbH - Phase 2 Rollout,PHS-00656,Getting Started,,,2026-06-03,2026-06-20,9.53,,,,"Document permission set 1, Audit integration 5, Validate integration 14, Review permission set 19, Review report 20",,,,,2026-06-03,2026-06-20,0.00,,true,Program Management
PRJ-0185,TSK-003691,Document permission set 22,To do,Massive Dynamic GmbH - Phase 2 Rollout,PHS-00656,Getting Started,Yusuf Sato,,2026-06-04,2026-06-09,26.14,,,,,,,,,,,0.00,,true,Discovery
PRJ-0185,TSK-003692,Configure template 23,Completed,Massive Dynamic GmbH - Phase 2 Rollout,PHS-00657,Initiate,Yusuf Sato,,2026-06-05,2026-06-23,24.12,true,,,Migrate playbook 10,,,,,2026-06-05,2026-06-10,0.00,,false,
PRJ-0185,TSK-003693,Document permission set 24,Completed,Massive Dynamic GmbH - Phase 2 Rollout,PHS-00657,Initiate,Yusuf Sato,,2026-06-06,2026-06-17,3.59,true,,,"Migrate playbook 10, Validate report 11, Validate integration 14, Configure template 23",,,,,2026-06-06,2026-06-11,0.00,,true,Discovery
PRJ-0186,TSK-003694,Review environment 1,Completed,Soylent Group - Enterprise Rollout,PHS-00658,Getting Started,,,2026-04-27,2026-04-28,0.16,,,,,,,,,2026-04-27,2026-05-22,0.00,,true,Discovery
PRJ-0186,TSK-003695,Validate environment 2,Completed,Soylent Group - Enterprise Rollout,PHS-00660,Discover & Design,Amara Diallo,,2026-04-28,2026-05-12,5.56,,,,Review environment 1,,,,,2026-04-28,2026-05-26,0.00,,true,
PRJ-0186,TSK-003696,Migrate workflow 3,Completed,Soylent Group - Enterprise Rollout,PHS-00659,Initiate,Tomas Sato,,2026-04-29,2026-05-22,38.81,,,,Validate environment 2,,,,,2026-04-29,2026-05-26,0.00,,false,Test Execution
PRJ-0186,TSK-003697,Train template 4,Completed,Soylent Group - Enterprise Rollout,PHS-00660,Discover & Design,Hana Rossi,,2026-04-30,2026-05-09,14.84,,,,Migrate workflow 3,,,,,2026-04-30,2026-05-19,0.00,,true,
PRJ-0186,TSK-003698,Deploy data model 5,Completed,Soylent Group - Enterprise Rollout,PHS-00659,Initiate,Amara Berg,,2026-05-01,2026-05-19,0.00,,,,Train template 4,,,,,2026-05-01,2026-05-28,0.00,,false,Program Management
PRJ-0186,TSK-003699,Audit report 6,Completed,Soylent Group - Enterprise Rollout,PHS-00662,Test,,,2026-05-02,2026-05-25,0.05,,,,Deploy data model 5,,,,,2026-05-02,2026-05-13,0.00,,false,Project Setup
PRJ-0186,TSK-003700,Configure data model 7,Completed,Soylent Group - Enterprise Rollout,PHS-00662,Test,Amara Diallo,,2026-05-03,2026-05-06,6.70,,,,Audit report 6,,,,,2026-05-03,2026-05-28,0.00,,true,Program Management
PRJ-0186,TSK-003701,Configure integration 8,Completed,Soylent Group - Enterprise Rollout,PHS-00659,Initiate,,,2026-05-04,2026-05-11,12.35,,,,Configure data model 7,,,,,2026-05-04,2026-05-16,0.00,,false,Discovery
PRJ-0186,TSK-003702,Review permission set 9,Completed,Soylent Group - Enterprise Rollout,PHS-00658,Getting Started,Amara Berg,,2026-05-05,2026-05-28,34.27,,,,Configure integration 8,,,,,2026-05-05,2026-05-26,0.00,,false,Project Setup
PRJ-0186,TSK-003703,Configure environment 10,Completed,Soylent Group - Enterprise Rollout,PHS-00663,Transfer,Lena Sato,,2026-05-06,2026-05-09,7.34,,,,Review permission set 9,,,,,2026-05-06,2026-06-04,0.00,,false,Program Management
PRJ-0186,TSK-003704,Configure report 11,Completed,Soylent Group - Enterprise Rollout,PHS-00658,Getting Started,Tomas Sato,,2026-05-07,2026-06-04,34.56,,,,Configure environment 10,,,,,2026-05-07,2026-06-02,0.00,,true,Program Management
PRJ-0186,TSK-003705,Audit workflow 12,Completed,Soylent Group - Enterprise Rollout,PHS-00658,Getting Started,Hana Rossi,,2026-05-08,2026-05-26,0.00,,,,Configure report 11,,,,,2026-05-08,2026-05-22,0.00,,true,Build and Deployment
PRJ-0186,TSK-003706,Train environment 13,Completed,Soylent Group - Enterprise Rollout,PHS-00661,Configure & Build,Amara Diallo,,2026-05-09,2026-05-31,14.64,,,,"Migrate workflow 3, Train template 4, Configure environment 10",,,,,2026-05-09,2026-05-28,0.00,,true,Test Execution
PRJ-0186,TSK-003707,Document permission set 14,Completed,Soylent Group - Enterprise Rollout,PHS-00660,Discover & Design,Amara Diallo,,2026-05-10,2026-05-15,9.83,,,,,,,,,2026-05-10,2026-05-24,0.00,,true,Project Setup
PRJ-0186,TSK-003708,Migrate integration 15,Completed,Soylent Group - Enterprise Rollout,PHS-00662,Test,Amara Diallo,,2026-05-11,2026-05-22,0.00,,,,"Validate environment 2, Configure data model 7",,,,,2026-05-11,2026-06-09,0.00,,true,Discovery
PRJ-0186,TSK-003709,Migrate data model 16,Completed,Soylent Group - Enterprise Rollout,PHS-00659,Initiate,Hana Rossi,,2026-05-12,2026-05-16,0.00,,,,"Configure integration 8, Review permission set 9, Configure report 11",,,,,2026-05-12,2026-06-02,0.00,,true,Build and Deployment
PRJ-0186,TSK-003710,Train data model 17,Completed,Soylent Group - Enterprise Rollout,PHS-00663,Transfer,Amara Diallo,,2026-05-13,2026-05-23,29.43,,,,"Validate environment 2, Audit report 6",,,,,2026-05-13,2026-05-17,0.00,,true,Build and Deployment
PRJ-0186,TSK-003711,Migrate report 18,Completed,Soylent Group - Enterprise Rollout,PHS-00663,Transfer,Amara Berg,,2026-05-14,2026-05-17,0.00,,,,"Deploy data model 5, Document permission set 14, Migrate integration 15",,,,,2026-05-14,2026-05-16,0.00,,true,
PRJ-0186,TSK-003712,Migrate template 19,Completed,Soylent Group - Enterprise Rollout,PHS-00663,Transfer,Amara Diallo,,2026-05-15,2026-06-12,5.78,,,,,TSK-003694,Review environment 1,,,2026-05-15,2026-05-21,0.00,,true,Build and Deployment
PRJ-0186,TSK-003713,Document data model 20,Completed,Soylent Group - Enterprise Rollout,PHS-00658,Getting Started,Tomas Sato,,2026-05-16,2026-06-07,26.18,,,,"Deploy data model 5, Migrate report 18",,,,,2026-05-16,2026-06-15,0.00,,true,Test Execution
PRJ-0186,TSK-003714,Validate workflow 21,Completed,Soylent Group - Enterprise Rollout,PHS-00658,Getting Started,Amara Diallo,,2026-05-17,2026-05-25,11.80,,,,,,,,,2026-05-17,2026-05-29,0.00,,false,Project Setup
PRJ-0186,TSK-003715,Review playbook 22,Completed,Soylent Group - Enterprise Rollout,PHS-00663,Transfer,Amara Diallo,,2026-05-18,2026-06-15,0.00,,,,"Deploy data model 5, Document permission set 14, Migrate report 18, Migrate template 19",,,,,2026-05-18,2026-05-23,0.00,,true,Transition
PRJ-0186,TSK-003716,Migrate playbook 23,Completed,Soylent Group - Enterprise Rollout,PHS-00660,Discover & Design,Lena Sato,,2026-05-19,2026-05-24,36.87,true,,,"Train template 4, Document permission set 14, Migrate integration 15",,,,,2026-05-19,2026-06-08,0.00,,true,Project Setup
PRJ-0186,TSK-003717,Configure playbook 24,Completed,Soylent Group - Enterprise Rollout,PHS-00663,Transfer,Lena Sato,,2026-05-20,2026-05-26,12.89,true,,,"Review permission set 9, Configure environment 10, Configure report 11, Document permission set 14, Train data model 17",,,,,2026-05-20,2026-06-10,0.00,,true,Discovery
PRJ-0187,TSK-003718,Migrate data model 1,Completed,Acme Group - Phase 2 Rollout,PHS-00667,Configure & Build,Kwame Novak,,2026-01-14,2026-01-19,19.78,,,,,,,,,2026-01-14,2026-01-24,0.00,,true,Discovery
PRJ-0187,TSK-003719,Review template 2,Completed,Acme Group - Phase 2 Rollout,PHS-00668,Test,Priya Sato,,2026-01-15,2026-02-01,9.17,,,,Migrate data model 1,,,,,2026-01-15,2026-01-23,0.00,,true,Program Management
PRJ-0187,TSK-003720,Train data model 3,Completed,Acme Group - Phase 2 Rollout,PHS-00668,Test,,,2026-01-16,2026-01-22,24.28,,,,Review template 2,,,,,2026-01-16,2026-02-06,0.00,,true,Program Management
PRJ-0187,TSK-003721,Review data model 4,Completed,Acme Group - Phase 2 Rollout,PHS-00667,Configure & Build,Daniel Kaya,,2026-01-17,2026-02-07,0.00,,,,Train data model 3,,,,,2026-01-17,2026-02-03,0.00,,false,Program Management
PRJ-0187,TSK-003722,Train workflow 5,Completed,Acme Group - Phase 2 Rollout,PHS-00666,Discover & Design,Daniel Kaya,,2026-01-18,2026-02-09,9.06,,,,Review data model 4,,,,,2026-01-18,2026-01-22,0.00,,false,Build and Deployment
PRJ-0187,TSK-003723,Configure data model 6,Completed,Acme Group - Phase 2 Rollout,PHS-00664,Getting Started,Kwame Novak,,2026-01-19,2026-02-17,25.01,,,,Train workflow 5,,,,,2026-01-19,2026-01-22,0.00,,true,
PRJ-0187,TSK-003724,Configure report 7,Completed,Acme Group - Phase 2 Rollout,PHS-00668,Test,Daniel Kaya,,2026-01-20,2026-01-27,5.27,,,,Configure data model 6,,,,,2026-01-20,2026-01-31,0.00,,true,Build and Deployment
PRJ-0187,TSK-003725,Deploy data model 8,Completed,Acme Group - Phase 2 Rollout,PHS-00666,Discover & Design,Daniel Kaya,,2026-01-21,2026-02-02,10.82,,,,Configure report 7,,,,,2026-01-21,2026-02-09,0.00,,true,Project Setup
PRJ-0187,TSK-003726,Audit report 9,Completed,Acme Group - Phase 2 Rollout,PHS-00664,Getting Started,Daniel Kaya,,2026-01-22,2026-02-03,0.00,,,,Deploy data model 8,,,,,2026-01-22,2026-02-18,0.00,,true,
PRJ-0187,TSK-003727,Document data model 10,Completed,Acme Group - Phase 2 Rollout,PHS-00664,Getting Started,,,2026-01-23,2026-02-09,0.00,,,,Audit report 9,,,,,2026-01-23,2026-02-02,0.00,,false,Test Execution
PRJ-0187,TSK-003728,Train report 11,Completed,Acme Group - Phase 2 Rollout,PHS-00668,Test,Priya Sato,,2026-01-24,2026-02-10,37.29,,,,Document data model 10,,,,,2026-01-24,2026-02-22,0.00,,false,
PRJ-0187,TSK-003729,Validate environment 12,Completed,Acme Group - Phase 2 Rollout,PHS-00666,Discover & Design,,,2026-01-25,2026-02-19,0.00,,,,Train report 11,,,,,2026-01-25,2026-01-28,0.00,,false,
PRJ-0187,TSK-003730,Validate integration 13,Completed,Acme Group - Phase 2 Rollout,PHS-00664,Getting Started,,,2026-01-26,2026-02-13,39.47,,,,"Review data model 4, Configure report 7",,,,,2026-01-26,2026-01-30,0.00,,false,
PRJ-0187,TSK-003731,Validate environment 14,Completed,Acme Group - Phase 2 Rollout,PHS-00668,Test,Priya Sato,,2026-01-27,2026-02-24,0.00,,,,"Review template 2, Review data model 4, Train workflow 5, Configure report 7, Audit report 9, Validate integration 13",,,,,2026-01-27,2026-02-12,0.00,,false,Discovery
PRJ-0187,TSK-003732,Train workflow 15,Completed,Acme Group - Phase 2 Rollout,PHS-00668,Test,Kwame Novak,,2026-01-28,2026-02-06,0.00,,,,,,,,,2026-01-28,2026-02-19,0.00,,true,Project Setup
PRJ-0187,TSK-003733,Audit report 16,Completed,Acme Group - Phase 2 Rollout,PHS-00665,Initiate,Daniel Kaya,,2026-01-29,2026-02-28,17.36,,,,,,,,,2026-01-29,2026-02-03,0.00,,true,
PRJ-0187,TSK-003734,Deploy template 17,Completed,Acme Group - Phase 2 Rollout,PHS-00665,Initiate,,,2026-01-30,2026-03-01,27.42,,,,,,,,,2026-01-30,2026-02-06,0.00,,true,Transition
PRJ-0187,TSK-003735,Configure workflow 18,Completed,Acme Group - Phase 2 Rollout,PHS-00664,Getting Started,Kwame Novak,,2026-01-31,2026-02-25,31.07,true,,,,,,,,2026-01-31,2026-02-16,0.00,,true,Transition
PRJ-0188,TSK-003736,Train template 1,To do,Initech Ltd - CLM Implementation,PHS-00674,Transfer,Ingrid Sato,,2026-05-29,2026-06-11,32.19,,,,,,,,,,,0.00,,true,Program Management
PRJ-0188,TSK-003737,Train playbook 2,In progress,Initech Ltd - CLM Implementation,PHS-00673,Test,,,2026-05-30,2026-06-29,23.30,,,,Train template 1,,,,,2026-05-30,,0.00,,true,Project Setup
PRJ-0188,TSK-003738,Validate playbook 3,To do,Initech Ltd - CLM Implementation,PHS-00673,Test,Arjun Diallo,,2026-05-31,2026-06-13,0.00,,,,Train playbook 2,,,,,,,0.00,,true,Build and Deployment
PRJ-0188,TSK-003739,Review template 4,To do,Initech Ltd - CLM Implementation,PHS-00669,Getting Started,Arjun Diallo,,2026-06-01,2026-06-16,13.39,,,,Validate playbook 3,,,,,,,0.00,,true,Discovery
PRJ-0188,TSK-003740,Train permission set 5,In progress,Initech Ltd - CLM Implementation,PHS-00670,Initiate,Arjun Diallo,,2026-06-02,2026-06-17,0.00,,,,Review template 4,,,,,2026-06-02,,0.00,,true,Transition
PRJ-0188,TSK-003741,Migrate playbook 6,Completed,Initech Ltd - CLM Implementation,PHS-00672,Configure & Build,,,2026-06-03,2026-06-27,0.00,,,,Train permission set 5,,,,,2026-06-03,2026-06-23,0.00,,true,Project Setup
PRJ-0188,TSK-003742,Train integration 7,Completed,Initech Ltd - CLM Implementation,PHS-00670,Initiate,Arjun Diallo,,2026-06-04,2026-06-28,34.22,,,,Migrate playbook 6,,,,,2026-06-04,2026-07-04,0.00,,true,Test Execution
PRJ-0188,TSK-003743,Audit environment 8,Completed,Initech Ltd - CLM Implementation,PHS-00674,Transfer,Arjun Diallo,,2026-06-05,2026-06-12,36.99,,,,Train integration 7,,,,,2026-06-05,2026-06-21,0.00,,true,Build and Deployment
PRJ-0188,TSK-003744,Configure workflow 9,In progress,Initech Ltd - CLM Implementation,PHS-00672,Configure & Build,Arjun Diallo,,2026-06-06,2026-06-22,4.10,,,,Audit environment 8,,,,,2026-06-06,,0.00,,true,Transition
PRJ-0188,TSK-003745,Migrate data model 10,To do,Initech Ltd - CLM Implementation,PHS-00674,Transfer,,,2026-06-07,2026-06-29,10.37,,,,Configure workflow 9,,,,,,,0.00,,true,Project Setup
PRJ-0188,TSK-003746,Migrate report 11,NA,Initech Ltd - CLM Implementation,PHS-00671,Discover & Design,Ingrid Sato,,2026-06-08,2026-07-04,0.00,,,,Migrate data model 10,,,,,,,0.00,,true,Discovery
PRJ-0188,TSK-003747,Train template 12,In progress,Initech Ltd - CLM Implementation,PHS-00673,Test,Arjun Diallo,,2026-06-09,2026-07-07,37.67,,,,Migrate report 11,,,,,2026-06-09,,0.00,,true,
PRJ-0188,TSK-003748,Validate data model 13,In progress,Initech Ltd - CLM Implementation,PHS-00669,Getting Started,Arjun Diallo,,2026-06-10,2026-07-09,22.99,,,,"Train playbook 2, Validate playbook 3, Train permission set 5, Configure workflow 9, Migrate report 11",,,,,2026-06-10,,0.00,,true,Project Setup
PRJ-0188,TSK-003749,Document report 14,Completed,Initech Ltd - CLM Implementation,PHS-00669,Getting Started,Ingrid Sato,,2026-06-11,2026-06-12,36.17,,,,"Train playbook 2, Review template 4, Migrate data model 10",,,,,2026-06-11,2026-07-07,0.00,,true,Build and Deployment
PRJ-0188,TSK-003750,Deploy permission set 15,Completed,Initech Ltd - CLM Implementation,PHS-00673,Test,,,2026-06-12,2026-07-08,12.23,,,,"Validate playbook 3, Migrate report 11, Document report 14",,,,,2026-06-12,2026-06-28,0.00,,true,Test Execution
PRJ-0188,TSK-003751,Migrate template 16,Completed,Initech Ltd - CLM Implementation,PHS-00672,Configure & Build,Ingrid Sato,,2026-06-13,2026-06-14,31.88,,,,"Train playbook 2, Configure workflow 9, Migrate data model 10",,,,,2026-06-13,2026-06-30,0.00,,true,Program Management
PRJ-0188,TSK-003752,Deploy report 17,To do,Initech Ltd - CLM Implementation,PHS-00672,Configure & Build,Ingrid Sato,,2026-06-14,2026-07-01,11.17,,,,,TSK-003746,Migrate report 11,,,,,0.00,,false,Transition
PRJ-0188,TSK-003753,Validate integration 18,Completed,Initech Ltd - CLM Implementation,PHS-00671,Discover & Design,Arjun Diallo,,2026-06-15,2026-07-13,28.25,,,,Document report 14,,,,,2026-06-15,2026-06-30,0.00,,false,Project Setup
PRJ-0188,TSK-003754,Document permission set 19,To do,Initech Ltd - CLM Implementation,PHS-00673,Test,,,2026-06-16,2026-07-16,0.00,,,,"Review template 4, Migrate playbook 6",,,,,,,0.00,,true,Discovery
PRJ-0188,TSK-003755,Document integration 20,Completed,Initech Ltd - CLM Implementation,PHS-00673,Test,,,2026-06-17,2026-06-30,0.15,true,,,"Review template 4, Train permission set 5",,,,,2026-06-17,2026-07-04,0.00,,true,
PRJ-0188,TSK-003756,Train workflow 21,Completed,Initech Ltd - CLM Implementation,PHS-00672,Configure & Build,Arjun Diallo,,2026-06-18,2026-06-30,0.00,true,,,"Train template 1, Configure workflow 9, Document permission set 19, Document integration 20",,,,,2026-06-18,2026-06-28,0.00,,true,Project Setup
PRJ-0189,TSK-003757,Document data model 1,Blocked,Cyberdyne GmbH - Migration,PHS-00678,Configure & Build,Mei Sato,,2026-05-06,2026-05-28,13.03,,,,,,,,,,,0.00,,false,Discovery
PRJ-0189,TSK-003758,Configure playbook 2,NA,Cyberdyne GmbH - Migration,PHS-00678,Configure & Build,,,2026-05-07,2026-05-22,9.92,,,,Document data model 1,,,,,,,0.00,,true,Project Setup
PRJ-0189,TSK-003759,Document workflow 3,Completed,Cyberdyne GmbH - Migration,PHS-00677,Discover & Design,Mei Sato,,2026-05-08,2026-05-16,12.36,,,,Configure playbook 2,,,,,2026-05-08,2026-05-20,0.00,,true,Program Management
PRJ-0189,TSK-003760,Configure template 4,NA,Cyberdyne GmbH - Migration,PHS-00675,Getting Started,Mei Kaya,,2026-05-09,2026-05-21,0.00,,,,Document workflow 3,,,,,,,0.00,,false,
PRJ-0189,TSK-003761,Deploy permission set 5,Completed,Cyberdyne GmbH - Migration,PHS-00678,Configure & Build,Mei Sato,,2026-05-10,2026-06-05,7.01,,,,Configure template 4,,,,,2026-05-10,2026-06-01,0.00,,true,Test Execution
PRJ-0189,TSK-003762,Validate report 6,To do,Cyberdyne GmbH - Migration,PHS-00678,Configure & Build,,,2026-05-11,2026-05-15,12.00,,,,Deploy permission set 5,,,,,,,0.00,,true,
PRJ-0189,TSK-003763,Audit playbook 7,To do,Cyberdyne GmbH - Migration,PHS-00678,Configure & Build,Zara Kaya,,2026-05-12,2026-05-23,0.00,,,,Validate report 6,,,,,,,0.00,,true,Test Execution
PRJ-0189,TSK-003764,Document workflow 8,Completed,Cyberdyne GmbH - Migration,PHS-00677,Discover & Design,Yusuf Sato,,2026-05-13,2026-05-21,0.00,,,,Audit playbook 7,,,,,2026-05-13,2026-06-05,0.00,,true,Test Execution
PRJ-0189,TSK-003765,Deploy template 9,To do,Cyberdyne GmbH - Migration,PHS-00678,Configure & Build,,,2026-05-14,2026-06-07,30.25,,,,Document workflow 8,,,,,,,0.00,,true,Project Setup
PRJ-0189,TSK-003766,Train integration 10,Completed,Cyberdyne GmbH - Migration,PHS-00676,Initiate,,,2026-05-15,2026-06-13,16.65,,,,Deploy template 9,,,,,2026-05-15,2026-05-25,0.00,,true,
PRJ-0189,TSK-003767,Migrate data model 11,Completed,Cyberdyne GmbH - Migration,PHS-00675,Getting Started,Mei Kaya,,2026-05-16,2026-05-22,1.82,,,,Train integration 10,,,,,2026-05-16,2026-05-22,0.00,,true,Transition
PRJ-0189,TSK-003768,Document template 12,NA,Cyberdyne GmbH - Migration,PHS-00677,Discover & Design,Mei Sato,,2026-05-17,2026-06-14,0.00,,,,Migrate data model 11,,,,,,,0.00,,true,Discovery
PRJ-0189,TSK-003769,Validate permission set 13,Completed,Cyberdyne GmbH - Migration,PHS-00676,Initiate,Mei Sato,,2026-05-18,2026-05-29,4.84,,,,,,,,,2026-05-18,2026-05-25,0.00,,true,Project Setup
PRJ-0189,TSK-003770,Audit playbook 14,Completed,Cyberdyne GmbH - Migration,PHS-00676,Initiate,,,2026-05-19,2026-06-03,0.00,,,,"Document data model 1, Configure playbook 2, Deploy permission set 5, Document workflow 8, Validate permission set 13",,,,,2026-05-19,2026-05-20,0.00,,false,Project Setup
PRJ-0189,TSK-003771,Review workflow 15,In progress,Cyberdyne GmbH - Migration,PHS-00678,Configure & Build,Zara Kaya,,2026-05-20,2026-06-01,0.00,,,,"Deploy permission set 5, Audit playbook 7, Validate permission set 13",,,,,2026-05-20,,0.00,,true,Transition
PRJ-0189,TSK-003772,Review data model 16,In progress,Cyberdyne GmbH - Migration,PHS-00675,Getting Started,Mei Sato,,2026-05-21,2026-06-07,21.24,,,,,,,,,2026-05-21,,0.00,,true,Discovery
PRJ-0189,TSK-003773,Audit workflow 17,Completed,Cyberdyne GmbH - Migration,PHS-00677,Discover & Design,Zara Kaya,,2026-05-22,2026-05-23,22.35,,,,Migrate data model 11,,,,,2026-05-22,2026-06-03,0.00,,true,Build and Deployment
PRJ-0189,TSK-003774,Migrate workflow 18,Completed,Cyberdyne GmbH - Migration,PHS-00676,Initiate,,,2026-05-23,2026-05-29,36.60,,,,,,,,,2026-05-23,2026-06-12,0.00,,true,Program Management
PRJ-0189,TSK-003775,Migrate template 19,Completed,Cyberdyne GmbH - Migration,PHS-00675,Getting Started,Mei Kaya,,2026-05-24,2026-06-23,17.86,true,,,,,,,,2026-05-24,2026-06-07,0.00,,true,Test Execution
PRJ-0190,TSK-003776,Validate template 1,Completed,Soylent Group - Phase 1 Implementation,PHS-00679,Getting Started,Priya Diallo,,2026-07-17,2026-08-02,30.45,,,,,,,,,2026-07-17,2026-07-22,0.00,,true,Discovery
PRJ-0190,TSK-003777,Review data model 2,Completed,Soylent Group - Phase 1 Implementation,PHS-00680,Initiate,,,2026-07-18,2026-08-05,18.80,,,,Validate template 1,,,,,2026-07-18,2026-07-31,0.00,,true,Project Setup
PRJ-0190,TSK-003778,Migrate playbook 3,Completed,Soylent Group - Phase 1 Implementation,PHS-00680,Initiate,Priya Diallo,,2026-07-19,2026-07-23,17.51,,,,Review data model 2,,,,,2026-07-19,2026-08-02,0.00,,true,
PRJ-0190,TSK-003779,Train playbook 4,Completed,Soylent Group - Phase 1 Implementation,PHS-00679,Getting Started,Priya Diallo,,2026-07-20,2026-07-28,7.07,,,,Migrate playbook 3,,,,,2026-07-20,2026-07-24,0.00,,true,Discovery
PRJ-0190,TSK-003780,Migrate playbook 5,Completed,Soylent Group - Phase 1 Implementation,PHS-00679,Getting Started,,,2026-07-21,2026-07-27,0.00,,,,Train playbook 4,,,,,2026-07-21,2026-08-04,0.00,,false,Discovery
PRJ-0190,TSK-003781,Review integration 6,Completed,Soylent Group - Phase 1 Implementation,PHS-00679,Getting Started,Priya Diallo,,2026-07-22,2026-08-09,32.94,,,,Migrate playbook 5,,,,,2026-07-22,2026-08-06,0.00,,true,Test Execution
PRJ-0190,TSK-003782,Deploy environment 7,Completed,Soylent Group - Phase 1 Implementation,PHS-00680,Initiate,Priya Diallo,,2026-07-23,2026-08-03,0.00,,,,Review integration 6,,,,,2026-07-23,2026-08-15,0.00,,true,Discovery
PRJ-0190,TSK-003783,Document template 8,Completed,Soylent Group - Phase 1 Implementation,PHS-00680,Initiate,,,2026-07-24,2026-07-29,2.70,,,,Deploy environment 7,,,,,2026-07-24,2026-08-02,0.00,,true,
PRJ-0190,TSK-003784,Configure template 9,Completed,Soylent Group - Phase 1 Implementation,PHS-00679,Getting Started,,,2026-07-25,2026-07-27,0.00,,,,Document template 8,,,,,2026-07-25,2026-08-05,0.00,,true,Discovery
PRJ-0190,TSK-003785,Train report 10,Completed,Soylent Group - Phase 1 Implementation,PHS-00680,Initiate,Priya Diallo,,2026-07-26,2026-08-06,15.91,,,,Configure template 9,,,,,2026-07-26,2026-08-19,0.00,,true,Test Execution
PRJ-0190,TSK-003786,Deploy report 11,Completed,Soylent Group - Phase 1 Implementation,PHS-00679,Getting Started,,,2026-07-27,2026-08-05,0.00,,,,Train report 10,,,,,2026-07-27,2026-08-23,0.00,,false,Discovery
PRJ-0190,TSK-003787,Migrate permission set 12,Completed,Soylent Group - Phase 1 Implementation,PHS-00679,Getting Started,Priya Diallo,,2026-07-28,2026-08-13,12.03,,,,Deploy report 11,,,,,2026-07-28,2026-08-26,0.00,,true,Discovery
PRJ-0190,TSK-003788,Configure workflow 13,Completed,Soylent Group - Phase 1 Implementation,PHS-00680,Initiate,Priya Diallo,,2026-07-29,2026-08-12,29.98,,,,,,,,,2026-07-29,2026-08-16,0.00,,true,Discovery
PRJ-0190,TSK-003789,Audit template 14,Completed,Soylent Group - Phase 1 Implementation,PHS-00679,Getting Started,,,2026-07-30,2026-08-15,0.00,,,,"Validate template 1, Train playbook 4, Review integration 6, Document template 8, Train report 10",,,,,2026-07-30,2026-08-08,0.00,,false,
PRJ-0190,TSK-003790,Audit permission set 15,Completed,Soylent Group - Phase 1 Implementation,PHS-00679,Getting Started,Priya Diallo,,2026-07-31,2026-08-03,16.47,,,,,,,,,2026-07-31,2026-08-27,0.00,,false,
PRJ-0190,TSK-003791,Train environment 16,Completed,Soylent Group - Phase 1 Implementation,PHS-00680,Initiate,Priya Diallo,,2026-08-01,2026-08-17,8.63,,,,"Document template 8, Audit permission set 15",,,,,2026-08-01,2026-08-16,0.00,,false,Project Setup
PRJ-0190,TSK-003792,Train data model 17,Completed,Soylent Group - Phase 1 Implementation,PHS-00680,Initiate,Priya Diallo,,2026-08-02,2026-09-01,0.84,true,,,Deploy report 11,,,,,2026-08-02,2026-08-28,0.00,,true,Project Setup
PRJ-0191,TSK-003793,Deploy environment 1,Completed,Massive Dynamic Inc - Integration Program,PHS-00683,Initiate,,,2026-05-18,2026-05-20,16.71,,,,,,,,,2026-05-18,2026-06-10,0.00,,true,
PRJ-0191,TSK-003794,Validate data model 2,Completed,Massive Dynamic Inc - Integration Program,PHS-00684,Discover & Design,Zara Kaya,,2026-05-19,2026-05-25,0.00,,,,Deploy environment 1,,,,,2026-05-19,2026-05-28,0.00,,true,Program Management
PRJ-0191,TSK-003795,Validate template 3,To do,Massive Dynamic Inc - Integration Program,PHS-00682,Getting Started,Hana Kaya,,2026-05-20,2026-06-14,7.64,,,,Validate data model 2,,,,,,,0.00,,true,Project Setup
PRJ-0191,TSK-003796,Document template 4,Completed,Massive Dynamic Inc - Integration Program,PHS-00683,Initiate,Hana Kaya,,2026-05-21,2026-06-20,8.93,,,,Validate template 3,,,,,2026-05-21,2026-05-29,0.00,,true,Build and Deployment
PRJ-0191,TSK-003797,Migrate integration 5,Completed,Massive Dynamic Inc - Integration Program,PHS-00682,Getting Started,,,2026-05-22,2026-06-20,21.12,,,,Document template 4,,,,,2026-05-22,2026-06-02,0.00,,true,Test Execution
PRJ-0191,TSK-003798,Audit playbook 6,To do,Massive Dynamic Inc - Integration Program,PHS-00684,Discover & Design,Mei Sato,,2026-05-23,2026-06-07,37.13,,,,Migrate integration 5,,,,,,,0.00,,true,Build and Deployment
PRJ-0191,TSK-003799,Migrate playbook 7,NA,Massive Dynamic Inc - Integration Program,PHS-00682,Getting Started,,,2026-05-24,2026-06-03,19.36,,,,Audit playbook 6,,,,,,,0.00,,true,Build and Deployment
PRJ-0191,TSK-003800,Validate data model 8,To do,Massive Dynamic Inc - Integration Program,PHS-00683,Initiate,Mei Sato,,2026-05-25,2026-06-17,25.97,,,,Migrate playbook 7,,,,,,,0.00,,true,Project Setup
PRJ-0191,TSK-003801,Deploy playbook 9,To do,Massive Dynamic Inc - Integration Program,PHS-00682,Getting Started,,,2026-05-26,2026-05-31,0.00,,,,Validate data model 8,,,,,,,0.00,,false,Transition
PRJ-0191,TSK-003802,Review playbook 10,To do,Massive Dynamic Inc - Integration Program,PHS-00684,Discover & Design,Mei Sato,,2026-05-27,2026-06-01,0.00,,,,Deploy playbook 9,,,,,,,0.00,,false,Program Management
PRJ-0191,TSK-003803,Document report 11,Completed,Massive Dynamic Inc - Integration Program,PHS-00682,Getting Started,Hana Kaya,,2026-05-28,2026-06-13,14.27,,,,Review playbook 10,,,,,2026-05-28,2026-06-15,0.00,,true,Program Management
PRJ-0191,TSK-003804,Document template 12,Completed,Massive Dynamic Inc - Integration Program,PHS-00682,Getting Started,Mei Sato,,2026-05-29,2026-06-08,2.85,,,,Document report 11,,,,,2026-05-29,2026-05-30,0.00,,false,Build and Deployment
PRJ-0191,TSK-003805,Configure permission set 13,To do,Massive Dynamic Inc - Integration Program,PHS-00682,Getting Started,Zara Kaya,,2026-05-30,2026-06-26,0.00,,,,Review playbook 10,,,,,,,0.00,,true,Build and Deployment
PRJ-0191,TSK-003806,Configure integration 14,Completed,Massive Dynamic Inc - Integration Program,PHS-00684,Discover & Design,Mei Sato,,2026-05-31,2026-06-24,22.52,,,,"Validate data model 8, Configure permission set 13",,,,,2026-05-31,2026-06-16,0.00,,true,Discovery
PRJ-0191,TSK-003807,Deploy template 15,Completed,Massive Dynamic Inc - Integration Program,PHS-00684,Discover & Design,Zara Kaya,,2026-06-01,2026-06-19,11.28,,,,Migrate playbook 7,,,,,2026-06-01,2026-07-01,0.00,,true,
PRJ-0191,TSK-003808,Validate data model 16,Completed,Massive Dynamic Inc - Integration Program,PHS-00682,Getting Started,,,2026-06-02,2026-06-23,13.69,,,,"Deploy environment 1, Validate data model 2, Migrate integration 5, Migrate playbook 7, Deploy playbook 9, Configure permission set 13",,,,,2026-06-02,2026-07-01,0.00,,false,Discovery
PRJ-0191,TSK-003809,Audit integration 17,Completed,Massive Dynamic Inc - Integration Program,PHS-00683,Initiate,,,2026-06-03,2026-06-24,18.74,,,,,TSK-003799,Migrate playbook 7,,,2026-06-03,2026-06-19,0.00,,false,Program Management
PRJ-0191,TSK-003810,Migrate workflow 18,Completed,Massive Dynamic Inc - Integration Program,PHS-00682,Getting Started,Hana Kaya,,2026-06-04,2026-06-18,35.92,,,,,,,,,2026-06-04,2026-07-03,0.00,,false,Test Execution
PRJ-0191,TSK-003811,Review data model 19,Completed,Massive Dynamic Inc - Integration Program,PHS-00684,Discover & Design,Mei Sato,,2026-06-05,2026-06-08,2.62,,,,"Document template 4, Validate data model 8, Document report 11",,,,,2026-06-05,2026-06-06,0.00,,false,Test Execution
PRJ-0191,TSK-003812,Configure integration 20,Blocked,Massive Dynamic Inc - Integration Program,PHS-00684,Discover & Design,,,2026-06-06,2026-06-14,0.00,,,,,,,,,,,0.00,,true,Test Execution
PRJ-0191,TSK-003813,Document playbook 21,Completed,Massive Dynamic Inc - Integration Program,PHS-00682,Getting Started,Mei Sato,,2026-06-07,2026-06-27,28.90,,,,"Deploy playbook 9, Document report 11, Migrate workflow 18",,,,,2026-06-07,2026-06-08,0.00,,true,Transition
PRJ-0191,TSK-003814,Deploy permission set 22,To do,Massive Dynamic Inc - Integration Program,PHS-00684,Discover & Design,Hana Kaya,,2026-06-08,2026-06-26,0.00,,,,"Validate template 3, Migrate playbook 7, Review playbook 10, Document report 11, Migrate workflow 18",,,,,,,0.00,,true,Test Execution
PRJ-0191,TSK-003815,Migrate permission set 23,To do,Massive Dynamic Inc - Integration Program,PHS-00683,Initiate,Mei Sato,,2026-06-09,2026-06-15,14.11,,,,"Validate data model 2, Document template 4, Validate data model 8, Deploy playbook 9, Configure integration 20",,,,,,,0.00,,true,Build and Deployment
PRJ-0191,TSK-003816,Document integration 24,In progress,Massive Dynamic Inc - Integration Program,PHS-00682,Getting Started,Zara Kaya,,2026-06-10,2026-07-02,32.99,,,,"Validate data model 2, Validate template 3, Migrate integration 5, Deploy playbook 9, Configure integration 20",,,,,2026-06-10,,0.00,,false,Transition
PRJ-0191,TSK-003817,Train data model 25,To do,Massive Dynamic Inc - Integration Program,PHS-00682,Getting Started,Mei Sato,,2026-06-11,2026-07-07,0.00,,,,,,,,,,,0.00,,true,Discovery
PRJ-0191,TSK-003818,Train integration 26,To do,Massive Dynamic Inc - Integration Program,PHS-00684,Discover & Design,Zara Kaya,,2026-06-12,2026-06-14,13.51,,,,"Document template 4, Migrate integration 5, Configure permission set 13, Deploy template 15, Configure integration 20",,,,,,,0.00,,true,Build and Deployment
PRJ-0191,TSK-003819,Review integration 27,Completed,Massive Dynamic Inc - Integration Program,PHS-00682,Getting Started,Zara Kaya,,2026-06-13,2026-06-19,0.00,,,,,,,,,2026-06-13,2026-07-04,0.00,,false,Project Setup
PRJ-0191,TSK-003820,Deploy playbook 28,Completed,Massive Dynamic Inc - Integration Program,PHS-00682,Getting Started,Hana Kaya,,2026-06-14,2026-06-24,18.71,true,,,"Migrate playbook 7, Review playbook 10",,,,,2026-06-14,2026-06-24,0.00,,false,Build and Deployment
PRJ-0191,TSK-003821,Review data model 29,NA,Massive Dynamic Inc - Integration Program,PHS-00682,Getting Started,Hana Kaya,,2026-06-15,2026-06-20,12.46,true,,,,,,,,,,0.00,,true,Program Management
PRJ-0192,TSK-003822,Review data model 1,Completed,Acme Inc - Integration Program,PHS-00686,Initiate,,,2026-04-22,2026-04-30,3.03,,,,,,,,,2026-04-22,2026-05-13,0.00,,true,Discovery
PRJ-0192,TSK-003823,Document workflow 2,Completed,Acme Inc - Integration Program,PHS-00688,Configure & Build,Mei Kaya,,2026-04-23,2026-05-05,0.53,,,,Review data model 1,,,,,2026-04-23,2026-05-14,0.00,,false,Build and Deployment
PRJ-0192,TSK-003824,Train playbook 3,Completed,Acme Inc - Integration Program,PHS-00686,Initiate,,,2026-04-24,2026-05-12,0.00,,,,Document workflow 2,,,,,2026-04-24,2026-05-23,0.00,,false,Test Execution
PRJ-0192,TSK-003825,Review workflow 4,To do,Acme Inc - Integration Program,PHS-00686,Initiate,Hana Kaya,,2026-04-25,2026-05-18,0.00,,,,Train playbook 3,,,,,,,0.00,,true,
PRJ-0192,TSK-003826,Deploy permission set 5,Completed,Acme Inc - Integration Program,PHS-00688,Configure & Build,,,2026-04-26,2026-05-07,19.76,,,,Review workflow 4,,,,,2026-04-26,2026-05-05,0.00,,true,Test Execution
PRJ-0192,TSK-003827,Train template 6,Completed,Acme Inc - Integration Program,PHS-00688,Configure & Build,Daniel Kaya,,2026-04-27,2026-05-26,0.00,,,,Deploy permission set 5,,,,,2026-04-27,2026-05-07,0.00,,true,Build and Deployment
PRJ-0192,TSK-003828,Configure report 7,To do,Acme Inc - Integration Program,PHS-00687,Discover & Design,Ingrid Rossi,,2026-04-28,2026-04-29,32.16,,,,Train template 6,,,,,,,0.00,,true,Transition
PRJ-0192,TSK-003829,Validate report 8,Blocked,Acme Inc - Integration Program,PHS-00688,Configure & Build,Daniel Kaya,,2026-04-29,2026-05-11,12.09,,,,Configure report 7,,,,,,,0.00,,false,Program Management
PRJ-0192,TSK-003830,Deploy template 9,Completed,Acme Inc - Integration Program,PHS-00686,Initiate,,,2026-04-30,2026-05-28,30.84,,,,Validate report 8,,,,,2026-04-30,2026-05-06,0.00,,false,
PRJ-0192,TSK-003831,Deploy playbook 10,Completed,Acme Inc - Integration Program,PHS-00685,Getting Started,,,2026-05-01,2026-05-06,32.99,,,,Deploy template 9,,,,,2026-05-01,2026-05-04,0.00,,true,Test Execution
PRJ-0192,TSK-003832,Review integration 11,To do,Acme Inc - Integration Program,PHS-00686,Initiate,Ingrid Rossi,,2026-05-02,2026-05-03,23.48,,,,Deploy playbook 10,,,,,,,0.00,,true,Transition
PRJ-0192,TSK-003833,Configure environment 12,To do,Acme Inc - Integration Program,PHS-00685,Getting Started,Daniel Kaya,,2026-05-03,2026-05-12,13.20,,,,Review integration 11,,,,,,,0.00,,true,Program Management
PRJ-0192,TSK-003834,Deploy integration 13,Completed,Acme Inc - Integration Program,PHS-00688,Configure & Build,,,2026-05-04,2026-05-05,6.51,,,,"Document workflow 2, Train playbook 3",,,,,2026-05-04,2026-05-14,0.00,,true,Program Management
PRJ-0192,TSK-003835,Audit workflow 14,Completed,Acme Inc - Integration Program,PHS-00687,Discover & Design,Mei Kaya,,2026-05-05,2026-05-28,0.00,,,,,,,,,2026-05-05,2026-05-11,0.00,,true,Discovery
PRJ-0192,TSK-003836,Train integration 15,To do,Acme Inc - Integration Program,PHS-00687,Discover & Design,Daniel Kaya,,2026-05-06,2026-05-24,9.86,,,,,,,,,,,0.00,,true,
PRJ-0192,TSK-003837,Migrate integration 16,To do,Acme Inc - Integration Program,PHS-00687,Discover & Design,Daniel Kaya,,2026-05-07,2026-05-28,0.00,,,,,,,,,,,0.00,,false,Build and Deployment
PRJ-0192,TSK-003838,Audit template 17,To do,Acme Inc - Integration Program,PHS-00685,Getting Started,Hana Kaya,,2026-05-08,2026-05-31,31.80,,,,,,,,,,,0.00,,true,Test Execution
PRJ-0192,TSK-003839,Deploy environment 18,To do,Acme Inc - Integration Program,PHS-00688,Configure & Build,Daniel Kaya,,2026-05-09,2026-06-08,0.00,,,,,,,,,,,0.00,,true,
PRJ-0192,TSK-003840,Audit data model 19,To do,Acme Inc - Integration Program,PHS-00687,Discover & Design,,,2026-05-10,2026-06-01,0.00,,,,,,,,,,,0.00,,true,Project Setup
PRJ-0192,TSK-003841,Review template 20,Completed,Acme Inc - Integration Program,PHS-00687,Discover & Design,Hana Kaya,,2026-05-11,2026-05-19,19.37,true,,,"Deploy permission set 5, Train template 6, Audit template 17",,,,,2026-05-11,2026-06-09,0.00,,false,Program Management
PRJ-0192,TSK-003842,Migrate permission set 21,To do,Acme Inc - Integration Program,PHS-00688,Configure & Build,Ingrid Rossi,,2026-05-12,2026-06-08,8.31,true,,,"Train playbook 3, Deploy permission set 5, Train template 6, Configure report 7",,,,,,,0.00,,true,Transition
PRJ-0193,TSK-003843,Configure report 1,To do,Initech LLC - Phase 1 Implementation,PHS-00691,Discover & Design,Yusuf Sato,,2026-04-14,2026-04-16,0.00,,,,,,,,,,,0.00,,true,Transition
PRJ-0193,TSK-003844,Configure data model 2,To do,Initech LLC - Phase 1 Implementation,PHS-00690,Initiate,Marco Sato,,2026-04-15,2026-04-17,0.00,,,,Configure report 1,,,,,,,0.00,,false,Program Management
PRJ-0193,TSK-003845,Audit template 3,Completed,Initech LLC - Phase 1 Implementation,PHS-00691,Discover & Design,Yusuf Sato,,2026-04-16,2026-05-07,14.09,,,,Configure data model 2,,,,,2026-04-16,2026-05-08,0.00,,true,Program Management
PRJ-0193,TSK-003846,Audit environment 4,To do,Initech LLC - Phase 1 Implementation,PHS-00690,Initiate,,,2026-04-17,2026-05-08,0.00,,,,Audit template 3,,,,,,,0.00,,false,
PRJ-0193,TSK-003847,Train environment 5,To do,Initech LLC - Phase 1 Implementation,PHS-00691,Discover & Design,Yusuf Sato,,2026-04-18,2026-05-02,24.58,,,,Audit environment 4,,,,,,,0.00,,true,Program Management
PRJ-0193,TSK-003848,Deploy integration 6,In progress,Initech LLC - Phase 1 Implementation,PHS-00689,Getting Started,Yusuf Sato,,2026-04-19,2026-04-30,0.00,,,,Train environment 5,,,,,2026-04-19,,0.00,,true,Project Setup
PRJ-0193,TSK-003849,Configure environment 7,To do,Initech LLC - Phase 1 Implementation,PHS-00691,Discover & Design,Yusuf Sato,,2026-04-20,2026-05-18,29.08,,,,Deploy integration 6,,,,,,,0.00,,true,Transition
PRJ-0193,TSK-003850,Validate data model 8,Completed,Initech LLC - Phase 1 Implementation,PHS-00691,Discover & Design,,,2026-04-21,2026-04-24,15.21,,,,Configure environment 7,,,,,2026-04-21,2026-04-23,0.00,,true,Transition
PRJ-0193,TSK-003851,Migrate data model 9,To do,Initech LLC - Phase 1 Implementation,PHS-00690,Initiate,Marco Sato,,2026-04-22,2026-05-15,0.00,,,,Validate data model 8,,,,,,,0.00,,true,Discovery
PRJ-0193,TSK-003852,Deploy environment 10,Blocked,Initech LLC - Phase 1 Implementation,PHS-00691,Discover & Design,Marco Sato,,2026-04-23,2026-05-10,0.00,,,,Migrate data model 9,,,,,,,0.00,,true,Program Management
PRJ-0193,TSK-003853,Document template 11,To do,Initech LLC - Phase 1 Implementation,PHS-00689,Getting Started,Yusuf Sato,,2026-04-24,2026-05-04,0.00,,,,Deploy environment 10,,,,,,,0.00,,false,Program Management
PRJ-0193,TSK-003854,Deploy template 12,Completed,Initech LLC - Phase 1 Implementation,PHS-00689,Getting Started,Yusuf Sato,,2026-04-25,2026-05-05,0.00,,,,Document template 11,,,,,2026-04-25,2026-04-27,0.00,,true,Project Setup
PRJ-0193,TSK-003855,Configure playbook 13,To do,Initech LLC - Phase 1 Implementation,PHS-00690,Initiate,,,2026-04-26,2026-05-09,0.00,,,,,,,,,,,0.00,,true,Transition
PRJ-0193,TSK-003856,Validate integration 14,Completed,Initech LLC - Phase 1 Implementation,PHS-00690,Initiate,Marco Sato,,2026-04-27,2026-05-26,0.00,,,,,,,,,2026-04-27,2026-04-30,0.00,,true,Build and Deployment
PRJ-0193,TSK-003857,Document workflow 15,To do,Initech LLC - Phase 1 Implementation,PHS-00690,Initiate,Marco Sato,,2026-04-28,2026-05-10,0.00,true,,,,,,,,,,0.00,,false,Transition
PRJ-0194,TSK-003858,Migrate permission set 1,Completed,Stark GmbH - Phase 1 Implementation,PHS-00695,Configure & Build,,,2026-02-01,2026-02-19,32.58,,,,,,,,,2026-02-01,2026-02-21,0.00,,true,Discovery
PRJ-0194,TSK-003859,Validate report 2,Completed,Stark GmbH - Phase 1 Implementation,PHS-00696,Test,Priya Diallo,,2026-02-02,2026-02-18,7.45,,,,Migrate permission set 1,,,,,2026-02-02,2026-02-04,0.00,,true,
PRJ-0194,TSK-003860,Review template 3,NA,Stark GmbH - Phase 1 Implementation,PHS-00692,Getting Started,Lena Kaya,,2026-02-03,2026-02-07,29.02,,,,Validate report 2,,,,,,,0.00,,true,Transition
PRJ-0194,TSK-003861,Migrate integration 4,To do,Stark GmbH - Phase 1 Implementation,PHS-00695,Configure & Build,Priya Diallo,,2026-02-04,2026-02-10,38.83,,,,Review template 3,,,,,,,0.00,,true,
PRJ-0194,TSK-003862,Validate permission set 5,Completed,Stark GmbH - Phase 1 Implementation,PHS-00695,Configure & Build,Lena Kaya,,2026-02-05,2026-02-28,29.22,,,,Migrate integration 4,,,,,2026-02-05,2026-02-09,0.00,,true,Test Execution
PRJ-0194,TSK-003863,Validate data model 6,In progress,Stark GmbH - Phase 1 Implementation,PHS-00692,Getting Started,Priya Diallo,,2026-02-06,2026-02-28,17.23,,,,Validate permission set 5,,,,,2026-02-06,,0.00,,true,
PRJ-0194,TSK-003864,Deploy report 7,Completed,Stark GmbH - Phase 1 Implementation,PHS-00694,Discover & Design,,,2026-02-07,2026-02-26,33.40,,,,Validate data model 6,,,,,2026-02-07,2026-02-15,0.00,,false,Program Management
PRJ-0194,TSK-003865,Migrate permission set 8,Completed,Stark GmbH - Phase 1 Implementation,PHS-00694,Discover & Design,Lena Kaya,,2026-02-08,2026-02-26,17.04,,,,Deploy report 7,,,,,2026-02-08,2026-02-10,0.00,,true,Project Setup
PRJ-0194,TSK-003866,Validate data model 9,In progress,Stark GmbH - Phase 1 Implementation,PHS-00694,Discover & Design,,,2026-02-09,2026-03-08,31.30,,,,Migrate permission set 8,,,,,2026-02-09,,0.00,,true,Discovery
PRJ-0194,TSK-003867,Migrate integration 10,Blocked,Stark GmbH - Phase 1 Implementation,PHS-00694,Discover & Design,Priya Diallo,,2026-02-10,2026-02-12,0.00,,,,Validate data model 9,,,,,,,0.00,,true,Program Management
PRJ-0194,TSK-003868,Audit playbook 11,In progress,Stark GmbH - Phase 1 Implementation,PHS-00696,Test,,,2026-02-11,2026-02-17,19.01,,,,Migrate integration 10,,,,,2026-02-11,,0.00,,true,Program Management
PRJ-0194,TSK-003869,Deploy data model 12,Blocked,Stark GmbH - Phase 1 Implementation,PHS-00692,Getting Started,Priya Diallo,,2026-02-12,2026-03-07,3.39,,,,Audit playbook 11,,,,,,,0.00,,true,Project Setup
PRJ-0194,TSK-003870,Review environment 13,To do,Stark GmbH - Phase 1 Implementation,PHS-00692,Getting Started,Priya Diallo,,2026-02-13,2026-02-14,0.00,,,,"Validate report 2, Review template 3, Deploy report 7",,,,,,,0.00,,true,Build and Deployment
PRJ-0194,TSK-003871,Document report 14,NA,Stark GmbH - Phase 1 Implementation,PHS-00696,Test,Lena Kaya,,2026-02-14,2026-03-06,24.51,,,,"Migrate permission set 1, Validate data model 9, Audit playbook 11",,,,,,,0.00,,true,Project Setup
PRJ-0194,TSK-003872,Document data model 15,To do,Stark GmbH - Phase 1 Implementation,PHS-00692,Getting Started,Priya Diallo,,2026-02-15,2026-03-06,21.26,,,,"Migrate permission set 1, Review template 3, Validate data model 6, Deploy report 7, Migrate permission set 8",,,,,,,0.00,,true,Program Management
PRJ-0194,TSK-003873,Configure workflow 16,Completed,Stark GmbH - Phase 1 Implementation,PHS-00695,Configure & Build,Priya Diallo,,2026-02-16,2026-02-21,15.32,,,,,,,,,2026-02-16,2026-02-22,0.00,,true,
PRJ-0194,TSK-003874,Deploy workflow 17,Completed,Stark GmbH - Phase 1 Implementation,PHS-00693,Initiate,Priya Diallo,,2026-02-17,2026-02-21,5.23,,,,,,,,,2026-02-17,2026-03-09,0.00,,true,Test Execution
PRJ-0194,TSK-003875,Validate report 18,Completed,Stark GmbH - Phase 1 Implementation,PHS-00693,Initiate,Priya Diallo,,2026-02-18,2026-03-19,0.00,true,,,,,,,,2026-02-18,2026-02-21,0.00,,true,Program Management
PRJ-0195,TSK-003876,Document playbook 1,Completed,Soylent Inc - Phase 1 Implementation,PHS-00697,Getting Started,Arjun Sato,,2026-06-23,2026-06-27,23.17,,,,,,,,,2026-06-23,2026-07-03,0.00,,true,Program Management
PRJ-0195,TSK-003877,Review permission set 2,Completed,Soylent Inc - Phase 1 Implementation,PHS-00698,Initiate,Lena Kaya,,2026-06-24,2026-07-12,17.06,,,,Document playbook 1,,,,,2026-06-24,2026-07-04,0.00,,false,Test Execution
PRJ-0195,TSK-003878,Validate data model 3,Completed,Soylent Inc - Phase 1 Implementation,PHS-00697,Getting Started,Lena Kaya,,2026-06-25,2026-07-03,4.65,,,,Review permission set 2,,,,,2026-06-25,2026-07-06,0.00,,true,Program Management
PRJ-0195,TSK-003879,Train playbook 4,Completed,Soylent Inc - Phase 1 Implementation,PHS-00697,Getting Started,Arjun Sato,,2026-06-26,2026-06-28,28.91,,,,Validate data model 3,,,,,2026-06-26,2026-07-07,0.00,,true,Build and Deployment
PRJ-0195,TSK-003880,Configure report 5,Completed,Soylent Inc - Phase 1 Implementation,PHS-00698,Initiate,,,2026-06-27,2026-07-15,20.60,,,,Train playbook 4,,,,,2026-06-27,2026-07-09,0.00,,true,
PRJ-0195,TSK-003881,Validate playbook 6,Blocked,Soylent Inc - Phase 1 Implementation,PHS-00698,Initiate,Lena Kaya,,2026-06-28,2026-07-03,0.00,,,,Configure report 5,,,,,,,0.00,,true,Program Management
PRJ-0195,TSK-003882,Migrate environment 7,Completed,Soylent Inc - Phase 1 Implementation,PHS-00698,Initiate,Lena Kaya,,2026-06-29,2026-07-27,9.88,,,,Validate playbook 6,,,,,2026-06-29,2026-07-27,0.00,,true,Project Setup
PRJ-0195,TSK-003883,Deploy report 8,Completed,Soylent Inc - Phase 1 Implementation,PHS-00698,Initiate,Arjun Sato,,2026-06-30,2026-07-12,24.49,,,,Migrate environment 7,,,,,2026-06-30,2026-07-02,0.00,,true,Transition
PRJ-0195,TSK-003884,Validate data model 9,Completed,Soylent Inc - Phase 1 Implementation,PHS-00697,Getting Started,Lena Kaya,,2026-07-01,2026-07-29,5.35,,,,Deploy report 8,,,,,2026-07-01,2026-07-28,0.00,,false,Program Management
PRJ-0195,TSK-003885,Configure data model 10,Completed,Soylent Inc - Phase 1 Implementation,PHS-00697,Getting Started,Lena Kaya,,2026-07-02,2026-07-04,31.04,,,,Validate data model 9,,,,,2026-07-02,2026-07-19,0.00,,false,Build and Deployment
PRJ-0195,TSK-003886,Deploy playbook 11,Completed,Soylent Inc - Phase 1 Implementation,PHS-00698,Initiate,,,2026-07-03,2026-07-05,37.16,,,,Configure data model 10,,,,,2026-07-03,2026-07-08,0.00,,false,Project Setup
PRJ-0195,TSK-003887,Document playbook 12,Completed,Soylent Inc - Phase 1 Implementation,PHS-00699,Discover & Design,Arjun Sato,,2026-07-04,2026-07-26,0.00,,,,Deploy playbook 11,,,,,2026-07-04,2026-07-23,0.00,,true,Program Management
PRJ-0195,TSK-003888,Migrate workflow 13,Completed,Soylent Inc - Phase 1 Implementation,PHS-00699,Discover & Design,,,2026-07-05,2026-08-04,12.85,,,,"Document playbook 1, Validate data model 9, Configure data model 10",,,,,2026-07-05,2026-07-13,0.00,,true,
PRJ-0195,TSK-003889,Deploy workflow 14,Completed,Soylent Inc - Phase 1 Implementation,PHS-00697,Getting Started,Lena Kaya,,2026-07-06,2026-07-19,23.79,,,,Document playbook 1,,,,,2026-07-06,2026-07-14,0.00,,false,Test Execution
PRJ-0195,TSK-003890,Deploy report 15,To do,Soylent Inc - Phase 1 Implementation,PHS-00698,Initiate,Arjun Sato,,2026-07-07,2026-07-17,18.50,,,,"Validate data model 3, Migrate environment 7, Validate data model 9, Deploy workflow 14",,,,,,,0.00,,false,Program Management
PRJ-0195,TSK-003891,Review report 16,To do,Soylent Inc - Phase 1 Implementation,PHS-00697,Getting Started,,,2026-07-08,2026-08-05,12.06,,,,"Document playbook 1, Review permission set 2, Configure report 5, Validate playbook 6, Migrate environment 7",,,,,,,0.00,,false,Build and Deployment
PRJ-0195,TSK-003892,Migrate data model 17,In progress,Soylent Inc - Phase 1 Implementation,PHS-00698,Initiate,,,2026-07-09,2026-07-24,26.43,,,,"Validate data model 3, Configure report 5, Migrate environment 7, Configure data model 10",,,,,2026-07-09,,0.00,,false,Program Management
PRJ-0195,TSK-003893,Audit permission set 18,To do,Soylent Inc - Phase 1 Implementation,PHS-00699,Discover & Design,,,2026-07-10,2026-07-13,0.00,,,,,,,,,,,0.00,,true,
PRJ-0195,TSK-003894,Document playbook 19,To do,Soylent Inc - Phase 1 Implementation,PHS-00697,Getting Started,,,2026-07-11,2026-08-05,3.14,,,,,TSK-003876,Document playbook 1,,,,,0.00,,true,Program Management
PRJ-0195,TSK-003895,Train template 20,To do,Soylent Inc - Phase 1 Implementation,PHS-00697,Getting Started,Arjun Sato,,2026-07-12,2026-07-13,0.00,,,,,,,,,,,0.00,,false,
PRJ-0195,TSK-003896,Train template 21,Completed,Soylent Inc - Phase 1 Implementation,PHS-00698,Initiate,Arjun Sato,,2026-07-13,2026-07-27,1.21,true,,,"Train playbook 4, Migrate environment 7",,,,,2026-07-13,2026-08-09,0.00,,true,
PRJ-0195,TSK-003897,Train workflow 22,To do,Soylent Inc - Phase 1 Implementation,PHS-00699,Discover & Design,,,2026-07-14,2026-08-01,4.86,true,,,"Configure data model 10, Deploy report 15",,,,,,,0.00,,false,Project Setup
PRJ-0196,TSK-003898,Audit data model 1,Completed,Cyberdyne Ltd - Integration Program,PHS-00702,Discover & Design,,,2026-04-11,2026-05-01,32.37,,,,,,,,,2026-04-11,2026-05-06,0.00,,true,Transition
PRJ-0196,TSK-003899,Migrate data model 2,Completed,Cyberdyne Ltd - Integration Program,PHS-00701,Initiate,Tomas Sato,,2026-04-12,2026-04-25,0.00,,,,Audit data model 1,,,,,2026-04-12,2026-04-15,0.00,,true,Test Execution
PRJ-0196,TSK-003900,Validate data model 3,In progress,Cyberdyne Ltd - Integration Program,PHS-00700,Getting Started,,,2026-04-13,2026-05-01,0.00,,,,Migrate data model 2,,,,,2026-04-13,,0.00,,true,Discovery
PRJ-0196,TSK-003901,Review environment 4,To do,Cyberdyne Ltd - Integration Program,PHS-00701,Initiate,Tomas Sato,,2026-04-14,2026-05-06,0.00,,,,Validate data model 3,,,,,,,0.00,,true,Discovery
PRJ-0196,TSK-003902,Review workflow 5,Completed,Cyberdyne Ltd - Integration Program,PHS-00701,Initiate,,,2026-04-15,2026-04-18,7.42,,,,Review environment 4,,,,,2026-04-15,2026-05-02,0.00,,true,Project Setup
PRJ-0196,TSK-003903,Audit playbook 6,To do,Cyberdyne Ltd - Integration Program,PHS-00700,Getting Started,Kwame Novak,,2026-04-16,2026-04-23,0.00,,,,Review workflow 5,,,,,,,0.00,,false,Build and Deployment
PRJ-0196,TSK-003904,Audit playbook 7,Completed,Cyberdyne Ltd - Integration Program,PHS-00702,Discover & Design,,,2026-04-17,2026-05-08,5.71,,,,Audit playbook 6,,,,,2026-04-17,2026-05-06,0.00,,true,Transition
PRJ-0196,TSK-003905,Migrate data model 8,Completed,Cyberdyne Ltd - Integration Program,PHS-00701,Initiate,Tomas Sato,,2026-04-18,2026-05-18,0.00,,,,Audit playbook 7,,,,,2026-04-18,2026-05-13,0.00,,false,Transition
PRJ-0196,TSK-003906,Audit report 9,Completed,Cyberdyne Ltd - Integration Program,PHS-00703,Configure & Build,,,2026-04-19,2026-05-06,38.05,,,,Migrate data model 8,,,,,2026-04-19,2026-04-29,0.00,,true,Program Management
PRJ-0196,TSK-003907,Configure report 10,To do,Cyberdyne Ltd - Integration Program,PHS-00701,Initiate,Kwame Novak,,2026-04-20,2026-05-16,12.47,,,,Audit report 9,,,,,,,0.00,,true,Discovery
PRJ-0196,TSK-003908,Migrate data model 11,Blocked,Cyberdyne Ltd - Integration Program,PHS-00700,Getting Started,Lena Kaya,,2026-04-21,2026-05-16,1.69,,,,Configure report 10,,,,,,,0.00,,false,Transition
PRJ-0196,TSK-003909,Validate integration 12,NA,Cyberdyne Ltd - Integration Program,PHS-00701,Initiate,,,2026-04-22,2026-04-27,21.76,,,,Migrate data model 11,,,,,,,0.00,,true,Program Management
PRJ-0196,TSK-003910,Review environment 13,Blocked,Cyberdyne Ltd - Integration Program,PHS-00703,Configure & Build,Tomas Sato,,2026-04-23,2026-05-01,9.48,,,,,,,,,,,0.00,,true,Program Management
PRJ-0196,TSK-003911,Review data model 14,In progress,Cyberdyne Ltd - Integration Program,PHS-00700,Getting Started,Lena Kaya,,2026-04-24,2026-05-05,5.22,,,,"Validate data model 3, Review workflow 5, Audit playbook 7, Migrate data model 8, Configure report 10, Review environment 13",,,,,2026-04-24,,0.00,,true,Transition
PRJ-0196,TSK-003912,Validate integration 15,Completed,Cyberdyne Ltd - Integration Program,PHS-00700,Getting Started,Lena Kaya,,2026-04-25,2026-04-26,0.00,,,,"Review environment 4, Audit playbook 6, Migrate data model 11",,,,,2026-04-25,2026-05-02,0.00,,true,Transition
PRJ-0196,TSK-003913,Deploy report 16,To do,Cyberdyne Ltd - Integration Program,PHS-00700,Getting Started,Marco Diallo,,2026-04-26,2026-04-29,0.00,,,,"Audit data model 1, Migrate data model 2, Migrate data model 11",,,,,,,0.00,,true,Build and Deployment
PRJ-0196,TSK-003914,Document environment 17,Completed,Cyberdyne Ltd - Integration Program,PHS-00700,Getting Started,Kwame Novak,,2026-04-27,2026-05-16,21.44,,,,,TSK-003903,Audit playbook 6,,,2026-04-27,2026-04-28,0.00,,true,Test Execution
PRJ-0196,TSK-003915,Train workflow 18,To do,Cyberdyne Ltd - Integration Program,PHS-00702,Discover & Design,Tomas Sato,,2026-04-28,2026-05-24,3.66,,,,,,,,,,,0.00,,false,Transition
PRJ-0196,TSK-003916,Audit playbook 19,NA,Cyberdyne Ltd - Integration Program,PHS-00703,Configure & Build,Marco Diallo,,2026-04-29,2026-05-02,0.00,true,,,"Review environment 4, Review workflow 5, Document environment 17",,,,,,,0.00,,true,Build and Deployment
PRJ-0197,TSK-003917,Deploy integration 1,Completed,Northwind Group - Enterprise Rollout,PHS-00706,Discover & Design,Elena Diallo,,2026-02-20,2026-02-26,7.14,,,,,,,,,2026-02-20,2026-03-07,0.00,,true,Project Setup
PRJ-0197,TSK-003918,Document template 2,Completed,Northwind Group - Enterprise Rollout,PHS-00706,Discover & Design,,,2026-02-21,2026-03-04,30.48,,,,Deploy integration 1,,,,,2026-02-21,2026-02-28,0.00,,true,Program Management
PRJ-0197,TSK-003919,Validate integration 3,Completed,Northwind Group - Enterprise Rollout,PHS-00704,Getting Started,,,2026-02-22,2026-03-16,0.00,,,,Document template 2,,,,,2026-02-22,2026-03-03,0.00,,true,Program Management
PRJ-0197,TSK-003920,Deploy data model 4,Completed,Northwind Group - Enterprise Rollout,PHS-00706,Discover & Design,,,2026-02-23,2026-02-25,0.00,,,,Validate integration 3,,,,,2026-02-23,2026-03-19,0.00,,false,Discovery
PRJ-0197,TSK-003921,Validate playbook 5,Completed,Northwind Group - Enterprise Rollout,PHS-00705,Initiate,Elena Diallo,,2026-02-24,2026-03-21,0.00,,,,Deploy data model 4,,,,,2026-02-24,2026-02-26,0.00,,true,Build and Deployment
PRJ-0197,TSK-003922,Train permission set 6,Completed,Northwind Group - Enterprise Rollout,PHS-00706,Discover & Design,Elena Sato,,2026-02-25,2026-03-12,0.00,,,,Validate playbook 5,,,,,2026-02-25,2026-03-15,0.00,,true,
PRJ-0197,TSK-003923,Document template 7,Completed,Northwind Group - Enterprise Rollout,PHS-00704,Getting Started,,,2026-02-26,2026-03-25,8.38,,,,Train permission set 6,,,,,2026-02-26,2026-03-05,0.00,,true,Test Execution
PRJ-0197,TSK-003924,Review template 8,Completed,Northwind Group - Enterprise Rollout,PHS-00705,Initiate,Elena Diallo,,2026-02-27,2026-03-08,32.91,,,,Document template 7,,,,,2026-02-27,2026-03-19,0.00,,true,Transition
PRJ-0197,TSK-003925,Train workflow 9,Completed,Northwind Group - Enterprise Rollout,PHS-00705,Initiate,Elena Diallo,,2026-02-28,2026-03-04,29.25,,,,Review template 8,,,,,2026-02-28,2026-03-19,0.00,,true,
PRJ-0197,TSK-003926,Audit environment 10,Completed,Northwind Group - Enterprise Rollout,PHS-00705,Initiate,,,2026-03-01,2026-03-26,36.20,,,,Train workflow 9,,,,,2026-03-01,2026-03-23,0.00,,true,Transition
PRJ-0197,TSK-003927,Deploy report 11,Completed,Northwind Group - Enterprise Rollout,PHS-00705,Initiate,Elena Sato,,2026-03-02,2026-03-21,22.19,,,,Audit environment 10,,,,,2026-03-02,2026-03-26,0.00,,true,Test Execution
PRJ-0197,TSK-003928,Deploy workflow 12,Completed,Northwind Group - Enterprise Rollout,PHS-00704,Getting Started,Elena Diallo,,2026-03-03,2026-04-02,37.43,,,,Deploy report 11,,,,,2026-03-03,2026-03-07,0.00,,true,Test Execution
PRJ-0197,TSK-003929,Review playbook 13,Completed,Northwind Group - Enterprise Rollout,PHS-00706,Discover & Design,,,2026-03-04,2026-03-13,0.00,,,,"Document template 2, Deploy data model 4",,,,,2026-03-04,2026-03-07,0.00,,true,Transition
PRJ-0197,TSK-003930,Document environment 14,Completed,Northwind Group - Enterprise Rollout,PHS-00704,Getting Started,,,2026-03-05,2026-03-20,1.60,,,,Review template 8,,,,,2026-03-05,2026-03-19,0.00,,true,Transition
PRJ-0197,TSK-003931,Review workflow 15,Completed,Northwind Group - Enterprise Rollout,PHS-00706,Discover & Design,,,2026-03-06,2026-03-08,26.10,,,,Review playbook 13,,,,,2026-03-06,2026-03-24,0.00,,true,Test Execution
PRJ-0197,TSK-003932,Deploy environment 16,Completed,Northwind Group - Enterprise Rollout,PHS-00704,Getting Started,Elena Diallo,,2026-03-07,2026-03-20,38.12,,,,"Deploy integration 1, Validate integration 3, Train permission set 6, Review playbook 13, Review workflow 15",,,,,2026-03-07,2026-04-04,0.00,,true,
PRJ-0197,TSK-003933,Document report 17,Completed,Northwind Group - Enterprise Rollout,PHS-00705,Initiate,Elena Diallo,,2026-03-08,2026-03-25,8.87,,,,"Deploy integration 1, Validate integration 3, Deploy data model 4",,,,,2026-03-08,2026-03-20,0.00,,true,
PRJ-0197,TSK-003934,Migrate playbook 18,Completed,Northwind Group - Enterprise Rollout,PHS-00705,Initiate,,,2026-03-09,2026-03-21,11.45,,,,,,,,,2026-03-09,2026-04-03,0.00,,false,
PRJ-0197,TSK-003935,Audit integration 19,Completed,Northwind Group - Enterprise Rollout,PHS-00706,Discover & Design,Elena Diallo,,2026-03-10,2026-04-06,27.76,,,,,TSK-003920,Deploy data model 4,,,2026-03-10,2026-04-01,0.00,,false,Program Management
PRJ-0197,TSK-003936,Audit integration 20,Completed,Northwind Group - Enterprise Rollout,PHS-00704,Getting Started,Elena Diallo,,2026-03-11,2026-04-08,0.00,,,,"Document template 2, Train workflow 9, Deploy report 11, Review playbook 13, Migrate playbook 18",,,,,2026-03-11,2026-03-27,0.00,,true,
PRJ-0197,TSK-003937,Document report 21,Completed,Northwind Group - Enterprise Rollout,PHS-00705,Initiate,Elena Sato,,2026-03-12,2026-03-13,29.21,,,,,,,,,2026-03-12,2026-03-17,0.00,,true,
PRJ-0197,TSK-003938,Review template 22,Completed,Northwind Group - Enterprise Rollout,PHS-00706,Discover & Design,,,2026-03-13,2026-04-11,0.00,,,,"Deploy integration 1, Document template 2, Train permission set 6, Document template 7, Train workflow 9, Deploy environment 16",,,,,2026-03-13,2026-03-17,0.00,,false,Test Execution
PRJ-0197,TSK-003939,Configure permission set 23,Completed,Northwind Group - Enterprise Rollout,PHS-00704,Getting Started,Elena Sato,,2026-03-14,2026-03-18,27.67,true,,,"Deploy data model 4, Train permission set 6, Train workflow 9, Review playbook 13, Document report 17",,,,,2026-03-14,2026-03-20,0.00,,true,
PRJ-0197,TSK-003940,Configure permission set 24,Completed,Northwind Group - Enterprise Rollout,PHS-00706,Discover & Design,Elena Sato,,2026-03-15,2026-04-02,10.08,true,,,,,,,,2026-03-15,2026-04-04,0.00,,true,Transition
PRJ-0198,TSK-003941,Audit environment 1,Completed,Soylent Group - CLM Implementation,PHS-00707,Getting Started,Hana Kaya,,2026-05-02,2026-05-23,7.52,,,,,,,,,2026-05-02,2026-05-14,0.00,,true,Test Execution
PRJ-0198,TSK-003942,Configure playbook 2,Completed,Soylent Group - CLM Implementation,PHS-00707,Getting Started,,,2026-05-03,2026-05-25,23.09,,,,Audit environment 1,,,,,2026-05-03,2026-05-21,0.00,,true,Build and Deployment
PRJ-0198,TSK-003943,Configure environment 3,Completed,Soylent Group - CLM Implementation,PHS-00707,Getting Started,Noah Novak,,2026-05-04,2026-05-19,15.08,,,,Configure playbook 2,,,,,2026-05-04,2026-05-28,0.00,,true,Discovery
PRJ-0198,TSK-003944,Review workflow 4,Completed,Soylent Group - CLM Implementation,PHS-00708,Initiate,Lena Rossi,,2026-05-05,2026-05-14,17.36,,,,Configure environment 3,,,,,2026-05-05,2026-05-23,0.00,,false,Discovery
PRJ-0198,TSK-003945,Configure report 5,Completed,Soylent Group - CLM Implementation,PHS-00707,Getting Started,Lena Rossi,,2026-05-06,2026-05-17,29.03,,,,Review workflow 4,,,,,2026-05-06,2026-05-22,0.00,,true,Test Execution
PRJ-0198,TSK-003946,Review report 6,Completed,Soylent Group - CLM Implementation,PHS-00707,Getting Started,,,2026-05-07,2026-05-17,10.85,,,,Configure report 5,,,,,2026-05-07,2026-05-15,0.00,,true,Program Management
PRJ-0198,TSK-003947,Train playbook 7,Completed,Soylent Group - CLM Implementation,PHS-00708,Initiate,Amara Berg,,2026-05-08,2026-05-15,33.08,,,,Review report 6,,,,,2026-05-08,2026-05-09,0.00,,true,
PRJ-0198,TSK-003948,Audit workflow 8,Completed,Soylent Group - CLM Implementation,PHS-00708,Initiate,Amara Berg,,2026-05-09,2026-05-16,25.98,,,,Train playbook 7,,,,,2026-05-09,2026-05-14,0.00,,true,Program Management
PRJ-0198,TSK-003949,Review environment 9,Completed,Soylent Group - CLM Implementation,PHS-00707,Getting Started,Lena Rossi,,2026-05-10,2026-05-28,0.00,,,,Audit workflow 8,,,,,2026-05-10,2026-05-23,0.00,,false,Test Execution
PRJ-0198,TSK-003950,Migrate workflow 10,Completed,Soylent Group - CLM Implementation,PHS-00708,Initiate,Amara Berg,,2026-05-11,2026-05-25,0.00,,,,Review environment 9,,,,,2026-05-11,2026-05-14,0.00,,true,
PRJ-0198,TSK-003951,Train playbook 11,Completed,Soylent Group - CLM Implementation,PHS-00708,Initiate,,,2026-05-12,2026-05-25,39.65,,,,Migrate workflow 10,,,,,2026-05-12,2026-06-03,0.00,,true,Transition
PRJ-0198,TSK-003952,Train report 12,Completed,Soylent Group - CLM Implementation,PHS-00707,Getting Started,Amara Berg,,2026-05-13,2026-06-05,34.67,,,,Train playbook 11,,,,,2026-05-13,2026-05-26,0.00,,true,Program Management
PRJ-0198,TSK-003953,Train workflow 13,Completed,Soylent Group - CLM Implementation,PHS-00707,Getting Started,Tomas Novak,,2026-05-14,2026-06-08,10.75,,,,"Configure playbook 2, Train playbook 11",,,,,2026-05-14,2026-06-13,0.00,,false,
PRJ-0198,TSK-003954,Audit environment 14,Completed,Soylent Group - CLM Implementation,PHS-00708,Initiate,Noah Novak,,2026-05-15,2026-05-26,3.76,,,,"Audit environment 1, Configure environment 3, Train playbook 11",,,,,2026-05-15,2026-05-17,0.00,,true,Build and Deployment
PRJ-0198,TSK-003955,Migrate environment 15,Completed,Soylent Group - CLM Implementation,PHS-00708,Initiate,,,2026-05-16,2026-05-25,0.00,,,,Configure report 5,,,,,2026-05-16,2026-06-13,0.00,,true,Program Management
PRJ-0198,TSK-003956,Audit report 16,Completed,Soylent Group - CLM Implementation,PHS-00707,Getting Started,Amara Berg,,2026-05-17,2026-06-12,8.84,,,,"Configure environment 3, Review workflow 4, Audit workflow 8, Review environment 9",,,,,2026-05-17,2026-06-06,0.00,,true,Transition
PRJ-0198,TSK-003957,Document workflow 17,Completed,Soylent Group - CLM Implementation,PHS-00708,Initiate,,,2026-05-18,2026-05-23,37.81,,,,"Audit environment 1, Configure environment 3, Configure report 5, Train playbook 7",,,,,2026-05-18,2026-06-07,0.00,,true,Transition
PRJ-0198,TSK-003958,Train environment 18,Completed,Soylent Group - CLM Implementation,PHS-00708,Initiate,Lena Rossi,,2026-05-19,2026-06-04,33.21,,,,"Review workflow 4, Review report 6, Audit workflow 8",,,,,2026-05-19,2026-06-12,0.00,,true,Project Setup
PRJ-0198,TSK-003959,Validate environment 19,Completed,Soylent Group - CLM Implementation,PHS-00708,Initiate,Tomas Novak,,2026-05-20,2026-05-31,0.00,,,,,,,,,2026-05-20,2026-06-01,0.00,,true,Discovery
PRJ-0198,TSK-003960,Audit integration 20,Completed,Soylent Group - CLM Implementation,PHS-00708,Initiate,Tomas Novak,,2026-05-21,2026-06-19,29.60,,,,"Audit environment 1, Configure playbook 2, Configure report 5, Train environment 18, Validate environment 19",,,,,2026-05-21,2026-06-17,0.00,,true,Transition
PRJ-0198,TSK-003961,Document workflow 21,Completed,Soylent Group - CLM Implementation,PHS-00708,Initiate,Noah Novak,,2026-05-22,2026-06-10,21.78,true,,,,,,,,2026-05-22,2026-05-24,0.00,,true,Test Execution
PRJ-0198,TSK-003962,Configure environment 22,Completed,Soylent Group - CLM Implementation,PHS-00707,Getting Started,,,2026-05-23,2026-06-10,37.05,true,,,"Configure environment 3, Train playbook 7, Audit workflow 8, Train playbook 11",,,,,2026-05-23,2026-06-18,0.00,,true,
PRJ-0199,TSK-003963,Review workflow 1,Completed,Northwind Inc - Integration Program,PHS-00712,Configure & Build,,,2026-07-21,2026-07-30,31.96,,,,,,,,,2026-07-21,2026-08-12,0.00,,true,Build and Deployment
PRJ-0199,TSK-003964,Migrate report 2,Completed,Northwind Inc - Integration Program,PHS-00710,Initiate,,,2026-07-22,2026-08-03,22.09,,,,Review workflow 1,,,,,2026-07-22,2026-07-31,0.00,,true,Discovery
PRJ-0199,TSK-003965,Validate permission set 3,In progress,Northwind Inc - Integration Program,PHS-00709,Getting Started,Mei Kaya,,2026-07-23,2026-08-01,0.00,,,,Migrate report 2,,,,,2026-07-23,,0.00,,true,Test Execution
PRJ-0199,TSK-003966,Configure playbook 4,Completed,Northwind Inc - Integration Program,PHS-00712,Configure & Build,Mei Kaya,,2026-07-24,2026-08-11,37.03,,,,Validate permission set 3,,,,,2026-07-24,2026-08-18,0.00,,false,Program Management
PRJ-0199,TSK-003967,Migrate template 5,Completed,Northwind Inc - Integration Program,PHS-00711,Discover & Design,Sofia Berg,,2026-07-25,2026-08-10,12.46,,,,Configure playbook 4,,,,,2026-07-25,2026-08-08,0.00,,true,Test Execution
PRJ-0199,TSK-003968,Deploy integration 6,Completed,Northwind Inc - Integration Program,PHS-00712,Configure & Build,,,2026-07-26,2026-08-07,32.17,,,,Migrate template 5,,,,,2026-07-26,2026-08-14,0.00,,true,
PRJ-0199,TSK-003969,Train environment 7,Completed,Northwind Inc - Integration Program,PHS-00712,Configure & Build,,,2026-07-27,2026-08-18,15.30,,,,Deploy integration 6,,,,,2026-07-27,2026-08-05,0.00,,true,Transition
PRJ-0199,TSK-003970,Configure template 8,Blocked,Northwind Inc - Integration Program,PHS-00711,Discover & Design,,,2026-07-28,2026-08-18,0.00,,,,Train environment 7,,,,,,,0.00,,false,Build and Deployment
PRJ-0199,TSK-003971,Document permission set 9,Completed,Northwind Inc - Integration Program,PHS-00712,Configure & Build,,,2026-07-29,2026-08-23,7.22,,,,Configure template 8,,,,,2026-07-29,2026-08-26,0.00,,true,Discovery
PRJ-0199,TSK-003972,Configure environment 10,Completed,Northwind Inc - Integration Program,PHS-00712,Configure & Build,,,2026-07-30,2026-08-08,0.00,,,,Document permission set 9,,,,,2026-07-30,2026-08-16,0.00,,true,Build and Deployment
PRJ-0199,TSK-003973,Configure report 11,To do,Northwind Inc - Integration Program,PHS-00712,Configure & Build,,,2026-07-31,2026-08-28,13.47,,,,Configure environment 10,,,,,,,0.00,,false,Test Execution
PRJ-0199,TSK-003974,Review integration 12,Completed,Northwind Inc - Integration Program,PHS-00710,Initiate,Mei Kaya,,2026-08-01,2026-08-20,2.49,,,,Configure report 11,,,,,2026-08-01,2026-08-04,0.00,,true,Project Setup
PRJ-0199,TSK-003975,Migrate template 13,Completed,Northwind Inc - Integration Program,PHS-00711,Discover & Design,Arjun Sato,,2026-08-02,2026-08-24,23.69,,,,"Deploy integration 6, Train environment 7, Document permission set 9, Configure report 11",,,,,2026-08-02,2026-08-28,0.00,,true,Project Setup
PRJ-0199,TSK-003976,Validate report 14,Completed,Northwind Inc - Integration Program,PHS-00710,Initiate,,,2026-08-03,2026-08-27,0.00,,,,"Review workflow 1, Configure template 8, Document permission set 9, Configure environment 10, Configure report 11",,,,,2026-08-03,2026-09-02,0.00,,false,Transition
PRJ-0199,TSK-003977,Configure data model 15,In progress,Northwind Inc - Integration Program,PHS-00711,Discover & Design,,,2026-08-04,2026-08-24,8.45,,,,"Review workflow 1, Migrate report 2, Validate permission set 3, Deploy integration 6, Train environment 7",,,,,2026-08-04,,0.00,,true,
PRJ-0199,TSK-003978,Review environment 16,To do,Northwind Inc - Integration Program,PHS-00711,Discover & Design,Sofia Berg,,2026-08-05,2026-08-08,29.00,,,,"Deploy integration 6, Configure report 11",,,,,,,0.00,,true,Build and Deployment
PRJ-0199,TSK-003979,Configure playbook 17,In progress,Northwind Inc - Integration Program,PHS-00711,Discover & Design,Mei Kaya,,2026-08-06,2026-08-20,0.00,,,,"Train environment 7, Configure template 8, Configure environment 10",,,,,2026-08-06,,0.00,,true,Build and Deployment
PRJ-0199,TSK-003980,Configure workflow 18,In progress,Northwind Inc - Integration Program,PHS-00710,Initiate,Sofia Berg,,2026-08-07,2026-08-12,0.00,,,,"Review workflow 1, Configure playbook 4",,,,,2026-08-07,,0.00,,true,Program Management
PRJ-0199,TSK-003981,Configure environment 19,Completed,Northwind Inc - Integration Program,PHS-00709,Getting Started,Sofia Berg,,2026-08-08,2026-08-31,38.88,,,,,,,,,2026-08-08,2026-09-03,0.00,,false,Transition
PRJ-0199,TSK-003982,Deploy report 20,In progress,Northwind Inc - Integration Program,PHS-00711,Discover & Design,,,2026-08-09,2026-09-05,29.78,true,,,,,,,,2026-08-09,,0.00,,true,Transition
PRJ-0199,TSK-003983,Migrate data model 21,To do,Northwind Inc - Integration Program,PHS-00710,Initiate,,,2026-08-10,2026-08-15,13.80,true,,,"Review workflow 1, Validate permission set 3, Deploy integration 6, Configure environment 10, Configure environment 19, Deploy report 20",,,,,,,0.00,,true,Discovery
PRJ-0200,TSK-003984,Review permission set 1,Completed,Tyrell Ltd - CLM Implementation,PHS-00714,Initiate,Priya Diallo,,2026-02-25,2026-03-19,26.38,,,,,,,,,2026-02-25,2026-03-17,0.00,,true,Discovery
PRJ-0200,TSK-003985,Train template 2,Completed,Tyrell Ltd - CLM Implementation,PHS-00713,Getting Started,,,2026-02-26,2026-03-04,4.79,,,,Review permission set 1,,,,,2026-02-26,2026-03-20,0.00,,false,Transition
PRJ-0200,TSK-003986,Review workflow 3,Blocked,Tyrell Ltd - CLM Implementation,PHS-00714,Initiate,Mei Sato,,2026-02-27,2026-03-26,0.00,,,,Train template 2,,,,,,,0.00,,true,Discovery
PRJ-0200,TSK-003987,Audit integration 4,Completed,Tyrell Ltd - CLM Implementation,PHS-00713,Getting Started,Mei Sato,,2026-02-28,2026-03-29,35.55,,,,Review workflow 3,,,,,2026-02-28,2026-03-04,0.00,,true,Transition
PRJ-0200,TSK-003988,Configure data model 5,NA,Tyrell Ltd - CLM Implementation,PHS-00714,Initiate,Priya Diallo,,2026-03-01,2026-03-15,0.00,,,,Audit integration 4,,,,,,,0.00,,false,Program Management
PRJ-0200,TSK-003989,Document playbook 6,To do,Tyrell Ltd - CLM Implementation,PHS-00714,Initiate,Priya Diallo,,2026-03-02,2026-04-01,15.59,,,,Configure data model 5,,,,,,,0.00,,true,Program Management
PRJ-0200,TSK-003990,Deploy environment 7,NA,Tyrell Ltd - CLM Implementation,PHS-00714,Initiate,,,2026-03-03,2026-04-02,31.05,,,,Document playbook 6,,,,,,,0.00,,true,Discovery
PRJ-0200,TSK-003991,Document template 8,Completed,Tyrell Ltd - CLM Implementation,PHS-00714,Initiate,,,2026-03-04,2026-03-06,28.47,,,,Deploy environment 7,,,,,2026-03-04,2026-03-25,0.00,,true,Project Setup
PRJ-0200,TSK-003992,Document workflow 9,To do,Tyrell Ltd - CLM Implementation,PHS-00713,Getting Started,Priya Diallo,,2026-03-05,2026-03-26,0.00,,,,Document template 8,,,,,,,0.00,,true,Build and Deployment
PRJ-0200,TSK-003993,Document workflow 10,Completed,Tyrell Ltd - CLM Implementation,PHS-00714,Initiate,Priya Diallo,,2026-03-06,2026-04-04,7.91,,,,Document workflow 9,,,,,2026-03-06,2026-04-05,0.00,,true,Test Execution
PRJ-0200,TSK-003994,Review integration 11,To do,Tyrell Ltd - CLM Implementation,PHS-00714,Initiate,,,2026-03-07,2026-03-14,19.80,,,,Document workflow 10,,,,,,,0.00,,true,Project Setup
PRJ-0200,TSK-003995,Audit environment 12,Completed,Tyrell Ltd - CLM Implementation,PHS-00713,Getting Started,Mei Sato,,2026-03-08,2026-03-21,0.00,,,,Review integration 11,,,,,2026-03-08,2026-03-15,0.00,,true,Program Management
PRJ-0200,TSK-003996,Migrate integration 13,To do,Tyrell Ltd - CLM Implementation,PHS-00714,Initiate,Mei Sato,,2026-03-09,2026-03-14,38.29,,,,"Document playbook 6, Deploy environment 7, Document template 8",,,,,,,0.00,,true,Build and Deployment
PRJ-0200,TSK-003997,Train permission set 14,Completed,Tyrell Ltd - CLM Implementation,PHS-00714,Initiate,,,2026-03-10,2026-03-19,5.00,,,,,,,,,2026-03-10,2026-03-31,0.00,,false,Project Setup
PRJ-0200,TSK-003998,Document workflow 15,To do,Tyrell Ltd - CLM Implementation,PHS-00714,Initiate,Mei Sato,,2026-03-11,2026-04-07,0.00,,,,,,,,,,,0.00,,true,Transition
PRJ-0200,TSK-003999,Migrate report 16,Completed,Tyrell Ltd - CLM Implementation,PHS-00714,Initiate,Mei Sato,,2026-03-12,2026-04-08,29.63,,,,"Review permission set 1, Document workflow 9, Document workflow 10",,,,,2026-03-12,2026-03-14,0.00,,true,
PRJ-0200,TSK-004000,Configure workflow 17,In progress,Tyrell Ltd - CLM Implementation,PHS-00713,Getting Started,Mei Sato,,2026-03-13,2026-03-20,18.52,true,,,"Configure data model 5, Document workflow 10",,,,,2026-03-13,,0.00,,false,Build and Deployment
